5                  pim_activate           7   0   0   0   0x199d      0x0
19                 gh_read                7   0   0   0   0x199d      0x0
21                 gh_read                7   0   0   0   0x199d      0x1
23                 gh_read                7   0   0   0   0x199d      0x2
25                 gh_read                7   0   0   0   0x199d      0x3
27                 gh_read                7   0   0   0   0x199d      0x4
29                 gh_read                7   0   0   0   0x199d      0x5
31                 gh_read                7   0   0   0   0x199d      0x6
33                 gh_read                7   0   0   0   0x199d      0x7
35                 gh_read                7   0   0   0   0x199d      0x8
37                 gh_read                7   0   0   0   0x199d      0x9
39                 gh_read                7   0   0   0   0x199d      0xa
41                 gh_read                7   0   0   0   0x199d      0xb
43                 gh_read                7   0   0   0   0x199d      0xc
45                 gh_read                7   0   0   0   0x199d      0xd
47                 gh_read                7   0   0   0   0x199d      0xe
49                 gh_read                7   0   0   0   0x199d      0xf
51                 gh_read                7   0   0   0   0x199d     0x10
53                 gh_read                7   0   0   0   0x199d     0x11
55                 gh_read                7   0   0   0   0x199d     0x12
57                 gh_read                7   0   0   0   0x199d     0x13
59                 gh_read                7   0   0   0   0x199d     0x14
61                 gh_read                7   0   0   0   0x199d     0x15
63                 gh_read                7   0   0   0   0x199d     0x16
65                 gh_read                7   0   0   0   0x199d     0x17
67                 gh_read                7   0   0   0   0x199d     0x18
69                 gh_read                7   0   0   0   0x199d     0x19
71                 gh_read                7   0   0   0   0x199d     0x1a
73                 gh_read                7   0   0   0   0x199d     0x1b
75                 gh_read                7   0   0   0   0x199d     0x1c
77                 gh_read                7   0   0   0   0x199d     0x1d
79                 gh_read                7   0   0   0   0x199d     0x1e
81                 gh_read                7   0   0   0   0x199d     0x1f
83                 gh_read                7   0   0   0   0x199d     0x20
85                 gh_read                7   0   0   0   0x199d     0x21
87                 gh_read                7   0   0   0   0x199d     0x22
89                 gh_read                7   0   0   0   0x199d     0x23
91                 gh_read                7   0   0   0   0x199d     0x24
93                 gh_read                7   0   0   0   0x199d     0x25
95                 gh_read                7   0   0   0   0x199d     0x26
97                 gh_read                7   0   0   0   0x199d     0x27
99                 gh_read                7   0   0   0   0x199d     0x28
101                gh_read                7   0   0   0   0x199d     0x29
103                gh_read                7   0   0   0   0x199d     0x2a
105                gh_read                7   0   0   0   0x199d     0x2b
107                gh_read                7   0   0   0   0x199d     0x2c
109                gh_read                7   0   0   0   0x199d     0x2d
111                gh_read                7   0   0   0   0x199d     0x2e
113                gh_read                7   0   0   0   0x199d     0x2f
115                gh_read                7   0   0   0   0x199d     0x30
117                gh_read                7   0   0   0   0x199d     0x31
119                gh_read                7   0   0   0   0x199d     0x32
121                gh_read                7   0   0   0   0x199d     0x33
123                gh_read                7   0   0   0   0x199d     0x34
125                gh_read                7   0   0   0   0x199d     0x35
127                gh_read                7   0   0   0   0x199d     0x36
129                gh_read                7   0   0   0   0x199d     0x37
131                gh_read                7   0   0   0   0x199d     0x38
133                gh_read                7   0   0   0   0x199d     0x39
135                gh_read                7   0   0   0   0x199d     0x3a
137                gh_read                7   0   0   0   0x199d     0x3b
139                gh_read                7   0   0   0   0x199d     0x3c
141                gh_read                7   0   0   0   0x199d     0x3d
143                gh_read                7   0   0   0   0x199d     0x3e
145                gh_read_p              7   0   0   0   0x199d     0x3f
164                pim_activate           7   0   0   0      0x0      0x0
164                pim_activate           7   0   0   1      0x0      0x0
164                pim_activate           7   0   0   2      0x0      0x0
164                pim_activate           7   0   0   3      0x0      0x0
194                pim_activate           7   0   1   0      0x0      0x0
194                pim_activate           7   0   1   1      0x0      0x0
194                pim_activate           7   0   1   2      0x0      0x0
194                pim_activate           7   0   1   3      0x0      0x0
224                pim_activate           7   0   2   0      0x0      0x0
224                pim_activate           7   0   2   1      0x0      0x0
224                pim_activate           7   0   2   2      0x0      0x0
224                pim_activate           7   0   2   3      0x0      0x0
254                pim_activate           7   0   3   0      0x0      0x0
254                pim_activate           7   0   3   1      0x0      0x0
254                pim_activate           7   0   3   2      0x0      0x0
254                pim_activate           7   0   3   3      0x0      0x0
268                lh_read                7   0   0   0      0x0      0x0
268                lh_read                7   0   0   1      0x0      0x0
268                lh_read                7   0   0   2      0x0      0x0
268                lh_read                7   0   0   3      0x0      0x0
268                lh_read                7   0   1   0      0x0      0x0
268                lh_read                7   0   1   1      0x0      0x0
268                lh_read                7   0   1   2      0x0      0x0
268                lh_read                7   0   1   3      0x0      0x0
268                lh_read                7   0   2   0      0x0      0x0
268                lh_read                7   0   2   1      0x0      0x0
268                lh_read                7   0   2   2      0x0      0x0
268                lh_read                7   0   2   3      0x0      0x0
268                lh_read                7   0   3   0      0x0      0x0
268                lh_read                7   0   3   1      0x0      0x0
268                lh_read                7   0   3   2      0x0      0x0
268                lh_read                7   0   3   3      0x0      0x0
270                lh_read                7   0   0   0      0x0      0x1
270                lh_read                7   0   0   1      0x0      0x1
270                lh_read                7   0   0   2      0x0      0x1
270                lh_read                7   0   0   3      0x0      0x1
270                lh_read                7   0   1   0      0x0      0x1
270                lh_read                7   0   1   1      0x0      0x1
270                lh_read                7   0   1   2      0x0      0x1
270                lh_read                7   0   1   3      0x0      0x1
270                lh_read                7   0   2   0      0x0      0x1
270                lh_read                7   0   2   1      0x0      0x1
270                lh_read                7   0   2   2      0x0      0x1
270                lh_read                7   0   2   3      0x0      0x1
270                lh_read                7   0   3   0      0x0      0x1
270                lh_read                7   0   3   1      0x0      0x1
270                lh_read                7   0   3   2      0x0      0x1
270                lh_read                7   0   3   3      0x0      0x1
272                lh_read                7   0   0   0      0x0      0x2
272                lh_read                7   0   0   1      0x0      0x2
272                lh_read                7   0   0   2      0x0      0x2
272                lh_read                7   0   0   3      0x0      0x2
272                lh_read                7   0   1   0      0x0      0x2
272                lh_read                7   0   1   1      0x0      0x2
272                lh_read                7   0   1   2      0x0      0x2
272                lh_read                7   0   1   3      0x0      0x2
272                lh_read                7   0   2   0      0x0      0x2
272                lh_read                7   0   2   1      0x0      0x2
272                lh_read                7   0   2   2      0x0      0x2
272                lh_read                7   0   2   3      0x0      0x2
272                lh_read                7   0   3   0      0x0      0x2
272                lh_read                7   0   3   1      0x0      0x2
272                lh_read                7   0   3   2      0x0      0x2
272                lh_read                7   0   3   3      0x0      0x2
274                lh_read                7   0   0   0      0x0      0x3
274                lh_read                7   0   0   1      0x0      0x3
274                lh_read                7   0   0   2      0x0      0x3
274                lh_read                7   0   0   3      0x0      0x3
274                lh_read                7   0   1   0      0x0      0x3
274                lh_read                7   0   1   1      0x0      0x3
274                lh_read                7   0   1   2      0x0      0x3
274                lh_read                7   0   1   3      0x0      0x3
274                lh_read                7   0   2   0      0x0      0x3
274                lh_read                7   0   2   1      0x0      0x3
274                lh_read                7   0   2   2      0x0      0x3
274                lh_read                7   0   2   3      0x0      0x3
274                lh_read                7   0   3   0      0x0      0x3
274                lh_read                7   0   3   1      0x0      0x3
274                lh_read                7   0   3   2      0x0      0x3
274                lh_read                7   0   3   3      0x0      0x3
276                lh_read                7   0   0   0      0x0      0x4
276                lh_read                7   0   0   1      0x0      0x4
276                lh_read                7   0   0   2      0x0      0x4
276                lh_read                7   0   0   3      0x0      0x4
276                lh_read                7   0   1   0      0x0      0x4
276                lh_read                7   0   1   1      0x0      0x4
276                lh_read                7   0   1   2      0x0      0x4
276                lh_read                7   0   1   3      0x0      0x4
276                lh_read                7   0   2   0      0x0      0x4
276                lh_read                7   0   2   1      0x0      0x4
276                lh_read                7   0   2   2      0x0      0x4
276                lh_read                7   0   2   3      0x0      0x4
276                lh_read                7   0   3   0      0x0      0x4
276                lh_read                7   0   3   1      0x0      0x4
276                lh_read                7   0   3   2      0x0      0x4
276                lh_read                7   0   3   3      0x0      0x4
278                lh_read                7   0   0   0      0x0      0x5
278                lh_read                7   0   0   1      0x0      0x5
278                lh_read                7   0   0   2      0x0      0x5
278                lh_read                7   0   0   3      0x0      0x5
278                lh_read                7   0   1   0      0x0      0x5
278                lh_read                7   0   1   1      0x0      0x5
278                lh_read                7   0   1   2      0x0      0x5
278                lh_read                7   0   1   3      0x0      0x5
278                lh_read                7   0   2   0      0x0      0x5
278                lh_read                7   0   2   1      0x0      0x5
278                lh_read                7   0   2   2      0x0      0x5
278                lh_read                7   0   2   3      0x0      0x5
278                lh_read                7   0   3   0      0x0      0x5
278                lh_read                7   0   3   1      0x0      0x5
278                lh_read                7   0   3   2      0x0      0x5
278                lh_read                7   0   3   3      0x0      0x5
280                lh_read                7   0   0   0      0x0      0x6
280                lh_read                7   0   0   1      0x0      0x6
280                lh_read                7   0   0   2      0x0      0x6
280                lh_read                7   0   0   3      0x0      0x6
280                lh_read                7   0   1   0      0x0      0x6
280                lh_read                7   0   1   1      0x0      0x6
280                lh_read                7   0   1   2      0x0      0x6
280                lh_read                7   0   1   3      0x0      0x6
280                lh_read                7   0   2   0      0x0      0x6
280                lh_read                7   0   2   1      0x0      0x6
280                lh_read                7   0   2   2      0x0      0x6
280                lh_read                7   0   2   3      0x0      0x6
280                lh_read                7   0   3   0      0x0      0x6
280                lh_read                7   0   3   1      0x0      0x6
280                lh_read                7   0   3   2      0x0      0x6
280                lh_read                7   0   3   3      0x0      0x6
282                lh_read                7   0   0   0      0x0      0x7
282                lh_read                7   0   0   1      0x0      0x7
282                lh_read                7   0   0   2      0x0      0x7
282                lh_read                7   0   0   3      0x0      0x7
282                lh_read                7   0   1   0      0x0      0x7
282                lh_read                7   0   1   1      0x0      0x7
282                lh_read                7   0   1   2      0x0      0x7
282                lh_read                7   0   1   3      0x0      0x7
282                lh_read                7   0   2   0      0x0      0x7
282                lh_read                7   0   2   1      0x0      0x7
282                lh_read                7   0   2   2      0x0      0x7
282                lh_read                7   0   2   3      0x0      0x7
282                lh_read                7   0   3   0      0x0      0x7
282                lh_read                7   0   3   1      0x0      0x7
282                lh_read                7   0   3   2      0x0      0x7
282                lh_read                7   0   3   3      0x0      0x7
284                lh_read                7   0   0   0      0x0      0x8
284                lh_read                7   0   0   1      0x0      0x8
284                lh_read                7   0   0   2      0x0      0x8
284                lh_read                7   0   0   3      0x0      0x8
284                lh_read                7   0   1   0      0x0      0x8
284                lh_read                7   0   1   1      0x0      0x8
284                lh_read                7   0   1   2      0x0      0x8
284                lh_read                7   0   1   3      0x0      0x8
284                lh_read                7   0   2   0      0x0      0x8
284                lh_read                7   0   2   1      0x0      0x8
284                lh_read                7   0   2   2      0x0      0x8
284                lh_read                7   0   2   3      0x0      0x8
284                lh_read                7   0   3   0      0x0      0x8
284                lh_read                7   0   3   1      0x0      0x8
284                lh_read                7   0   3   2      0x0      0x8
284                lh_read                7   0   3   3      0x0      0x8
286                lh_read                7   0   0   0      0x0      0x9
286                lh_read                7   0   0   1      0x0      0x9
286                lh_read                7   0   0   2      0x0      0x9
286                lh_read                7   0   0   3      0x0      0x9
286                lh_read                7   0   1   0      0x0      0x9
286                lh_read                7   0   1   1      0x0      0x9
286                lh_read                7   0   1   2      0x0      0x9
286                lh_read                7   0   1   3      0x0      0x9
286                lh_read                7   0   2   0      0x0      0x9
286                lh_read                7   0   2   1      0x0      0x9
286                lh_read                7   0   2   2      0x0      0x9
286                lh_read                7   0   2   3      0x0      0x9
286                lh_read                7   0   3   0      0x0      0x9
286                lh_read                7   0   3   1      0x0      0x9
286                lh_read                7   0   3   2      0x0      0x9
286                lh_read                7   0   3   3      0x0      0x9
288                lh_read                7   0   0   0      0x0      0xa
288                lh_read                7   0   0   1      0x0      0xa
288                lh_read                7   0   0   2      0x0      0xa
288                lh_read                7   0   0   3      0x0      0xa
288                lh_read                7   0   1   0      0x0      0xa
288                lh_read                7   0   1   1      0x0      0xa
288                lh_read                7   0   1   2      0x0      0xa
288                lh_read                7   0   1   3      0x0      0xa
288                lh_read                7   0   2   0      0x0      0xa
288                lh_read                7   0   2   1      0x0      0xa
288                lh_read                7   0   2   2      0x0      0xa
288                lh_read                7   0   2   3      0x0      0xa
288                lh_read                7   0   3   0      0x0      0xa
288                lh_read                7   0   3   1      0x0      0xa
288                lh_read                7   0   3   2      0x0      0xa
288                lh_read                7   0   3   3      0x0      0xa
290                lh_read                7   0   0   0      0x0      0xb
290                lh_read                7   0   0   1      0x0      0xb
290                lh_read                7   0   0   2      0x0      0xb
290                lh_read                7   0   0   3      0x0      0xb
290                lh_read                7   0   1   0      0x0      0xb
290                lh_read                7   0   1   1      0x0      0xb
290                lh_read                7   0   1   2      0x0      0xb
290                lh_read                7   0   1   3      0x0      0xb
290                lh_read                7   0   2   0      0x0      0xb
290                lh_read                7   0   2   1      0x0      0xb
290                lh_read                7   0   2   2      0x0      0xb
290                lh_read                7   0   2   3      0x0      0xb
290                lh_read                7   0   3   0      0x0      0xb
290                lh_read                7   0   3   1      0x0      0xb
290                lh_read                7   0   3   2      0x0      0xb
290                lh_read                7   0   3   3      0x0      0xb
292                lh_read                7   0   0   0      0x0      0xc
292                lh_read                7   0   0   1      0x0      0xc
292                lh_read                7   0   0   2      0x0      0xc
292                lh_read                7   0   0   3      0x0      0xc
292                lh_read                7   0   1   0      0x0      0xc
292                lh_read                7   0   1   1      0x0      0xc
292                lh_read                7   0   1   2      0x0      0xc
292                lh_read                7   0   1   3      0x0      0xc
292                lh_read                7   0   2   0      0x0      0xc
292                lh_read                7   0   2   1      0x0      0xc
292                lh_read                7   0   2   2      0x0      0xc
292                lh_read                7   0   2   3      0x0      0xc
292                lh_read                7   0   3   0      0x0      0xc
292                lh_read                7   0   3   1      0x0      0xc
292                lh_read                7   0   3   2      0x0      0xc
292                lh_read                7   0   3   3      0x0      0xc
294                lh_read                7   0   0   0      0x0      0xd
294                lh_read                7   0   0   1      0x0      0xd
294                lh_read                7   0   0   2      0x0      0xd
294                lh_read                7   0   0   3      0x0      0xd
294                lh_read                7   0   1   0      0x0      0xd
294                lh_read                7   0   1   1      0x0      0xd
294                lh_read                7   0   1   2      0x0      0xd
294                lh_read                7   0   1   3      0x0      0xd
294                lh_read                7   0   2   0      0x0      0xd
294                lh_read                7   0   2   1      0x0      0xd
294                lh_read                7   0   2   2      0x0      0xd
294                lh_read                7   0   2   3      0x0      0xd
294                lh_read                7   0   3   0      0x0      0xd
294                lh_read                7   0   3   1      0x0      0xd
294                lh_read                7   0   3   2      0x0      0xd
294                lh_read                7   0   3   3      0x0      0xd
296                lh_read                7   0   0   0      0x0      0xe
296                lh_read                7   0   0   1      0x0      0xe
296                lh_read                7   0   0   2      0x0      0xe
296                lh_read                7   0   0   3      0x0      0xe
296                lh_read                7   0   1   0      0x0      0xe
296                lh_read                7   0   1   1      0x0      0xe
296                lh_read                7   0   1   2      0x0      0xe
296                lh_read                7   0   1   3      0x0      0xe
296                lh_read                7   0   2   0      0x0      0xe
296                lh_read                7   0   2   1      0x0      0xe
296                lh_read                7   0   2   2      0x0      0xe
296                lh_read                7   0   2   3      0x0      0xe
296                lh_read                7   0   3   0      0x0      0xe
296                lh_read                7   0   3   1      0x0      0xe
296                lh_read                7   0   3   2      0x0      0xe
296                lh_read                7   0   3   3      0x0      0xe
298                lh_read                7   0   0   0      0x0      0xf
298                lh_read                7   0   0   1      0x0      0xf
298                lh_read                7   0   0   2      0x0      0xf
298                lh_read                7   0   0   3      0x0      0xf
298                lh_read                7   0   1   0      0x0      0xf
298                lh_read                7   0   1   1      0x0      0xf
298                lh_read                7   0   1   2      0x0      0xf
298                lh_read                7   0   1   3      0x0      0xf
298                lh_read                7   0   2   0      0x0      0xf
298                lh_read                7   0   2   1      0x0      0xf
298                lh_read                7   0   2   2      0x0      0xf
298                lh_read                7   0   2   3      0x0      0xf
298                lh_read                7   0   3   0      0x0      0xf
298                lh_read                7   0   3   1      0x0      0xf
298                lh_read                7   0   3   2      0x0      0xf
298                lh_read                7   0   3   3      0x0      0xf
300                lh_read                7   0   0   0      0x0     0x10
300                lh_read                7   0   0   1      0x0     0x10
300                lh_read                7   0   0   2      0x0     0x10
300                lh_read                7   0   0   3      0x0     0x10
300                lh_read                7   0   1   0      0x0     0x10
300                lh_read                7   0   1   1      0x0     0x10
300                lh_read                7   0   1   2      0x0     0x10
300                lh_read                7   0   1   3      0x0     0x10
300                lh_read                7   0   2   0      0x0     0x10
300                lh_read                7   0   2   1      0x0     0x10
300                lh_read                7   0   2   2      0x0     0x10
300                lh_read                7   0   2   3      0x0     0x10
300                lh_read                7   0   3   0      0x0     0x10
300                lh_read                7   0   3   1      0x0     0x10
300                lh_read                7   0   3   2      0x0     0x10
300                lh_read                7   0   3   3      0x0     0x10
302                lh_read                7   0   0   0      0x0     0x11
302                lh_read                7   0   0   1      0x0     0x11
302                lh_read                7   0   0   2      0x0     0x11
302                lh_read                7   0   0   3      0x0     0x11
302                lh_read                7   0   1   0      0x0     0x11
302                lh_read                7   0   1   1      0x0     0x11
302                lh_read                7   0   1   2      0x0     0x11
302                lh_read                7   0   1   3      0x0     0x11
302                lh_read                7   0   2   0      0x0     0x11
302                lh_read                7   0   2   1      0x0     0x11
302                lh_read                7   0   2   2      0x0     0x11
302                lh_read                7   0   2   3      0x0     0x11
302                lh_read                7   0   3   0      0x0     0x11
302                lh_read                7   0   3   1      0x0     0x11
302                lh_read                7   0   3   2      0x0     0x11
302                lh_read                7   0   3   3      0x0     0x11
304                lh_read                7   0   0   0      0x0     0x12
304                lh_read                7   0   0   1      0x0     0x12
304                lh_read                7   0   0   2      0x0     0x12
304                lh_read                7   0   0   3      0x0     0x12
304                lh_read                7   0   1   0      0x0     0x12
304                lh_read                7   0   1   1      0x0     0x12
304                lh_read                7   0   1   2      0x0     0x12
304                lh_read                7   0   1   3      0x0     0x12
304                lh_read                7   0   2   0      0x0     0x12
304                lh_read                7   0   2   1      0x0     0x12
304                lh_read                7   0   2   2      0x0     0x12
304                lh_read                7   0   2   3      0x0     0x12
304                lh_read                7   0   3   0      0x0     0x12
304                lh_read                7   0   3   1      0x0     0x12
304                lh_read                7   0   3   2      0x0     0x12
304                lh_read                7   0   3   3      0x0     0x12
306                lh_read                7   0   0   0      0x0     0x13
306                lh_read                7   0   0   1      0x0     0x13
306                lh_read                7   0   0   2      0x0     0x13
306                lh_read                7   0   0   3      0x0     0x13
306                lh_read                7   0   1   0      0x0     0x13
306                lh_read                7   0   1   1      0x0     0x13
306                lh_read                7   0   1   2      0x0     0x13
306                lh_read                7   0   1   3      0x0     0x13
306                lh_read                7   0   2   0      0x0     0x13
306                lh_read                7   0   2   1      0x0     0x13
306                lh_read                7   0   2   2      0x0     0x13
306                lh_read                7   0   2   3      0x0     0x13
306                lh_read                7   0   3   0      0x0     0x13
306                lh_read                7   0   3   1      0x0     0x13
306                lh_read                7   0   3   2      0x0     0x13
306                lh_read                7   0   3   3      0x0     0x13
308                lh_read                7   0   0   0      0x0     0x14
308                lh_read                7   0   0   1      0x0     0x14
308                lh_read                7   0   0   2      0x0     0x14
308                lh_read                7   0   0   3      0x0     0x14
308                lh_read                7   0   1   0      0x0     0x14
308                lh_read                7   0   1   1      0x0     0x14
308                lh_read                7   0   1   2      0x0     0x14
308                lh_read                7   0   1   3      0x0     0x14
308                lh_read                7   0   2   0      0x0     0x14
308                lh_read                7   0   2   1      0x0     0x14
308                lh_read                7   0   2   2      0x0     0x14
308                lh_read                7   0   2   3      0x0     0x14
308                lh_read                7   0   3   0      0x0     0x14
308                lh_read                7   0   3   1      0x0     0x14
308                lh_read                7   0   3   2      0x0     0x14
308                lh_read                7   0   3   3      0x0     0x14
310                lh_read                7   0   0   0      0x0     0x15
310                lh_read                7   0   0   1      0x0     0x15
310                lh_read                7   0   0   2      0x0     0x15
310                lh_read                7   0   0   3      0x0     0x15
310                lh_read                7   0   1   0      0x0     0x15
310                lh_read                7   0   1   1      0x0     0x15
310                lh_read                7   0   1   2      0x0     0x15
310                lh_read                7   0   1   3      0x0     0x15
310                lh_read                7   0   2   0      0x0     0x15
310                lh_read                7   0   2   1      0x0     0x15
310                lh_read                7   0   2   2      0x0     0x15
310                lh_read                7   0   2   3      0x0     0x15
310                lh_read                7   0   3   0      0x0     0x15
310                lh_read                7   0   3   1      0x0     0x15
310                lh_read                7   0   3   2      0x0     0x15
310                lh_read                7   0   3   3      0x0     0x15
312                lh_read                7   0   0   0      0x0     0x16
312                lh_read                7   0   0   1      0x0     0x16
312                lh_read                7   0   0   2      0x0     0x16
312                lh_read                7   0   0   3      0x0     0x16
312                lh_read                7   0   1   0      0x0     0x16
312                lh_read                7   0   1   1      0x0     0x16
312                lh_read                7   0   1   2      0x0     0x16
312                lh_read                7   0   1   3      0x0     0x16
312                lh_read                7   0   2   0      0x0     0x16
312                lh_read                7   0   2   1      0x0     0x16
312                lh_read                7   0   2   2      0x0     0x16
312                lh_read                7   0   2   3      0x0     0x16
312                lh_read                7   0   3   0      0x0     0x16
312                lh_read                7   0   3   1      0x0     0x16
312                lh_read                7   0   3   2      0x0     0x16
312                lh_read                7   0   3   3      0x0     0x16
314                lh_read                7   0   0   0      0x0     0x17
314                lh_read                7   0   0   1      0x0     0x17
314                lh_read                7   0   0   2      0x0     0x17
314                lh_read                7   0   0   3      0x0     0x17
314                lh_read                7   0   1   0      0x0     0x17
314                lh_read                7   0   1   1      0x0     0x17
314                lh_read                7   0   1   2      0x0     0x17
314                lh_read                7   0   1   3      0x0     0x17
314                lh_read                7   0   2   0      0x0     0x17
314                lh_read                7   0   2   1      0x0     0x17
314                lh_read                7   0   2   2      0x0     0x17
314                lh_read                7   0   2   3      0x0     0x17
314                lh_read                7   0   3   0      0x0     0x17
314                lh_read                7   0   3   1      0x0     0x17
314                lh_read                7   0   3   2      0x0     0x17
314                lh_read                7   0   3   3      0x0     0x17
316                lh_read                7   0   0   0      0x0     0x18
316                lh_read                7   0   0   1      0x0     0x18
316                lh_read                7   0   0   2      0x0     0x18
316                lh_read                7   0   0   3      0x0     0x18
316                lh_read                7   0   1   0      0x0     0x18
316                lh_read                7   0   1   1      0x0     0x18
316                lh_read                7   0   1   2      0x0     0x18
316                lh_read                7   0   1   3      0x0     0x18
316                lh_read                7   0   2   0      0x0     0x18
316                lh_read                7   0   2   1      0x0     0x18
316                lh_read                7   0   2   2      0x0     0x18
316                lh_read                7   0   2   3      0x0     0x18
316                lh_read                7   0   3   0      0x0     0x18
316                lh_read                7   0   3   1      0x0     0x18
316                lh_read                7   0   3   2      0x0     0x18
316                lh_read                7   0   3   3      0x0     0x18
318                lh_read                7   0   0   0      0x0     0x19
318                lh_read                7   0   0   1      0x0     0x19
318                lh_read                7   0   0   2      0x0     0x19
318                lh_read                7   0   0   3      0x0     0x19
318                lh_read                7   0   1   0      0x0     0x19
318                lh_read                7   0   1   1      0x0     0x19
318                lh_read                7   0   1   2      0x0     0x19
318                lh_read                7   0   1   3      0x0     0x19
318                lh_read                7   0   2   0      0x0     0x19
318                lh_read                7   0   2   1      0x0     0x19
318                lh_read                7   0   2   2      0x0     0x19
318                lh_read                7   0   2   3      0x0     0x19
318                lh_read                7   0   3   0      0x0     0x19
318                lh_read                7   0   3   1      0x0     0x19
318                lh_read                7   0   3   2      0x0     0x19
318                lh_read                7   0   3   3      0x0     0x19
320                lh_read                7   0   0   0      0x0     0x1a
320                lh_read                7   0   0   1      0x0     0x1a
320                lh_read                7   0   0   2      0x0     0x1a
320                lh_read                7   0   0   3      0x0     0x1a
320                lh_read                7   0   1   0      0x0     0x1a
320                lh_read                7   0   1   1      0x0     0x1a
320                lh_read                7   0   1   2      0x0     0x1a
320                lh_read                7   0   1   3      0x0     0x1a
320                lh_read                7   0   2   0      0x0     0x1a
320                lh_read                7   0   2   1      0x0     0x1a
320                lh_read                7   0   2   2      0x0     0x1a
320                lh_read                7   0   2   3      0x0     0x1a
320                lh_read                7   0   3   0      0x0     0x1a
320                lh_read                7   0   3   1      0x0     0x1a
320                lh_read                7   0   3   2      0x0     0x1a
320                lh_read                7   0   3   3      0x0     0x1a
322                lh_read                7   0   0   0      0x0     0x1b
322                lh_read                7   0   0   1      0x0     0x1b
322                lh_read                7   0   0   2      0x0     0x1b
322                lh_read                7   0   0   3      0x0     0x1b
322                lh_read                7   0   1   0      0x0     0x1b
322                lh_read                7   0   1   1      0x0     0x1b
322                lh_read                7   0   1   2      0x0     0x1b
322                lh_read                7   0   1   3      0x0     0x1b
322                lh_read                7   0   2   0      0x0     0x1b
322                lh_read                7   0   2   1      0x0     0x1b
322                lh_read                7   0   2   2      0x0     0x1b
322                lh_read                7   0   2   3      0x0     0x1b
322                lh_read                7   0   3   0      0x0     0x1b
322                lh_read                7   0   3   1      0x0     0x1b
322                lh_read                7   0   3   2      0x0     0x1b
322                lh_read                7   0   3   3      0x0     0x1b
324                lh_read                7   0   0   0      0x0     0x1c
324                lh_read                7   0   0   1      0x0     0x1c
324                lh_read                7   0   0   2      0x0     0x1c
324                lh_read                7   0   0   3      0x0     0x1c
324                lh_read                7   0   1   0      0x0     0x1c
324                lh_read                7   0   1   1      0x0     0x1c
324                lh_read                7   0   1   2      0x0     0x1c
324                lh_read                7   0   1   3      0x0     0x1c
324                lh_read                7   0   2   0      0x0     0x1c
324                lh_read                7   0   2   1      0x0     0x1c
324                lh_read                7   0   2   2      0x0     0x1c
324                lh_read                7   0   2   3      0x0     0x1c
324                lh_read                7   0   3   0      0x0     0x1c
324                lh_read                7   0   3   1      0x0     0x1c
324                lh_read                7   0   3   2      0x0     0x1c
324                lh_read                7   0   3   3      0x0     0x1c
326                lh_read                7   0   0   0      0x0     0x1d
326                lh_read                7   0   0   1      0x0     0x1d
326                lh_read                7   0   0   2      0x0     0x1d
326                lh_read                7   0   0   3      0x0     0x1d
326                lh_read                7   0   1   0      0x0     0x1d
326                lh_read                7   0   1   1      0x0     0x1d
326                lh_read                7   0   1   2      0x0     0x1d
326                lh_read                7   0   1   3      0x0     0x1d
326                lh_read                7   0   2   0      0x0     0x1d
326                lh_read                7   0   2   1      0x0     0x1d
326                lh_read                7   0   2   2      0x0     0x1d
326                lh_read                7   0   2   3      0x0     0x1d
326                lh_read                7   0   3   0      0x0     0x1d
326                lh_read                7   0   3   1      0x0     0x1d
326                lh_read                7   0   3   2      0x0     0x1d
326                lh_read                7   0   3   3      0x0     0x1d
328                lh_read                7   0   0   0      0x0     0x1e
328                lh_read                7   0   0   1      0x0     0x1e
328                lh_read                7   0   0   2      0x0     0x1e
328                lh_read                7   0   0   3      0x0     0x1e
328                lh_read                7   0   1   0      0x0     0x1e
328                lh_read                7   0   1   1      0x0     0x1e
328                lh_read                7   0   1   2      0x0     0x1e
328                lh_read                7   0   1   3      0x0     0x1e
328                lh_read                7   0   2   0      0x0     0x1e
328                lh_read                7   0   2   1      0x0     0x1e
328                lh_read                7   0   2   2      0x0     0x1e
328                lh_read                7   0   2   3      0x0     0x1e
328                lh_read                7   0   3   0      0x0     0x1e
328                lh_read                7   0   3   1      0x0     0x1e
328                lh_read                7   0   3   2      0x0     0x1e
328                lh_read                7   0   3   3      0x0     0x1e
330                lh_read                7   0   0   0      0x0     0x1f
330                lh_read                7   0   0   1      0x0     0x1f
330                lh_read                7   0   0   2      0x0     0x1f
330                lh_read                7   0   0   3      0x0     0x1f
330                lh_read                7   0   1   0      0x0     0x1f
330                lh_read                7   0   1   1      0x0     0x1f
330                lh_read                7   0   1   2      0x0     0x1f
330                lh_read                7   0   1   3      0x0     0x1f
330                lh_read                7   0   2   0      0x0     0x1f
330                lh_read                7   0   2   1      0x0     0x1f
330                lh_read                7   0   2   2      0x0     0x1f
330                lh_read                7   0   2   3      0x0     0x1f
330                lh_read                7   0   3   0      0x0     0x1f
330                lh_read                7   0   3   1      0x0     0x1f
330                lh_read                7   0   3   2      0x0     0x1f
330                lh_read                7   0   3   3      0x0     0x1f
332                lh_read                7   0   0   0      0x0     0x20
332                lh_read                7   0   0   1      0x0     0x20
332                lh_read                7   0   0   2      0x0     0x20
332                lh_read                7   0   0   3      0x0     0x20
332                lh_read                7   0   1   0      0x0     0x20
332                lh_read                7   0   1   1      0x0     0x20
332                lh_read                7   0   1   2      0x0     0x20
332                lh_read                7   0   1   3      0x0     0x20
332                lh_read                7   0   2   0      0x0     0x20
332                lh_read                7   0   2   1      0x0     0x20
332                lh_read                7   0   2   2      0x0     0x20
332                lh_read                7   0   2   3      0x0     0x20
332                lh_read                7   0   3   0      0x0     0x20
332                lh_read                7   0   3   1      0x0     0x20
332                lh_read                7   0   3   2      0x0     0x20
332                lh_read                7   0   3   3      0x0     0x20
334                lh_read                7   0   0   0      0x0     0x21
334                lh_read                7   0   0   1      0x0     0x21
334                lh_read                7   0   0   2      0x0     0x21
334                lh_read                7   0   0   3      0x0     0x21
334                lh_read                7   0   1   0      0x0     0x21
334                lh_read                7   0   1   1      0x0     0x21
334                lh_read                7   0   1   2      0x0     0x21
334                lh_read                7   0   1   3      0x0     0x21
334                lh_read                7   0   2   0      0x0     0x21
334                lh_read                7   0   2   1      0x0     0x21
334                lh_read                7   0   2   2      0x0     0x21
334                lh_read                7   0   2   3      0x0     0x21
334                lh_read                7   0   3   0      0x0     0x21
334                lh_read                7   0   3   1      0x0     0x21
334                lh_read                7   0   3   2      0x0     0x21
334                lh_read                7   0   3   3      0x0     0x21
336                lh_read                7   0   0   0      0x0     0x22
336                lh_read                7   0   0   1      0x0     0x22
336                lh_read                7   0   0   2      0x0     0x22
336                lh_read                7   0   0   3      0x0     0x22
336                lh_read                7   0   1   0      0x0     0x22
336                lh_read                7   0   1   1      0x0     0x22
336                lh_read                7   0   1   2      0x0     0x22
336                lh_read                7   0   1   3      0x0     0x22
336                lh_read                7   0   2   0      0x0     0x22
336                lh_read                7   0   2   1      0x0     0x22
336                lh_read                7   0   2   2      0x0     0x22
336                lh_read                7   0   2   3      0x0     0x22
336                lh_read                7   0   3   0      0x0     0x22
336                lh_read                7   0   3   1      0x0     0x22
336                lh_read                7   0   3   2      0x0     0x22
336                lh_read                7   0   3   3      0x0     0x22
338                lh_read                7   0   0   0      0x0     0x23
338                lh_read                7   0   0   1      0x0     0x23
338                lh_read                7   0   0   2      0x0     0x23
338                lh_read                7   0   0   3      0x0     0x23
338                lh_read                7   0   1   0      0x0     0x23
338                lh_read                7   0   1   1      0x0     0x23
338                lh_read                7   0   1   2      0x0     0x23
338                lh_read                7   0   1   3      0x0     0x23
338                lh_read                7   0   2   0      0x0     0x23
338                lh_read                7   0   2   1      0x0     0x23
338                lh_read                7   0   2   2      0x0     0x23
338                lh_read                7   0   2   3      0x0     0x23
338                lh_read                7   0   3   0      0x0     0x23
338                lh_read                7   0   3   1      0x0     0x23
338                lh_read                7   0   3   2      0x0     0x23
338                lh_read                7   0   3   3      0x0     0x23
340                lh_read                7   0   0   0      0x0     0x24
340                lh_read                7   0   0   1      0x0     0x24
340                lh_read                7   0   0   2      0x0     0x24
340                lh_read                7   0   0   3      0x0     0x24
340                lh_read                7   0   1   0      0x0     0x24
340                lh_read                7   0   1   1      0x0     0x24
340                lh_read                7   0   1   2      0x0     0x24
340                lh_read                7   0   1   3      0x0     0x24
340                lh_read                7   0   2   0      0x0     0x24
340                lh_read                7   0   2   1      0x0     0x24
340                lh_read                7   0   2   2      0x0     0x24
340                lh_read                7   0   2   3      0x0     0x24
340                lh_read                7   0   3   0      0x0     0x24
340                lh_read                7   0   3   1      0x0     0x24
340                lh_read                7   0   3   2      0x0     0x24
340                lh_read                7   0   3   3      0x0     0x24
342                lh_read                7   0   0   0      0x0     0x25
342                lh_read                7   0   0   1      0x0     0x25
342                lh_read                7   0   0   2      0x0     0x25
342                lh_read                7   0   0   3      0x0     0x25
342                lh_read                7   0   1   0      0x0     0x25
342                lh_read                7   0   1   1      0x0     0x25
342                lh_read                7   0   1   2      0x0     0x25
342                lh_read                7   0   1   3      0x0     0x25
342                lh_read                7   0   2   0      0x0     0x25
342                lh_read                7   0   2   1      0x0     0x25
342                lh_read                7   0   2   2      0x0     0x25
342                lh_read                7   0   2   3      0x0     0x25
342                lh_read                7   0   3   0      0x0     0x25
342                lh_read                7   0   3   1      0x0     0x25
342                lh_read                7   0   3   2      0x0     0x25
342                lh_read                7   0   3   3      0x0     0x25
344                lh_read                7   0   0   0      0x0     0x26
344                lh_read                7   0   0   1      0x0     0x26
344                lh_read                7   0   0   2      0x0     0x26
344                lh_read                7   0   0   3      0x0     0x26
344                lh_read                7   0   1   0      0x0     0x26
344                lh_read                7   0   1   1      0x0     0x26
344                lh_read                7   0   1   2      0x0     0x26
344                lh_read                7   0   1   3      0x0     0x26
344                lh_read                7   0   2   0      0x0     0x26
344                lh_read                7   0   2   1      0x0     0x26
344                lh_read                7   0   2   2      0x0     0x26
344                lh_read                7   0   2   3      0x0     0x26
344                lh_read                7   0   3   0      0x0     0x26
344                lh_read                7   0   3   1      0x0     0x26
344                lh_read                7   0   3   2      0x0     0x26
344                lh_read                7   0   3   3      0x0     0x26
346                lh_read                7   0   0   0      0x0     0x27
346                lh_read                7   0   0   1      0x0     0x27
346                lh_read                7   0   0   2      0x0     0x27
346                lh_read                7   0   0   3      0x0     0x27
346                lh_read                7   0   1   0      0x0     0x27
346                lh_read                7   0   1   1      0x0     0x27
346                lh_read                7   0   1   2      0x0     0x27
346                lh_read                7   0   1   3      0x0     0x27
346                lh_read                7   0   2   0      0x0     0x27
346                lh_read                7   0   2   1      0x0     0x27
346                lh_read                7   0   2   2      0x0     0x27
346                lh_read                7   0   2   3      0x0     0x27
346                lh_read                7   0   3   0      0x0     0x27
346                lh_read                7   0   3   1      0x0     0x27
346                lh_read                7   0   3   2      0x0     0x27
346                lh_read                7   0   3   3      0x0     0x27
348                lh_read                7   0   0   0      0x0     0x28
348                lh_read                7   0   0   1      0x0     0x28
348                lh_read                7   0   0   2      0x0     0x28
348                lh_read                7   0   0   3      0x0     0x28
348                lh_read                7   0   1   0      0x0     0x28
348                lh_read                7   0   1   1      0x0     0x28
348                lh_read                7   0   1   2      0x0     0x28
348                lh_read                7   0   1   3      0x0     0x28
348                lh_read                7   0   2   0      0x0     0x28
348                lh_read                7   0   2   1      0x0     0x28
348                lh_read                7   0   2   2      0x0     0x28
348                lh_read                7   0   2   3      0x0     0x28
348                lh_read                7   0   3   0      0x0     0x28
348                lh_read                7   0   3   1      0x0     0x28
348                lh_read                7   0   3   2      0x0     0x28
348                lh_read                7   0   3   3      0x0     0x28
350                lh_read                7   0   0   0      0x0     0x29
350                lh_read                7   0   0   1      0x0     0x29
350                lh_read                7   0   0   2      0x0     0x29
350                lh_read                7   0   0   3      0x0     0x29
350                lh_read                7   0   1   0      0x0     0x29
350                lh_read                7   0   1   1      0x0     0x29
350                lh_read                7   0   1   2      0x0     0x29
350                lh_read                7   0   1   3      0x0     0x29
350                lh_read                7   0   2   0      0x0     0x29
350                lh_read                7   0   2   1      0x0     0x29
350                lh_read                7   0   2   2      0x0     0x29
350                lh_read                7   0   2   3      0x0     0x29
350                lh_read                7   0   3   0      0x0     0x29
350                lh_read                7   0   3   1      0x0     0x29
350                lh_read                7   0   3   2      0x0     0x29
350                lh_read                7   0   3   3      0x0     0x29
352                lh_read                7   0   0   0      0x0     0x2a
352                lh_read                7   0   0   1      0x0     0x2a
352                lh_read                7   0   0   2      0x0     0x2a
352                lh_read                7   0   0   3      0x0     0x2a
352                lh_read                7   0   1   0      0x0     0x2a
352                lh_read                7   0   1   1      0x0     0x2a
352                lh_read                7   0   1   2      0x0     0x2a
352                lh_read                7   0   1   3      0x0     0x2a
352                lh_read                7   0   2   0      0x0     0x2a
352                lh_read                7   0   2   1      0x0     0x2a
352                lh_read                7   0   2   2      0x0     0x2a
352                lh_read                7   0   2   3      0x0     0x2a
352                lh_read                7   0   3   0      0x0     0x2a
352                lh_read                7   0   3   1      0x0     0x2a
352                lh_read                7   0   3   2      0x0     0x2a
352                lh_read                7   0   3   3      0x0     0x2a
354                lh_read                7   0   0   0      0x0     0x2b
354                lh_read                7   0   0   1      0x0     0x2b
354                lh_read                7   0   0   2      0x0     0x2b
354                lh_read                7   0   0   3      0x0     0x2b
354                lh_read                7   0   1   0      0x0     0x2b
354                lh_read                7   0   1   1      0x0     0x2b
354                lh_read                7   0   1   2      0x0     0x2b
354                lh_read                7   0   1   3      0x0     0x2b
354                lh_read                7   0   2   0      0x0     0x2b
354                lh_read                7   0   2   1      0x0     0x2b
354                lh_read                7   0   2   2      0x0     0x2b
354                lh_read                7   0   2   3      0x0     0x2b
354                lh_read                7   0   3   0      0x0     0x2b
354                lh_read                7   0   3   1      0x0     0x2b
354                lh_read                7   0   3   2      0x0     0x2b
354                lh_read                7   0   3   3      0x0     0x2b
356                lh_read                7   0   0   0      0x0     0x2c
356                lh_read                7   0   0   1      0x0     0x2c
356                lh_read                7   0   0   2      0x0     0x2c
356                lh_read                7   0   0   3      0x0     0x2c
356                lh_read                7   0   1   0      0x0     0x2c
356                lh_read                7   0   1   1      0x0     0x2c
356                lh_read                7   0   1   2      0x0     0x2c
356                lh_read                7   0   1   3      0x0     0x2c
356                lh_read                7   0   2   0      0x0     0x2c
356                lh_read                7   0   2   1      0x0     0x2c
356                lh_read                7   0   2   2      0x0     0x2c
356                lh_read                7   0   2   3      0x0     0x2c
356                lh_read                7   0   3   0      0x0     0x2c
356                lh_read                7   0   3   1      0x0     0x2c
356                lh_read                7   0   3   2      0x0     0x2c
356                lh_read                7   0   3   3      0x0     0x2c
358                lh_read                7   0   0   0      0x0     0x2d
358                lh_read                7   0   0   1      0x0     0x2d
358                lh_read                7   0   0   2      0x0     0x2d
358                lh_read                7   0   0   3      0x0     0x2d
358                lh_read                7   0   1   0      0x0     0x2d
358                lh_read                7   0   1   1      0x0     0x2d
358                lh_read                7   0   1   2      0x0     0x2d
358                lh_read                7   0   1   3      0x0     0x2d
358                lh_read                7   0   2   0      0x0     0x2d
358                lh_read                7   0   2   1      0x0     0x2d
358                lh_read                7   0   2   2      0x0     0x2d
358                lh_read                7   0   2   3      0x0     0x2d
358                lh_read                7   0   3   0      0x0     0x2d
358                lh_read                7   0   3   1      0x0     0x2d
358                lh_read                7   0   3   2      0x0     0x2d
358                lh_read                7   0   3   3      0x0     0x2d
360                lh_read                7   0   0   0      0x0     0x2e
360                lh_read                7   0   0   1      0x0     0x2e
360                lh_read                7   0   0   2      0x0     0x2e
360                lh_read                7   0   0   3      0x0     0x2e
360                lh_read                7   0   1   0      0x0     0x2e
360                lh_read                7   0   1   1      0x0     0x2e
360                lh_read                7   0   1   2      0x0     0x2e
360                lh_read                7   0   1   3      0x0     0x2e
360                lh_read                7   0   2   0      0x0     0x2e
360                lh_read                7   0   2   1      0x0     0x2e
360                lh_read                7   0   2   2      0x0     0x2e
360                lh_read                7   0   2   3      0x0     0x2e
360                lh_read                7   0   3   0      0x0     0x2e
360                lh_read                7   0   3   1      0x0     0x2e
360                lh_read                7   0   3   2      0x0     0x2e
360                lh_read                7   0   3   3      0x0     0x2e
362                lh_read                7   0   0   0      0x0     0x2f
362                lh_read                7   0   0   1      0x0     0x2f
362                lh_read                7   0   0   2      0x0     0x2f
362                lh_read                7   0   0   3      0x0     0x2f
362                lh_read                7   0   1   0      0x0     0x2f
362                lh_read                7   0   1   1      0x0     0x2f
362                lh_read                7   0   1   2      0x0     0x2f
362                lh_read                7   0   1   3      0x0     0x2f
362                lh_read                7   0   2   0      0x0     0x2f
362                lh_read                7   0   2   1      0x0     0x2f
362                lh_read                7   0   2   2      0x0     0x2f
362                lh_read                7   0   2   3      0x0     0x2f
362                lh_read                7   0   3   0      0x0     0x2f
362                lh_read                7   0   3   1      0x0     0x2f
362                lh_read                7   0   3   2      0x0     0x2f
362                lh_read                7   0   3   3      0x0     0x2f
364                lh_read                7   0   0   0      0x0     0x30
364                lh_read                7   0   0   1      0x0     0x30
364                lh_read                7   0   0   2      0x0     0x30
364                lh_read                7   0   0   3      0x0     0x30
364                lh_read                7   0   1   0      0x0     0x30
364                lh_read                7   0   1   1      0x0     0x30
364                lh_read                7   0   1   2      0x0     0x30
364                lh_read                7   0   1   3      0x0     0x30
364                lh_read                7   0   2   0      0x0     0x30
364                lh_read                7   0   2   1      0x0     0x30
364                lh_read                7   0   2   2      0x0     0x30
364                lh_read                7   0   2   3      0x0     0x30
364                lh_read                7   0   3   0      0x0     0x30
364                lh_read                7   0   3   1      0x0     0x30
364                lh_read                7   0   3   2      0x0     0x30
364                lh_read                7   0   3   3      0x0     0x30
366                lh_read                7   0   0   0      0x0     0x31
366                lh_read                7   0   0   1      0x0     0x31
366                lh_read                7   0   0   2      0x0     0x31
366                lh_read                7   0   0   3      0x0     0x31
366                lh_read                7   0   1   0      0x0     0x31
366                lh_read                7   0   1   1      0x0     0x31
366                lh_read                7   0   1   2      0x0     0x31
366                lh_read                7   0   1   3      0x0     0x31
366                lh_read                7   0   2   0      0x0     0x31
366                lh_read                7   0   2   1      0x0     0x31
366                lh_read                7   0   2   2      0x0     0x31
366                lh_read                7   0   2   3      0x0     0x31
366                lh_read                7   0   3   0      0x0     0x31
366                lh_read                7   0   3   1      0x0     0x31
366                lh_read                7   0   3   2      0x0     0x31
366                lh_read                7   0   3   3      0x0     0x31
368                lh_read                7   0   0   0      0x0     0x32
368                lh_read                7   0   0   1      0x0     0x32
368                lh_read                7   0   0   2      0x0     0x32
368                lh_read                7   0   0   3      0x0     0x32
368                lh_read                7   0   1   0      0x0     0x32
368                lh_read                7   0   1   1      0x0     0x32
368                lh_read                7   0   1   2      0x0     0x32
368                lh_read                7   0   1   3      0x0     0x32
368                lh_read                7   0   2   0      0x0     0x32
368                lh_read                7   0   2   1      0x0     0x32
368                lh_read                7   0   2   2      0x0     0x32
368                lh_read                7   0   2   3      0x0     0x32
368                lh_read                7   0   3   0      0x0     0x32
368                lh_read                7   0   3   1      0x0     0x32
368                lh_read                7   0   3   2      0x0     0x32
368                lh_read                7   0   3   3      0x0     0x32
370                lh_read                7   0   0   0      0x0     0x33
370                lh_read                7   0   0   1      0x0     0x33
370                lh_read                7   0   0   2      0x0     0x33
370                lh_read                7   0   0   3      0x0     0x33
370                lh_read                7   0   1   0      0x0     0x33
370                lh_read                7   0   1   1      0x0     0x33
370                lh_read                7   0   1   2      0x0     0x33
370                lh_read                7   0   1   3      0x0     0x33
370                lh_read                7   0   2   0      0x0     0x33
370                lh_read                7   0   2   1      0x0     0x33
370                lh_read                7   0   2   2      0x0     0x33
370                lh_read                7   0   2   3      0x0     0x33
370                lh_read                7   0   3   0      0x0     0x33
370                lh_read                7   0   3   1      0x0     0x33
370                lh_read                7   0   3   2      0x0     0x33
370                lh_read                7   0   3   3      0x0     0x33
372                lh_read                7   0   0   0      0x0     0x34
372                lh_read                7   0   0   1      0x0     0x34
372                lh_read                7   0   0   2      0x0     0x34
372                lh_read                7   0   0   3      0x0     0x34
372                lh_read                7   0   1   0      0x0     0x34
372                lh_read                7   0   1   1      0x0     0x34
372                lh_read                7   0   1   2      0x0     0x34
372                lh_read                7   0   1   3      0x0     0x34
372                lh_read                7   0   2   0      0x0     0x34
372                lh_read                7   0   2   1      0x0     0x34
372                lh_read                7   0   2   2      0x0     0x34
372                lh_read                7   0   2   3      0x0     0x34
372                lh_read                7   0   3   0      0x0     0x34
372                lh_read                7   0   3   1      0x0     0x34
372                lh_read                7   0   3   2      0x0     0x34
372                lh_read                7   0   3   3      0x0     0x34
374                lh_read                7   0   0   0      0x0     0x35
374                lh_read                7   0   0   1      0x0     0x35
374                lh_read                7   0   0   2      0x0     0x35
374                lh_read                7   0   0   3      0x0     0x35
374                lh_read                7   0   1   0      0x0     0x35
374                lh_read                7   0   1   1      0x0     0x35
374                lh_read                7   0   1   2      0x0     0x35
374                lh_read                7   0   1   3      0x0     0x35
374                lh_read                7   0   2   0      0x0     0x35
374                lh_read                7   0   2   1      0x0     0x35
374                lh_read                7   0   2   2      0x0     0x35
374                lh_read                7   0   2   3      0x0     0x35
374                lh_read                7   0   3   0      0x0     0x35
374                lh_read                7   0   3   1      0x0     0x35
374                lh_read                7   0   3   2      0x0     0x35
374                lh_read                7   0   3   3      0x0     0x35
376                lh_read                7   0   0   0      0x0     0x36
376                lh_read                7   0   0   1      0x0     0x36
376                lh_read                7   0   0   2      0x0     0x36
376                lh_read                7   0   0   3      0x0     0x36
376                lh_read                7   0   1   0      0x0     0x36
376                lh_read                7   0   1   1      0x0     0x36
376                lh_read                7   0   1   2      0x0     0x36
376                lh_read                7   0   1   3      0x0     0x36
376                lh_read                7   0   2   0      0x0     0x36
376                lh_read                7   0   2   1      0x0     0x36
376                lh_read                7   0   2   2      0x0     0x36
376                lh_read                7   0   2   3      0x0     0x36
376                lh_read                7   0   3   0      0x0     0x36
376                lh_read                7   0   3   1      0x0     0x36
376                lh_read                7   0   3   2      0x0     0x36
376                lh_read                7   0   3   3      0x0     0x36
378                lh_read                7   0   0   0      0x0     0x37
378                lh_read                7   0   0   1      0x0     0x37
378                lh_read                7   0   0   2      0x0     0x37
378                lh_read                7   0   0   3      0x0     0x37
378                lh_read                7   0   1   0      0x0     0x37
378                lh_read                7   0   1   1      0x0     0x37
378                lh_read                7   0   1   2      0x0     0x37
378                lh_read                7   0   1   3      0x0     0x37
378                lh_read                7   0   2   0      0x0     0x37
378                lh_read                7   0   2   1      0x0     0x37
378                lh_read                7   0   2   2      0x0     0x37
378                lh_read                7   0   2   3      0x0     0x37
378                lh_read                7   0   3   0      0x0     0x37
378                lh_read                7   0   3   1      0x0     0x37
378                lh_read                7   0   3   2      0x0     0x37
378                lh_read                7   0   3   3      0x0     0x37
380                lh_read                7   0   0   0      0x0     0x38
380                lh_read                7   0   0   1      0x0     0x38
380                lh_read                7   0   0   2      0x0     0x38
380                lh_read                7   0   0   3      0x0     0x38
380                lh_read                7   0   1   0      0x0     0x38
380                lh_read                7   0   1   1      0x0     0x38
380                lh_read                7   0   1   2      0x0     0x38
380                lh_read                7   0   1   3      0x0     0x38
380                lh_read                7   0   2   0      0x0     0x38
380                lh_read                7   0   2   1      0x0     0x38
380                lh_read                7   0   2   2      0x0     0x38
380                lh_read                7   0   2   3      0x0     0x38
380                lh_read                7   0   3   0      0x0     0x38
380                lh_read                7   0   3   1      0x0     0x38
380                lh_read                7   0   3   2      0x0     0x38
380                lh_read                7   0   3   3      0x0     0x38
382                lh_read                7   0   0   0      0x0     0x39
382                lh_read                7   0   0   1      0x0     0x39
382                lh_read                7   0   0   2      0x0     0x39
382                lh_read                7   0   0   3      0x0     0x39
382                lh_read                7   0   1   0      0x0     0x39
382                lh_read                7   0   1   1      0x0     0x39
382                lh_read                7   0   1   2      0x0     0x39
382                lh_read                7   0   1   3      0x0     0x39
382                lh_read                7   0   2   0      0x0     0x39
382                lh_read                7   0   2   1      0x0     0x39
382                lh_read                7   0   2   2      0x0     0x39
382                lh_read                7   0   2   3      0x0     0x39
382                lh_read                7   0   3   0      0x0     0x39
382                lh_read                7   0   3   1      0x0     0x39
382                lh_read                7   0   3   2      0x0     0x39
382                lh_read                7   0   3   3      0x0     0x39
384                lh_read                7   0   0   0      0x0     0x3a
384                lh_read                7   0   0   1      0x0     0x3a
384                lh_read                7   0   0   2      0x0     0x3a
384                lh_read                7   0   0   3      0x0     0x3a
384                lh_read                7   0   1   0      0x0     0x3a
384                lh_read                7   0   1   1      0x0     0x3a
384                lh_read                7   0   1   2      0x0     0x3a
384                lh_read                7   0   1   3      0x0     0x3a
384                lh_read                7   0   2   0      0x0     0x3a
384                lh_read                7   0   2   1      0x0     0x3a
384                lh_read                7   0   2   2      0x0     0x3a
384                lh_read                7   0   2   3      0x0     0x3a
384                lh_read                7   0   3   0      0x0     0x3a
384                lh_read                7   0   3   1      0x0     0x3a
384                lh_read                7   0   3   2      0x0     0x3a
384                lh_read                7   0   3   3      0x0     0x3a
386                lh_read                7   0   0   0      0x0     0x3b
386                lh_read                7   0   0   1      0x0     0x3b
386                lh_read                7   0   0   2      0x0     0x3b
386                lh_read                7   0   0   3      0x0     0x3b
386                lh_read                7   0   1   0      0x0     0x3b
386                lh_read                7   0   1   1      0x0     0x3b
386                lh_read                7   0   1   2      0x0     0x3b
386                lh_read                7   0   1   3      0x0     0x3b
386                lh_read                7   0   2   0      0x0     0x3b
386                lh_read                7   0   2   1      0x0     0x3b
386                lh_read                7   0   2   2      0x0     0x3b
386                lh_read                7   0   2   3      0x0     0x3b
386                lh_read                7   0   3   0      0x0     0x3b
386                lh_read                7   0   3   1      0x0     0x3b
386                lh_read                7   0   3   2      0x0     0x3b
386                lh_read                7   0   3   3      0x0     0x3b
388                lh_read                7   0   0   0      0x0     0x3c
388                lh_read                7   0   0   1      0x0     0x3c
388                lh_read                7   0   0   2      0x0     0x3c
388                lh_read                7   0   0   3      0x0     0x3c
388                lh_read                7   0   1   0      0x0     0x3c
388                lh_read                7   0   1   1      0x0     0x3c
388                lh_read                7   0   1   2      0x0     0x3c
388                lh_read                7   0   1   3      0x0     0x3c
388                lh_read                7   0   2   0      0x0     0x3c
388                lh_read                7   0   2   1      0x0     0x3c
388                lh_read                7   0   2   2      0x0     0x3c
388                lh_read                7   0   2   3      0x0     0x3c
388                lh_read                7   0   3   0      0x0     0x3c
388                lh_read                7   0   3   1      0x0     0x3c
388                lh_read                7   0   3   2      0x0     0x3c
388                lh_read                7   0   3   3      0x0     0x3c
390                lh_read                7   0   0   0      0x0     0x3d
390                lh_read                7   0   0   1      0x0     0x3d
390                lh_read                7   0   0   2      0x0     0x3d
390                lh_read                7   0   0   3      0x0     0x3d
390                lh_read                7   0   1   0      0x0     0x3d
390                lh_read                7   0   1   1      0x0     0x3d
390                lh_read                7   0   1   2      0x0     0x3d
390                lh_read                7   0   1   3      0x0     0x3d
390                lh_read                7   0   2   0      0x0     0x3d
390                lh_read                7   0   2   1      0x0     0x3d
390                lh_read                7   0   2   2      0x0     0x3d
390                lh_read                7   0   2   3      0x0     0x3d
390                lh_read                7   0   3   0      0x0     0x3d
390                lh_read                7   0   3   1      0x0     0x3d
390                lh_read                7   0   3   2      0x0     0x3d
390                lh_read                7   0   3   3      0x0     0x3d
392                lh_read                7   0   0   0      0x0     0x3e
392                lh_read                7   0   0   1      0x0     0x3e
392                lh_read                7   0   0   2      0x0     0x3e
392                lh_read                7   0   0   3      0x0     0x3e
392                lh_read                7   0   1   0      0x0     0x3e
392                lh_read                7   0   1   1      0x0     0x3e
392                lh_read                7   0   1   2      0x0     0x3e
392                lh_read                7   0   1   3      0x0     0x3e
392                lh_read                7   0   2   0      0x0     0x3e
392                lh_read                7   0   2   1      0x0     0x3e
392                lh_read                7   0   2   2      0x0     0x3e
392                lh_read                7   0   2   3      0x0     0x3e
392                lh_read                7   0   3   0      0x0     0x3e
392                lh_read                7   0   3   1      0x0     0x3e
392                lh_read                7   0   3   2      0x0     0x3e
392                lh_read                7   0   3   3      0x0     0x3e
394                lh_read_p              7   0   0   0      0x0     0x3f
394                lh_read_p              7   0   0   1      0x0     0x3f
394                lh_read_p              7   0   0   2      0x0     0x3f
394                lh_read_p              7   0   0   3      0x0     0x3f
394                lh_read_p              7   0   1   0      0x0     0x3f
394                lh_read_p              7   0   1   1      0x0     0x3f
394                lh_read_p              7   0   1   2      0x0     0x3f
394                lh_read_p              7   0   1   3      0x0     0x3f
394                lh_read_p              7   0   2   0      0x0     0x3f
394                lh_read_p              7   0   2   1      0x0     0x3f
394                lh_read_p              7   0   2   2      0x0     0x3f
394                lh_read_p              7   0   2   3      0x0     0x3f
394                lh_read_p              7   0   3   0      0x0     0x3f
394                lh_read_p              7   0   3   1      0x0     0x3f
394                lh_read_p              7   0   3   2      0x0     0x3f
394                lh_read_p              7   0   3   3      0x0     0x3f
413                pim_activate           7   0   0   0      0x1      0x0
413                pim_activate           7   0   0   1      0x1      0x0
413                pim_activate           7   0   0   2      0x1      0x0
413                pim_activate           7   0   0   3      0x1      0x0
443                pim_activate           7   0   1   0      0x1      0x0
443                pim_activate           7   0   1   1      0x1      0x0
443                pim_activate           7   0   1   2      0x1      0x0
443                pim_activate           7   0   1   3      0x1      0x0
473                pim_activate           7   0   2   0      0x1      0x0
473                pim_activate           7   0   2   1      0x1      0x0
473                pim_activate           7   0   2   2      0x1      0x0
473                pim_activate           7   0   2   3      0x1      0x0
503                pim_activate           7   0   3   0      0x1      0x0
503                pim_activate           7   0   3   1      0x1      0x0
503                pim_activate           7   0   3   2      0x1      0x0
503                pim_activate           7   0   3   3      0x1      0x0
517                lh_read                7   0   0   0      0x1      0x0
517                lh_read                7   0   0   1      0x1      0x0
517                lh_read                7   0   0   2      0x1      0x0
517                lh_read                7   0   0   3      0x1      0x0
517                lh_read                7   0   1   0      0x1      0x0
517                lh_read                7   0   1   1      0x1      0x0
517                lh_read                7   0   1   2      0x1      0x0
517                lh_read                7   0   1   3      0x1      0x0
517                lh_read                7   0   2   0      0x1      0x0
517                lh_read                7   0   2   1      0x1      0x0
517                lh_read                7   0   2   2      0x1      0x0
517                lh_read                7   0   2   3      0x1      0x0
517                lh_read                7   0   3   0      0x1      0x0
517                lh_read                7   0   3   1      0x1      0x0
517                lh_read                7   0   3   2      0x1      0x0
517                lh_read                7   0   3   3      0x1      0x0
519                lh_read                7   0   0   0      0x1      0x1
519                lh_read                7   0   0   1      0x1      0x1
519                lh_read                7   0   0   2      0x1      0x1
519                lh_read                7   0   0   3      0x1      0x1
519                lh_read                7   0   1   0      0x1      0x1
519                lh_read                7   0   1   1      0x1      0x1
519                lh_read                7   0   1   2      0x1      0x1
519                lh_read                7   0   1   3      0x1      0x1
519                lh_read                7   0   2   0      0x1      0x1
519                lh_read                7   0   2   1      0x1      0x1
519                lh_read                7   0   2   2      0x1      0x1
519                lh_read                7   0   2   3      0x1      0x1
519                lh_read                7   0   3   0      0x1      0x1
519                lh_read                7   0   3   1      0x1      0x1
519                lh_read                7   0   3   2      0x1      0x1
519                lh_read                7   0   3   3      0x1      0x1
521                lh_read                7   0   0   0      0x1      0x2
521                lh_read                7   0   0   1      0x1      0x2
521                lh_read                7   0   0   2      0x1      0x2
521                lh_read                7   0   0   3      0x1      0x2
521                lh_read                7   0   1   0      0x1      0x2
521                lh_read                7   0   1   1      0x1      0x2
521                lh_read                7   0   1   2      0x1      0x2
521                lh_read                7   0   1   3      0x1      0x2
521                lh_read                7   0   2   0      0x1      0x2
521                lh_read                7   0   2   1      0x1      0x2
521                lh_read                7   0   2   2      0x1      0x2
521                lh_read                7   0   2   3      0x1      0x2
521                lh_read                7   0   3   0      0x1      0x2
521                lh_read                7   0   3   1      0x1      0x2
521                lh_read                7   0   3   2      0x1      0x2
521                lh_read                7   0   3   3      0x1      0x2
523                lh_read                7   0   0   0      0x1      0x3
523                lh_read                7   0   0   1      0x1      0x3
523                lh_read                7   0   0   2      0x1      0x3
523                lh_read                7   0   0   3      0x1      0x3
523                lh_read                7   0   1   0      0x1      0x3
523                lh_read                7   0   1   1      0x1      0x3
523                lh_read                7   0   1   2      0x1      0x3
523                lh_read                7   0   1   3      0x1      0x3
523                lh_read                7   0   2   0      0x1      0x3
523                lh_read                7   0   2   1      0x1      0x3
523                lh_read                7   0   2   2      0x1      0x3
523                lh_read                7   0   2   3      0x1      0x3
523                lh_read                7   0   3   0      0x1      0x3
523                lh_read                7   0   3   1      0x1      0x3
523                lh_read                7   0   3   2      0x1      0x3
523                lh_read                7   0   3   3      0x1      0x3
525                lh_read                7   0   0   0      0x1      0x4
525                lh_read                7   0   0   1      0x1      0x4
525                lh_read                7   0   0   2      0x1      0x4
525                lh_read                7   0   0   3      0x1      0x4
525                lh_read                7   0   1   0      0x1      0x4
525                lh_read                7   0   1   1      0x1      0x4
525                lh_read                7   0   1   2      0x1      0x4
525                lh_read                7   0   1   3      0x1      0x4
525                lh_read                7   0   2   0      0x1      0x4
525                lh_read                7   0   2   1      0x1      0x4
525                lh_read                7   0   2   2      0x1      0x4
525                lh_read                7   0   2   3      0x1      0x4
525                lh_read                7   0   3   0      0x1      0x4
525                lh_read                7   0   3   1      0x1      0x4
525                lh_read                7   0   3   2      0x1      0x4
525                lh_read                7   0   3   3      0x1      0x4
527                lh_read                7   0   0   0      0x1      0x5
527                lh_read                7   0   0   1      0x1      0x5
527                lh_read                7   0   0   2      0x1      0x5
527                lh_read                7   0   0   3      0x1      0x5
527                lh_read                7   0   1   0      0x1      0x5
527                lh_read                7   0   1   1      0x1      0x5
527                lh_read                7   0   1   2      0x1      0x5
527                lh_read                7   0   1   3      0x1      0x5
527                lh_read                7   0   2   0      0x1      0x5
527                lh_read                7   0   2   1      0x1      0x5
527                lh_read                7   0   2   2      0x1      0x5
527                lh_read                7   0   2   3      0x1      0x5
527                lh_read                7   0   3   0      0x1      0x5
527                lh_read                7   0   3   1      0x1      0x5
527                lh_read                7   0   3   2      0x1      0x5
527                lh_read                7   0   3   3      0x1      0x5
529                lh_read                7   0   0   0      0x1      0x6
529                lh_read                7   0   0   1      0x1      0x6
529                lh_read                7   0   0   2      0x1      0x6
529                lh_read                7   0   0   3      0x1      0x6
529                lh_read                7   0   1   0      0x1      0x6
529                lh_read                7   0   1   1      0x1      0x6
529                lh_read                7   0   1   2      0x1      0x6
529                lh_read                7   0   1   3      0x1      0x6
529                lh_read                7   0   2   0      0x1      0x6
529                lh_read                7   0   2   1      0x1      0x6
529                lh_read                7   0   2   2      0x1      0x6
529                lh_read                7   0   2   3      0x1      0x6
529                lh_read                7   0   3   0      0x1      0x6
529                lh_read                7   0   3   1      0x1      0x6
529                lh_read                7   0   3   2      0x1      0x6
529                lh_read                7   0   3   3      0x1      0x6
531                lh_read                7   0   0   0      0x1      0x7
531                lh_read                7   0   0   1      0x1      0x7
531                lh_read                7   0   0   2      0x1      0x7
531                lh_read                7   0   0   3      0x1      0x7
531                lh_read                7   0   1   0      0x1      0x7
531                lh_read                7   0   1   1      0x1      0x7
531                lh_read                7   0   1   2      0x1      0x7
531                lh_read                7   0   1   3      0x1      0x7
531                lh_read                7   0   2   0      0x1      0x7
531                lh_read                7   0   2   1      0x1      0x7
531                lh_read                7   0   2   2      0x1      0x7
531                lh_read                7   0   2   3      0x1      0x7
531                lh_read                7   0   3   0      0x1      0x7
531                lh_read                7   0   3   1      0x1      0x7
531                lh_read                7   0   3   2      0x1      0x7
531                lh_read                7   0   3   3      0x1      0x7
533                lh_read                7   0   0   0      0x1      0x8
533                lh_read                7   0   0   1      0x1      0x8
533                lh_read                7   0   0   2      0x1      0x8
533                lh_read                7   0   0   3      0x1      0x8
533                lh_read                7   0   1   0      0x1      0x8
533                lh_read                7   0   1   1      0x1      0x8
533                lh_read                7   0   1   2      0x1      0x8
533                lh_read                7   0   1   3      0x1      0x8
533                lh_read                7   0   2   0      0x1      0x8
533                lh_read                7   0   2   1      0x1      0x8
533                lh_read                7   0   2   2      0x1      0x8
533                lh_read                7   0   2   3      0x1      0x8
533                lh_read                7   0   3   0      0x1      0x8
533                lh_read                7   0   3   1      0x1      0x8
533                lh_read                7   0   3   2      0x1      0x8
533                lh_read                7   0   3   3      0x1      0x8
535                lh_read                7   0   0   0      0x1      0x9
535                lh_read                7   0   0   1      0x1      0x9
535                lh_read                7   0   0   2      0x1      0x9
535                lh_read                7   0   0   3      0x1      0x9
535                lh_read                7   0   1   0      0x1      0x9
535                lh_read                7   0   1   1      0x1      0x9
535                lh_read                7   0   1   2      0x1      0x9
535                lh_read                7   0   1   3      0x1      0x9
535                lh_read                7   0   2   0      0x1      0x9
535                lh_read                7   0   2   1      0x1      0x9
535                lh_read                7   0   2   2      0x1      0x9
535                lh_read                7   0   2   3      0x1      0x9
535                lh_read                7   0   3   0      0x1      0x9
535                lh_read                7   0   3   1      0x1      0x9
535                lh_read                7   0   3   2      0x1      0x9
535                lh_read                7   0   3   3      0x1      0x9
537                lh_read                7   0   0   0      0x1      0xa
537                lh_read                7   0   0   1      0x1      0xa
537                lh_read                7   0   0   2      0x1      0xa
537                lh_read                7   0   0   3      0x1      0xa
537                lh_read                7   0   1   0      0x1      0xa
537                lh_read                7   0   1   1      0x1      0xa
537                lh_read                7   0   1   2      0x1      0xa
537                lh_read                7   0   1   3      0x1      0xa
537                lh_read                7   0   2   0      0x1      0xa
537                lh_read                7   0   2   1      0x1      0xa
537                lh_read                7   0   2   2      0x1      0xa
537                lh_read                7   0   2   3      0x1      0xa
537                lh_read                7   0   3   0      0x1      0xa
537                lh_read                7   0   3   1      0x1      0xa
537                lh_read                7   0   3   2      0x1      0xa
537                lh_read                7   0   3   3      0x1      0xa
539                lh_read                7   0   0   0      0x1      0xb
539                lh_read                7   0   0   1      0x1      0xb
539                lh_read                7   0   0   2      0x1      0xb
539                lh_read                7   0   0   3      0x1      0xb
539                lh_read                7   0   1   0      0x1      0xb
539                lh_read                7   0   1   1      0x1      0xb
539                lh_read                7   0   1   2      0x1      0xb
539                lh_read                7   0   1   3      0x1      0xb
539                lh_read                7   0   2   0      0x1      0xb
539                lh_read                7   0   2   1      0x1      0xb
539                lh_read                7   0   2   2      0x1      0xb
539                lh_read                7   0   2   3      0x1      0xb
539                lh_read                7   0   3   0      0x1      0xb
539                lh_read                7   0   3   1      0x1      0xb
539                lh_read                7   0   3   2      0x1      0xb
539                lh_read                7   0   3   3      0x1      0xb
541                lh_read                7   0   0   0      0x1      0xc
541                lh_read                7   0   0   1      0x1      0xc
541                lh_read                7   0   0   2      0x1      0xc
541                lh_read                7   0   0   3      0x1      0xc
541                lh_read                7   0   1   0      0x1      0xc
541                lh_read                7   0   1   1      0x1      0xc
541                lh_read                7   0   1   2      0x1      0xc
541                lh_read                7   0   1   3      0x1      0xc
541                lh_read                7   0   2   0      0x1      0xc
541                lh_read                7   0   2   1      0x1      0xc
541                lh_read                7   0   2   2      0x1      0xc
541                lh_read                7   0   2   3      0x1      0xc
541                lh_read                7   0   3   0      0x1      0xc
541                lh_read                7   0   3   1      0x1      0xc
541                lh_read                7   0   3   2      0x1      0xc
541                lh_read                7   0   3   3      0x1      0xc
543                lh_read                7   0   0   0      0x1      0xd
543                lh_read                7   0   0   1      0x1      0xd
543                lh_read                7   0   0   2      0x1      0xd
543                lh_read                7   0   0   3      0x1      0xd
543                lh_read                7   0   1   0      0x1      0xd
543                lh_read                7   0   1   1      0x1      0xd
543                lh_read                7   0   1   2      0x1      0xd
543                lh_read                7   0   1   3      0x1      0xd
543                lh_read                7   0   2   0      0x1      0xd
543                lh_read                7   0   2   1      0x1      0xd
543                lh_read                7   0   2   2      0x1      0xd
543                lh_read                7   0   2   3      0x1      0xd
543                lh_read                7   0   3   0      0x1      0xd
543                lh_read                7   0   3   1      0x1      0xd
543                lh_read                7   0   3   2      0x1      0xd
543                lh_read                7   0   3   3      0x1      0xd
545                lh_read                7   0   0   0      0x1      0xe
545                lh_read                7   0   0   1      0x1      0xe
545                lh_read                7   0   0   2      0x1      0xe
545                lh_read                7   0   0   3      0x1      0xe
545                lh_read                7   0   1   0      0x1      0xe
545                lh_read                7   0   1   1      0x1      0xe
545                lh_read                7   0   1   2      0x1      0xe
545                lh_read                7   0   1   3      0x1      0xe
545                lh_read                7   0   2   0      0x1      0xe
545                lh_read                7   0   2   1      0x1      0xe
545                lh_read                7   0   2   2      0x1      0xe
545                lh_read                7   0   2   3      0x1      0xe
545                lh_read                7   0   3   0      0x1      0xe
545                lh_read                7   0   3   1      0x1      0xe
545                lh_read                7   0   3   2      0x1      0xe
545                lh_read                7   0   3   3      0x1      0xe
547                lh_read                7   0   0   0      0x1      0xf
547                lh_read                7   0   0   1      0x1      0xf
547                lh_read                7   0   0   2      0x1      0xf
547                lh_read                7   0   0   3      0x1      0xf
547                lh_read                7   0   1   0      0x1      0xf
547                lh_read                7   0   1   1      0x1      0xf
547                lh_read                7   0   1   2      0x1      0xf
547                lh_read                7   0   1   3      0x1      0xf
547                lh_read                7   0   2   0      0x1      0xf
547                lh_read                7   0   2   1      0x1      0xf
547                lh_read                7   0   2   2      0x1      0xf
547                lh_read                7   0   2   3      0x1      0xf
547                lh_read                7   0   3   0      0x1      0xf
547                lh_read                7   0   3   1      0x1      0xf
547                lh_read                7   0   3   2      0x1      0xf
547                lh_read                7   0   3   3      0x1      0xf
549                lh_read                7   0   0   0      0x1     0x10
549                lh_read                7   0   0   1      0x1     0x10
549                lh_read                7   0   0   2      0x1     0x10
549                lh_read                7   0   0   3      0x1     0x10
549                lh_read                7   0   1   0      0x1     0x10
549                lh_read                7   0   1   1      0x1     0x10
549                lh_read                7   0   1   2      0x1     0x10
549                lh_read                7   0   1   3      0x1     0x10
549                lh_read                7   0   2   0      0x1     0x10
549                lh_read                7   0   2   1      0x1     0x10
549                lh_read                7   0   2   2      0x1     0x10
549                lh_read                7   0   2   3      0x1     0x10
549                lh_read                7   0   3   0      0x1     0x10
549                lh_read                7   0   3   1      0x1     0x10
549                lh_read                7   0   3   2      0x1     0x10
549                lh_read                7   0   3   3      0x1     0x10
551                lh_read                7   0   0   0      0x1     0x11
551                lh_read                7   0   0   1      0x1     0x11
551                lh_read                7   0   0   2      0x1     0x11
551                lh_read                7   0   0   3      0x1     0x11
551                lh_read                7   0   1   0      0x1     0x11
551                lh_read                7   0   1   1      0x1     0x11
551                lh_read                7   0   1   2      0x1     0x11
551                lh_read                7   0   1   3      0x1     0x11
551                lh_read                7   0   2   0      0x1     0x11
551                lh_read                7   0   2   1      0x1     0x11
551                lh_read                7   0   2   2      0x1     0x11
551                lh_read                7   0   2   3      0x1     0x11
551                lh_read                7   0   3   0      0x1     0x11
551                lh_read                7   0   3   1      0x1     0x11
551                lh_read                7   0   3   2      0x1     0x11
551                lh_read                7   0   3   3      0x1     0x11
553                lh_read                7   0   0   0      0x1     0x12
553                lh_read                7   0   0   1      0x1     0x12
553                lh_read                7   0   0   2      0x1     0x12
553                lh_read                7   0   0   3      0x1     0x12
553                lh_read                7   0   1   0      0x1     0x12
553                lh_read                7   0   1   1      0x1     0x12
553                lh_read                7   0   1   2      0x1     0x12
553                lh_read                7   0   1   3      0x1     0x12
553                lh_read                7   0   2   0      0x1     0x12
553                lh_read                7   0   2   1      0x1     0x12
553                lh_read                7   0   2   2      0x1     0x12
553                lh_read                7   0   2   3      0x1     0x12
553                lh_read                7   0   3   0      0x1     0x12
553                lh_read                7   0   3   1      0x1     0x12
553                lh_read                7   0   3   2      0x1     0x12
553                lh_read                7   0   3   3      0x1     0x12
555                lh_read                7   0   0   0      0x1     0x13
555                lh_read                7   0   0   1      0x1     0x13
555                lh_read                7   0   0   2      0x1     0x13
555                lh_read                7   0   0   3      0x1     0x13
555                lh_read                7   0   1   0      0x1     0x13
555                lh_read                7   0   1   1      0x1     0x13
555                lh_read                7   0   1   2      0x1     0x13
555                lh_read                7   0   1   3      0x1     0x13
555                lh_read                7   0   2   0      0x1     0x13
555                lh_read                7   0   2   1      0x1     0x13
555                lh_read                7   0   2   2      0x1     0x13
555                lh_read                7   0   2   3      0x1     0x13
555                lh_read                7   0   3   0      0x1     0x13
555                lh_read                7   0   3   1      0x1     0x13
555                lh_read                7   0   3   2      0x1     0x13
555                lh_read                7   0   3   3      0x1     0x13
557                lh_read                7   0   0   0      0x1     0x14
557                lh_read                7   0   0   1      0x1     0x14
557                lh_read                7   0   0   2      0x1     0x14
557                lh_read                7   0   0   3      0x1     0x14
557                lh_read                7   0   1   0      0x1     0x14
557                lh_read                7   0   1   1      0x1     0x14
557                lh_read                7   0   1   2      0x1     0x14
557                lh_read                7   0   1   3      0x1     0x14
557                lh_read                7   0   2   0      0x1     0x14
557                lh_read                7   0   2   1      0x1     0x14
557                lh_read                7   0   2   2      0x1     0x14
557                lh_read                7   0   2   3      0x1     0x14
557                lh_read                7   0   3   0      0x1     0x14
557                lh_read                7   0   3   1      0x1     0x14
557                lh_read                7   0   3   2      0x1     0x14
557                lh_read                7   0   3   3      0x1     0x14
559                lh_read                7   0   0   0      0x1     0x15
559                lh_read                7   0   0   1      0x1     0x15
559                lh_read                7   0   0   2      0x1     0x15
559                lh_read                7   0   0   3      0x1     0x15
559                lh_read                7   0   1   0      0x1     0x15
559                lh_read                7   0   1   1      0x1     0x15
559                lh_read                7   0   1   2      0x1     0x15
559                lh_read                7   0   1   3      0x1     0x15
559                lh_read                7   0   2   0      0x1     0x15
559                lh_read                7   0   2   1      0x1     0x15
559                lh_read                7   0   2   2      0x1     0x15
559                lh_read                7   0   2   3      0x1     0x15
559                lh_read                7   0   3   0      0x1     0x15
559                lh_read                7   0   3   1      0x1     0x15
559                lh_read                7   0   3   2      0x1     0x15
559                lh_read                7   0   3   3      0x1     0x15
561                lh_read                7   0   0   0      0x1     0x16
561                lh_read                7   0   0   1      0x1     0x16
561                lh_read                7   0   0   2      0x1     0x16
561                lh_read                7   0   0   3      0x1     0x16
561                lh_read                7   0   1   0      0x1     0x16
561                lh_read                7   0   1   1      0x1     0x16
561                lh_read                7   0   1   2      0x1     0x16
561                lh_read                7   0   1   3      0x1     0x16
561                lh_read                7   0   2   0      0x1     0x16
561                lh_read                7   0   2   1      0x1     0x16
561                lh_read                7   0   2   2      0x1     0x16
561                lh_read                7   0   2   3      0x1     0x16
561                lh_read                7   0   3   0      0x1     0x16
561                lh_read                7   0   3   1      0x1     0x16
561                lh_read                7   0   3   2      0x1     0x16
561                lh_read                7   0   3   3      0x1     0x16
563                lh_read                7   0   0   0      0x1     0x17
563                lh_read                7   0   0   1      0x1     0x17
563                lh_read                7   0   0   2      0x1     0x17
563                lh_read                7   0   0   3      0x1     0x17
563                lh_read                7   0   1   0      0x1     0x17
563                lh_read                7   0   1   1      0x1     0x17
563                lh_read                7   0   1   2      0x1     0x17
563                lh_read                7   0   1   3      0x1     0x17
563                lh_read                7   0   2   0      0x1     0x17
563                lh_read                7   0   2   1      0x1     0x17
563                lh_read                7   0   2   2      0x1     0x17
563                lh_read                7   0   2   3      0x1     0x17
563                lh_read                7   0   3   0      0x1     0x17
563                lh_read                7   0   3   1      0x1     0x17
563                lh_read                7   0   3   2      0x1     0x17
563                lh_read                7   0   3   3      0x1     0x17
565                lh_read                7   0   0   0      0x1     0x18
565                lh_read                7   0   0   1      0x1     0x18
565                lh_read                7   0   0   2      0x1     0x18
565                lh_read                7   0   0   3      0x1     0x18
565                lh_read                7   0   1   0      0x1     0x18
565                lh_read                7   0   1   1      0x1     0x18
565                lh_read                7   0   1   2      0x1     0x18
565                lh_read                7   0   1   3      0x1     0x18
565                lh_read                7   0   2   0      0x1     0x18
565                lh_read                7   0   2   1      0x1     0x18
565                lh_read                7   0   2   2      0x1     0x18
565                lh_read                7   0   2   3      0x1     0x18
565                lh_read                7   0   3   0      0x1     0x18
565                lh_read                7   0   3   1      0x1     0x18
565                lh_read                7   0   3   2      0x1     0x18
565                lh_read                7   0   3   3      0x1     0x18
567                lh_read                7   0   0   0      0x1     0x19
567                lh_read                7   0   0   1      0x1     0x19
567                lh_read                7   0   0   2      0x1     0x19
567                lh_read                7   0   0   3      0x1     0x19
567                lh_read                7   0   1   0      0x1     0x19
567                lh_read                7   0   1   1      0x1     0x19
567                lh_read                7   0   1   2      0x1     0x19
567                lh_read                7   0   1   3      0x1     0x19
567                lh_read                7   0   2   0      0x1     0x19
567                lh_read                7   0   2   1      0x1     0x19
567                lh_read                7   0   2   2      0x1     0x19
567                lh_read                7   0   2   3      0x1     0x19
567                lh_read                7   0   3   0      0x1     0x19
567                lh_read                7   0   3   1      0x1     0x19
567                lh_read                7   0   3   2      0x1     0x19
567                lh_read                7   0   3   3      0x1     0x19
569                lh_read                7   0   0   0      0x1     0x1a
569                lh_read                7   0   0   1      0x1     0x1a
569                lh_read                7   0   0   2      0x1     0x1a
569                lh_read                7   0   0   3      0x1     0x1a
569                lh_read                7   0   1   0      0x1     0x1a
569                lh_read                7   0   1   1      0x1     0x1a
569                lh_read                7   0   1   2      0x1     0x1a
569                lh_read                7   0   1   3      0x1     0x1a
569                lh_read                7   0   2   0      0x1     0x1a
569                lh_read                7   0   2   1      0x1     0x1a
569                lh_read                7   0   2   2      0x1     0x1a
569                lh_read                7   0   2   3      0x1     0x1a
569                lh_read                7   0   3   0      0x1     0x1a
569                lh_read                7   0   3   1      0x1     0x1a
569                lh_read                7   0   3   2      0x1     0x1a
569                lh_read                7   0   3   3      0x1     0x1a
571                lh_read                7   0   0   0      0x1     0x1b
571                lh_read                7   0   0   1      0x1     0x1b
571                lh_read                7   0   0   2      0x1     0x1b
571                lh_read                7   0   0   3      0x1     0x1b
571                lh_read                7   0   1   0      0x1     0x1b
571                lh_read                7   0   1   1      0x1     0x1b
571                lh_read                7   0   1   2      0x1     0x1b
571                lh_read                7   0   1   3      0x1     0x1b
571                lh_read                7   0   2   0      0x1     0x1b
571                lh_read                7   0   2   1      0x1     0x1b
571                lh_read                7   0   2   2      0x1     0x1b
571                lh_read                7   0   2   3      0x1     0x1b
571                lh_read                7   0   3   0      0x1     0x1b
571                lh_read                7   0   3   1      0x1     0x1b
571                lh_read                7   0   3   2      0x1     0x1b
571                lh_read                7   0   3   3      0x1     0x1b
573                lh_read                7   0   0   0      0x1     0x1c
573                lh_read                7   0   0   1      0x1     0x1c
573                lh_read                7   0   0   2      0x1     0x1c
573                lh_read                7   0   0   3      0x1     0x1c
573                lh_read                7   0   1   0      0x1     0x1c
573                lh_read                7   0   1   1      0x1     0x1c
573                lh_read                7   0   1   2      0x1     0x1c
573                lh_read                7   0   1   3      0x1     0x1c
573                lh_read                7   0   2   0      0x1     0x1c
573                lh_read                7   0   2   1      0x1     0x1c
573                lh_read                7   0   2   2      0x1     0x1c
573                lh_read                7   0   2   3      0x1     0x1c
573                lh_read                7   0   3   0      0x1     0x1c
573                lh_read                7   0   3   1      0x1     0x1c
573                lh_read                7   0   3   2      0x1     0x1c
573                lh_read                7   0   3   3      0x1     0x1c
575                lh_read                7   0   0   0      0x1     0x1d
575                lh_read                7   0   0   1      0x1     0x1d
575                lh_read                7   0   0   2      0x1     0x1d
575                lh_read                7   0   0   3      0x1     0x1d
575                lh_read                7   0   1   0      0x1     0x1d
575                lh_read                7   0   1   1      0x1     0x1d
575                lh_read                7   0   1   2      0x1     0x1d
575                lh_read                7   0   1   3      0x1     0x1d
575                lh_read                7   0   2   0      0x1     0x1d
575                lh_read                7   0   2   1      0x1     0x1d
575                lh_read                7   0   2   2      0x1     0x1d
575                lh_read                7   0   2   3      0x1     0x1d
575                lh_read                7   0   3   0      0x1     0x1d
575                lh_read                7   0   3   1      0x1     0x1d
575                lh_read                7   0   3   2      0x1     0x1d
575                lh_read                7   0   3   3      0x1     0x1d
577                lh_read                7   0   0   0      0x1     0x1e
577                lh_read                7   0   0   1      0x1     0x1e
577                lh_read                7   0   0   2      0x1     0x1e
577                lh_read                7   0   0   3      0x1     0x1e
577                lh_read                7   0   1   0      0x1     0x1e
577                lh_read                7   0   1   1      0x1     0x1e
577                lh_read                7   0   1   2      0x1     0x1e
577                lh_read                7   0   1   3      0x1     0x1e
577                lh_read                7   0   2   0      0x1     0x1e
577                lh_read                7   0   2   1      0x1     0x1e
577                lh_read                7   0   2   2      0x1     0x1e
577                lh_read                7   0   2   3      0x1     0x1e
577                lh_read                7   0   3   0      0x1     0x1e
577                lh_read                7   0   3   1      0x1     0x1e
577                lh_read                7   0   3   2      0x1     0x1e
577                lh_read                7   0   3   3      0x1     0x1e
579                lh_read                7   0   0   0      0x1     0x1f
579                lh_read                7   0   0   1      0x1     0x1f
579                lh_read                7   0   0   2      0x1     0x1f
579                lh_read                7   0   0   3      0x1     0x1f
579                lh_read                7   0   1   0      0x1     0x1f
579                lh_read                7   0   1   1      0x1     0x1f
579                lh_read                7   0   1   2      0x1     0x1f
579                lh_read                7   0   1   3      0x1     0x1f
579                lh_read                7   0   2   0      0x1     0x1f
579                lh_read                7   0   2   1      0x1     0x1f
579                lh_read                7   0   2   2      0x1     0x1f
579                lh_read                7   0   2   3      0x1     0x1f
579                lh_read                7   0   3   0      0x1     0x1f
579                lh_read                7   0   3   1      0x1     0x1f
579                lh_read                7   0   3   2      0x1     0x1f
579                lh_read                7   0   3   3      0x1     0x1f
581                lh_read                7   0   0   0      0x1     0x20
581                lh_read                7   0   0   1      0x1     0x20
581                lh_read                7   0   0   2      0x1     0x20
581                lh_read                7   0   0   3      0x1     0x20
581                lh_read                7   0   1   0      0x1     0x20
581                lh_read                7   0   1   1      0x1     0x20
581                lh_read                7   0   1   2      0x1     0x20
581                lh_read                7   0   1   3      0x1     0x20
581                lh_read                7   0   2   0      0x1     0x20
581                lh_read                7   0   2   1      0x1     0x20
581                lh_read                7   0   2   2      0x1     0x20
581                lh_read                7   0   2   3      0x1     0x20
581                lh_read                7   0   3   0      0x1     0x20
581                lh_read                7   0   3   1      0x1     0x20
581                lh_read                7   0   3   2      0x1     0x20
581                lh_read                7   0   3   3      0x1     0x20
583                lh_read                7   0   0   0      0x1     0x21
583                lh_read                7   0   0   1      0x1     0x21
583                lh_read                7   0   0   2      0x1     0x21
583                lh_read                7   0   0   3      0x1     0x21
583                lh_read                7   0   1   0      0x1     0x21
583                lh_read                7   0   1   1      0x1     0x21
583                lh_read                7   0   1   2      0x1     0x21
583                lh_read                7   0   1   3      0x1     0x21
583                lh_read                7   0   2   0      0x1     0x21
583                lh_read                7   0   2   1      0x1     0x21
583                lh_read                7   0   2   2      0x1     0x21
583                lh_read                7   0   2   3      0x1     0x21
583                lh_read                7   0   3   0      0x1     0x21
583                lh_read                7   0   3   1      0x1     0x21
583                lh_read                7   0   3   2      0x1     0x21
583                lh_read                7   0   3   3      0x1     0x21
585                lh_read                7   0   0   0      0x1     0x22
585                lh_read                7   0   0   1      0x1     0x22
585                lh_read                7   0   0   2      0x1     0x22
585                lh_read                7   0   0   3      0x1     0x22
585                lh_read                7   0   1   0      0x1     0x22
585                lh_read                7   0   1   1      0x1     0x22
585                lh_read                7   0   1   2      0x1     0x22
585                lh_read                7   0   1   3      0x1     0x22
585                lh_read                7   0   2   0      0x1     0x22
585                lh_read                7   0   2   1      0x1     0x22
585                lh_read                7   0   2   2      0x1     0x22
585                lh_read                7   0   2   3      0x1     0x22
585                lh_read                7   0   3   0      0x1     0x22
585                lh_read                7   0   3   1      0x1     0x22
585                lh_read                7   0   3   2      0x1     0x22
585                lh_read                7   0   3   3      0x1     0x22
587                lh_read                7   0   0   0      0x1     0x23
587                lh_read                7   0   0   1      0x1     0x23
587                lh_read                7   0   0   2      0x1     0x23
587                lh_read                7   0   0   3      0x1     0x23
587                lh_read                7   0   1   0      0x1     0x23
587                lh_read                7   0   1   1      0x1     0x23
587                lh_read                7   0   1   2      0x1     0x23
587                lh_read                7   0   1   3      0x1     0x23
587                lh_read                7   0   2   0      0x1     0x23
587                lh_read                7   0   2   1      0x1     0x23
587                lh_read                7   0   2   2      0x1     0x23
587                lh_read                7   0   2   3      0x1     0x23
587                lh_read                7   0   3   0      0x1     0x23
587                lh_read                7   0   3   1      0x1     0x23
587                lh_read                7   0   3   2      0x1     0x23
587                lh_read                7   0   3   3      0x1     0x23
589                lh_read                7   0   0   0      0x1     0x24
589                lh_read                7   0   0   1      0x1     0x24
589                lh_read                7   0   0   2      0x1     0x24
589                lh_read                7   0   0   3      0x1     0x24
589                lh_read                7   0   1   0      0x1     0x24
589                lh_read                7   0   1   1      0x1     0x24
589                lh_read                7   0   1   2      0x1     0x24
589                lh_read                7   0   1   3      0x1     0x24
589                lh_read                7   0   2   0      0x1     0x24
589                lh_read                7   0   2   1      0x1     0x24
589                lh_read                7   0   2   2      0x1     0x24
589                lh_read                7   0   2   3      0x1     0x24
589                lh_read                7   0   3   0      0x1     0x24
589                lh_read                7   0   3   1      0x1     0x24
589                lh_read                7   0   3   2      0x1     0x24
589                lh_read                7   0   3   3      0x1     0x24
591                lh_read                7   0   0   0      0x1     0x25
591                lh_read                7   0   0   1      0x1     0x25
591                lh_read                7   0   0   2      0x1     0x25
591                lh_read                7   0   0   3      0x1     0x25
591                lh_read                7   0   1   0      0x1     0x25
591                lh_read                7   0   1   1      0x1     0x25
591                lh_read                7   0   1   2      0x1     0x25
591                lh_read                7   0   1   3      0x1     0x25
591                lh_read                7   0   2   0      0x1     0x25
591                lh_read                7   0   2   1      0x1     0x25
591                lh_read                7   0   2   2      0x1     0x25
591                lh_read                7   0   2   3      0x1     0x25
591                lh_read                7   0   3   0      0x1     0x25
591                lh_read                7   0   3   1      0x1     0x25
591                lh_read                7   0   3   2      0x1     0x25
591                lh_read                7   0   3   3      0x1     0x25
593                lh_read                7   0   0   0      0x1     0x26
593                lh_read                7   0   0   1      0x1     0x26
593                lh_read                7   0   0   2      0x1     0x26
593                lh_read                7   0   0   3      0x1     0x26
593                lh_read                7   0   1   0      0x1     0x26
593                lh_read                7   0   1   1      0x1     0x26
593                lh_read                7   0   1   2      0x1     0x26
593                lh_read                7   0   1   3      0x1     0x26
593                lh_read                7   0   2   0      0x1     0x26
593                lh_read                7   0   2   1      0x1     0x26
593                lh_read                7   0   2   2      0x1     0x26
593                lh_read                7   0   2   3      0x1     0x26
593                lh_read                7   0   3   0      0x1     0x26
593                lh_read                7   0   3   1      0x1     0x26
593                lh_read                7   0   3   2      0x1     0x26
593                lh_read                7   0   3   3      0x1     0x26
595                lh_read                7   0   0   0      0x1     0x27
595                lh_read                7   0   0   1      0x1     0x27
595                lh_read                7   0   0   2      0x1     0x27
595                lh_read                7   0   0   3      0x1     0x27
595                lh_read                7   0   1   0      0x1     0x27
595                lh_read                7   0   1   1      0x1     0x27
595                lh_read                7   0   1   2      0x1     0x27
595                lh_read                7   0   1   3      0x1     0x27
595                lh_read                7   0   2   0      0x1     0x27
595                lh_read                7   0   2   1      0x1     0x27
595                lh_read                7   0   2   2      0x1     0x27
595                lh_read                7   0   2   3      0x1     0x27
595                lh_read                7   0   3   0      0x1     0x27
595                lh_read                7   0   3   1      0x1     0x27
595                lh_read                7   0   3   2      0x1     0x27
595                lh_read                7   0   3   3      0x1     0x27
597                lh_read                7   0   0   0      0x1     0x28
597                lh_read                7   0   0   1      0x1     0x28
597                lh_read                7   0   0   2      0x1     0x28
597                lh_read                7   0   0   3      0x1     0x28
597                lh_read                7   0   1   0      0x1     0x28
597                lh_read                7   0   1   1      0x1     0x28
597                lh_read                7   0   1   2      0x1     0x28
597                lh_read                7   0   1   3      0x1     0x28
597                lh_read                7   0   2   0      0x1     0x28
597                lh_read                7   0   2   1      0x1     0x28
597                lh_read                7   0   2   2      0x1     0x28
597                lh_read                7   0   2   3      0x1     0x28
597                lh_read                7   0   3   0      0x1     0x28
597                lh_read                7   0   3   1      0x1     0x28
597                lh_read                7   0   3   2      0x1     0x28
597                lh_read                7   0   3   3      0x1     0x28
599                lh_read                7   0   0   0      0x1     0x29
599                lh_read                7   0   0   1      0x1     0x29
599                lh_read                7   0   0   2      0x1     0x29
599                lh_read                7   0   0   3      0x1     0x29
599                lh_read                7   0   1   0      0x1     0x29
599                lh_read                7   0   1   1      0x1     0x29
599                lh_read                7   0   1   2      0x1     0x29
599                lh_read                7   0   1   3      0x1     0x29
599                lh_read                7   0   2   0      0x1     0x29
599                lh_read                7   0   2   1      0x1     0x29
599                lh_read                7   0   2   2      0x1     0x29
599                lh_read                7   0   2   3      0x1     0x29
599                lh_read                7   0   3   0      0x1     0x29
599                lh_read                7   0   3   1      0x1     0x29
599                lh_read                7   0   3   2      0x1     0x29
599                lh_read                7   0   3   3      0x1     0x29
601                lh_read                7   0   0   0      0x1     0x2a
601                lh_read                7   0   0   1      0x1     0x2a
601                lh_read                7   0   0   2      0x1     0x2a
601                lh_read                7   0   0   3      0x1     0x2a
601                lh_read                7   0   1   0      0x1     0x2a
601                lh_read                7   0   1   1      0x1     0x2a
601                lh_read                7   0   1   2      0x1     0x2a
601                lh_read                7   0   1   3      0x1     0x2a
601                lh_read                7   0   2   0      0x1     0x2a
601                lh_read                7   0   2   1      0x1     0x2a
601                lh_read                7   0   2   2      0x1     0x2a
601                lh_read                7   0   2   3      0x1     0x2a
601                lh_read                7   0   3   0      0x1     0x2a
601                lh_read                7   0   3   1      0x1     0x2a
601                lh_read                7   0   3   2      0x1     0x2a
601                lh_read                7   0   3   3      0x1     0x2a
603                lh_read                7   0   0   0      0x1     0x2b
603                lh_read                7   0   0   1      0x1     0x2b
603                lh_read                7   0   0   2      0x1     0x2b
603                lh_read                7   0   0   3      0x1     0x2b
603                lh_read                7   0   1   0      0x1     0x2b
603                lh_read                7   0   1   1      0x1     0x2b
603                lh_read                7   0   1   2      0x1     0x2b
603                lh_read                7   0   1   3      0x1     0x2b
603                lh_read                7   0   2   0      0x1     0x2b
603                lh_read                7   0   2   1      0x1     0x2b
603                lh_read                7   0   2   2      0x1     0x2b
603                lh_read                7   0   2   3      0x1     0x2b
603                lh_read                7   0   3   0      0x1     0x2b
603                lh_read                7   0   3   1      0x1     0x2b
603                lh_read                7   0   3   2      0x1     0x2b
603                lh_read                7   0   3   3      0x1     0x2b
605                lh_read                7   0   0   0      0x1     0x2c
605                lh_read                7   0   0   1      0x1     0x2c
605                lh_read                7   0   0   2      0x1     0x2c
605                lh_read                7   0   0   3      0x1     0x2c
605                lh_read                7   0   1   0      0x1     0x2c
605                lh_read                7   0   1   1      0x1     0x2c
605                lh_read                7   0   1   2      0x1     0x2c
605                lh_read                7   0   1   3      0x1     0x2c
605                lh_read                7   0   2   0      0x1     0x2c
605                lh_read                7   0   2   1      0x1     0x2c
605                lh_read                7   0   2   2      0x1     0x2c
605                lh_read                7   0   2   3      0x1     0x2c
605                lh_read                7   0   3   0      0x1     0x2c
605                lh_read                7   0   3   1      0x1     0x2c
605                lh_read                7   0   3   2      0x1     0x2c
605                lh_read                7   0   3   3      0x1     0x2c
607                lh_read                7   0   0   0      0x1     0x2d
607                lh_read                7   0   0   1      0x1     0x2d
607                lh_read                7   0   0   2      0x1     0x2d
607                lh_read                7   0   0   3      0x1     0x2d
607                lh_read                7   0   1   0      0x1     0x2d
607                lh_read                7   0   1   1      0x1     0x2d
607                lh_read                7   0   1   2      0x1     0x2d
607                lh_read                7   0   1   3      0x1     0x2d
607                lh_read                7   0   2   0      0x1     0x2d
607                lh_read                7   0   2   1      0x1     0x2d
607                lh_read                7   0   2   2      0x1     0x2d
607                lh_read                7   0   2   3      0x1     0x2d
607                lh_read                7   0   3   0      0x1     0x2d
607                lh_read                7   0   3   1      0x1     0x2d
607                lh_read                7   0   3   2      0x1     0x2d
607                lh_read                7   0   3   3      0x1     0x2d
609                lh_read                7   0   0   0      0x1     0x2e
609                lh_read                7   0   0   1      0x1     0x2e
609                lh_read                7   0   0   2      0x1     0x2e
609                lh_read                7   0   0   3      0x1     0x2e
609                lh_read                7   0   1   0      0x1     0x2e
609                lh_read                7   0   1   1      0x1     0x2e
609                lh_read                7   0   1   2      0x1     0x2e
609                lh_read                7   0   1   3      0x1     0x2e
609                lh_read                7   0   2   0      0x1     0x2e
609                lh_read                7   0   2   1      0x1     0x2e
609                lh_read                7   0   2   2      0x1     0x2e
609                lh_read                7   0   2   3      0x1     0x2e
609                lh_read                7   0   3   0      0x1     0x2e
609                lh_read                7   0   3   1      0x1     0x2e
609                lh_read                7   0   3   2      0x1     0x2e
609                lh_read                7   0   3   3      0x1     0x2e
611                lh_read                7   0   0   0      0x1     0x2f
611                lh_read                7   0   0   1      0x1     0x2f
611                lh_read                7   0   0   2      0x1     0x2f
611                lh_read                7   0   0   3      0x1     0x2f
611                lh_read                7   0   1   0      0x1     0x2f
611                lh_read                7   0   1   1      0x1     0x2f
611                lh_read                7   0   1   2      0x1     0x2f
611                lh_read                7   0   1   3      0x1     0x2f
611                lh_read                7   0   2   0      0x1     0x2f
611                lh_read                7   0   2   1      0x1     0x2f
611                lh_read                7   0   2   2      0x1     0x2f
611                lh_read                7   0   2   3      0x1     0x2f
611                lh_read                7   0   3   0      0x1     0x2f
611                lh_read                7   0   3   1      0x1     0x2f
611                lh_read                7   0   3   2      0x1     0x2f
611                lh_read                7   0   3   3      0x1     0x2f
613                lh_read                7   0   0   0      0x1     0x30
613                lh_read                7   0   0   1      0x1     0x30
613                lh_read                7   0   0   2      0x1     0x30
613                lh_read                7   0   0   3      0x1     0x30
613                lh_read                7   0   1   0      0x1     0x30
613                lh_read                7   0   1   1      0x1     0x30
613                lh_read                7   0   1   2      0x1     0x30
613                lh_read                7   0   1   3      0x1     0x30
613                lh_read                7   0   2   0      0x1     0x30
613                lh_read                7   0   2   1      0x1     0x30
613                lh_read                7   0   2   2      0x1     0x30
613                lh_read                7   0   2   3      0x1     0x30
613                lh_read                7   0   3   0      0x1     0x30
613                lh_read                7   0   3   1      0x1     0x30
613                lh_read                7   0   3   2      0x1     0x30
613                lh_read                7   0   3   3      0x1     0x30
615                lh_read                7   0   0   0      0x1     0x31
615                lh_read                7   0   0   1      0x1     0x31
615                lh_read                7   0   0   2      0x1     0x31
615                lh_read                7   0   0   3      0x1     0x31
615                lh_read                7   0   1   0      0x1     0x31
615                lh_read                7   0   1   1      0x1     0x31
615                lh_read                7   0   1   2      0x1     0x31
615                lh_read                7   0   1   3      0x1     0x31
615                lh_read                7   0   2   0      0x1     0x31
615                lh_read                7   0   2   1      0x1     0x31
615                lh_read                7   0   2   2      0x1     0x31
615                lh_read                7   0   2   3      0x1     0x31
615                lh_read                7   0   3   0      0x1     0x31
615                lh_read                7   0   3   1      0x1     0x31
615                lh_read                7   0   3   2      0x1     0x31
615                lh_read                7   0   3   3      0x1     0x31
617                lh_read                7   0   0   0      0x1     0x32
617                lh_read                7   0   0   1      0x1     0x32
617                lh_read                7   0   0   2      0x1     0x32
617                lh_read                7   0   0   3      0x1     0x32
617                lh_read                7   0   1   0      0x1     0x32
617                lh_read                7   0   1   1      0x1     0x32
617                lh_read                7   0   1   2      0x1     0x32
617                lh_read                7   0   1   3      0x1     0x32
617                lh_read                7   0   2   0      0x1     0x32
617                lh_read                7   0   2   1      0x1     0x32
617                lh_read                7   0   2   2      0x1     0x32
617                lh_read                7   0   2   3      0x1     0x32
617                lh_read                7   0   3   0      0x1     0x32
617                lh_read                7   0   3   1      0x1     0x32
617                lh_read                7   0   3   2      0x1     0x32
617                lh_read                7   0   3   3      0x1     0x32
619                lh_read                7   0   0   0      0x1     0x33
619                lh_read                7   0   0   1      0x1     0x33
619                lh_read                7   0   0   2      0x1     0x33
619                lh_read                7   0   0   3      0x1     0x33
619                lh_read                7   0   1   0      0x1     0x33
619                lh_read                7   0   1   1      0x1     0x33
619                lh_read                7   0   1   2      0x1     0x33
619                lh_read                7   0   1   3      0x1     0x33
619                lh_read                7   0   2   0      0x1     0x33
619                lh_read                7   0   2   1      0x1     0x33
619                lh_read                7   0   2   2      0x1     0x33
619                lh_read                7   0   2   3      0x1     0x33
619                lh_read                7   0   3   0      0x1     0x33
619                lh_read                7   0   3   1      0x1     0x33
619                lh_read                7   0   3   2      0x1     0x33
619                lh_read                7   0   3   3      0x1     0x33
621                lh_read                7   0   0   0      0x1     0x34
621                lh_read                7   0   0   1      0x1     0x34
621                lh_read                7   0   0   2      0x1     0x34
621                lh_read                7   0   0   3      0x1     0x34
621                lh_read                7   0   1   0      0x1     0x34
621                lh_read                7   0   1   1      0x1     0x34
621                lh_read                7   0   1   2      0x1     0x34
621                lh_read                7   0   1   3      0x1     0x34
621                lh_read                7   0   2   0      0x1     0x34
621                lh_read                7   0   2   1      0x1     0x34
621                lh_read                7   0   2   2      0x1     0x34
621                lh_read                7   0   2   3      0x1     0x34
621                lh_read                7   0   3   0      0x1     0x34
621                lh_read                7   0   3   1      0x1     0x34
621                lh_read                7   0   3   2      0x1     0x34
621                lh_read                7   0   3   3      0x1     0x34
623                lh_read                7   0   0   0      0x1     0x35
623                lh_read                7   0   0   1      0x1     0x35
623                lh_read                7   0   0   2      0x1     0x35
623                lh_read                7   0   0   3      0x1     0x35
623                lh_read                7   0   1   0      0x1     0x35
623                lh_read                7   0   1   1      0x1     0x35
623                lh_read                7   0   1   2      0x1     0x35
623                lh_read                7   0   1   3      0x1     0x35
623                lh_read                7   0   2   0      0x1     0x35
623                lh_read                7   0   2   1      0x1     0x35
623                lh_read                7   0   2   2      0x1     0x35
623                lh_read                7   0   2   3      0x1     0x35
623                lh_read                7   0   3   0      0x1     0x35
623                lh_read                7   0   3   1      0x1     0x35
623                lh_read                7   0   3   2      0x1     0x35
623                lh_read                7   0   3   3      0x1     0x35
625                lh_read                7   0   0   0      0x1     0x36
625                lh_read                7   0   0   1      0x1     0x36
625                lh_read                7   0   0   2      0x1     0x36
625                lh_read                7   0   0   3      0x1     0x36
625                lh_read                7   0   1   0      0x1     0x36
625                lh_read                7   0   1   1      0x1     0x36
625                lh_read                7   0   1   2      0x1     0x36
625                lh_read                7   0   1   3      0x1     0x36
625                lh_read                7   0   2   0      0x1     0x36
625                lh_read                7   0   2   1      0x1     0x36
625                lh_read                7   0   2   2      0x1     0x36
625                lh_read                7   0   2   3      0x1     0x36
625                lh_read                7   0   3   0      0x1     0x36
625                lh_read                7   0   3   1      0x1     0x36
625                lh_read                7   0   3   2      0x1     0x36
625                lh_read                7   0   3   3      0x1     0x36
627                lh_read                7   0   0   0      0x1     0x37
627                lh_read                7   0   0   1      0x1     0x37
627                lh_read                7   0   0   2      0x1     0x37
627                lh_read                7   0   0   3      0x1     0x37
627                lh_read                7   0   1   0      0x1     0x37
627                lh_read                7   0   1   1      0x1     0x37
627                lh_read                7   0   1   2      0x1     0x37
627                lh_read                7   0   1   3      0x1     0x37
627                lh_read                7   0   2   0      0x1     0x37
627                lh_read                7   0   2   1      0x1     0x37
627                lh_read                7   0   2   2      0x1     0x37
627                lh_read                7   0   2   3      0x1     0x37
627                lh_read                7   0   3   0      0x1     0x37
627                lh_read                7   0   3   1      0x1     0x37
627                lh_read                7   0   3   2      0x1     0x37
627                lh_read                7   0   3   3      0x1     0x37
629                lh_read                7   0   0   0      0x1     0x38
629                lh_read                7   0   0   1      0x1     0x38
629                lh_read                7   0   0   2      0x1     0x38
629                lh_read                7   0   0   3      0x1     0x38
629                lh_read                7   0   1   0      0x1     0x38
629                lh_read                7   0   1   1      0x1     0x38
629                lh_read                7   0   1   2      0x1     0x38
629                lh_read                7   0   1   3      0x1     0x38
629                lh_read                7   0   2   0      0x1     0x38
629                lh_read                7   0   2   1      0x1     0x38
629                lh_read                7   0   2   2      0x1     0x38
629                lh_read                7   0   2   3      0x1     0x38
629                lh_read                7   0   3   0      0x1     0x38
629                lh_read                7   0   3   1      0x1     0x38
629                lh_read                7   0   3   2      0x1     0x38
629                lh_read                7   0   3   3      0x1     0x38
631                lh_read                7   0   0   0      0x1     0x39
631                lh_read                7   0   0   1      0x1     0x39
631                lh_read                7   0   0   2      0x1     0x39
631                lh_read                7   0   0   3      0x1     0x39
631                lh_read                7   0   1   0      0x1     0x39
631                lh_read                7   0   1   1      0x1     0x39
631                lh_read                7   0   1   2      0x1     0x39
631                lh_read                7   0   1   3      0x1     0x39
631                lh_read                7   0   2   0      0x1     0x39
631                lh_read                7   0   2   1      0x1     0x39
631                lh_read                7   0   2   2      0x1     0x39
631                lh_read                7   0   2   3      0x1     0x39
631                lh_read                7   0   3   0      0x1     0x39
631                lh_read                7   0   3   1      0x1     0x39
631                lh_read                7   0   3   2      0x1     0x39
631                lh_read                7   0   3   3      0x1     0x39
633                lh_read                7   0   0   0      0x1     0x3a
633                lh_read                7   0   0   1      0x1     0x3a
633                lh_read                7   0   0   2      0x1     0x3a
633                lh_read                7   0   0   3      0x1     0x3a
633                lh_read                7   0   1   0      0x1     0x3a
633                lh_read                7   0   1   1      0x1     0x3a
633                lh_read                7   0   1   2      0x1     0x3a
633                lh_read                7   0   1   3      0x1     0x3a
633                lh_read                7   0   2   0      0x1     0x3a
633                lh_read                7   0   2   1      0x1     0x3a
633                lh_read                7   0   2   2      0x1     0x3a
633                lh_read                7   0   2   3      0x1     0x3a
633                lh_read                7   0   3   0      0x1     0x3a
633                lh_read                7   0   3   1      0x1     0x3a
633                lh_read                7   0   3   2      0x1     0x3a
633                lh_read                7   0   3   3      0x1     0x3a
635                lh_read                7   0   0   0      0x1     0x3b
635                lh_read                7   0   0   1      0x1     0x3b
635                lh_read                7   0   0   2      0x1     0x3b
635                lh_read                7   0   0   3      0x1     0x3b
635                lh_read                7   0   1   0      0x1     0x3b
635                lh_read                7   0   1   1      0x1     0x3b
635                lh_read                7   0   1   2      0x1     0x3b
635                lh_read                7   0   1   3      0x1     0x3b
635                lh_read                7   0   2   0      0x1     0x3b
635                lh_read                7   0   2   1      0x1     0x3b
635                lh_read                7   0   2   2      0x1     0x3b
635                lh_read                7   0   2   3      0x1     0x3b
635                lh_read                7   0   3   0      0x1     0x3b
635                lh_read                7   0   3   1      0x1     0x3b
635                lh_read                7   0   3   2      0x1     0x3b
635                lh_read                7   0   3   3      0x1     0x3b
637                lh_read                7   0   0   0      0x1     0x3c
637                lh_read                7   0   0   1      0x1     0x3c
637                lh_read                7   0   0   2      0x1     0x3c
637                lh_read                7   0   0   3      0x1     0x3c
637                lh_read                7   0   1   0      0x1     0x3c
637                lh_read                7   0   1   1      0x1     0x3c
637                lh_read                7   0   1   2      0x1     0x3c
637                lh_read                7   0   1   3      0x1     0x3c
637                lh_read                7   0   2   0      0x1     0x3c
637                lh_read                7   0   2   1      0x1     0x3c
637                lh_read                7   0   2   2      0x1     0x3c
637                lh_read                7   0   2   3      0x1     0x3c
637                lh_read                7   0   3   0      0x1     0x3c
637                lh_read                7   0   3   1      0x1     0x3c
637                lh_read                7   0   3   2      0x1     0x3c
637                lh_read                7   0   3   3      0x1     0x3c
639                lh_read                7   0   0   0      0x1     0x3d
639                lh_read                7   0   0   1      0x1     0x3d
639                lh_read                7   0   0   2      0x1     0x3d
639                lh_read                7   0   0   3      0x1     0x3d
639                lh_read                7   0   1   0      0x1     0x3d
639                lh_read                7   0   1   1      0x1     0x3d
639                lh_read                7   0   1   2      0x1     0x3d
639                lh_read                7   0   1   3      0x1     0x3d
639                lh_read                7   0   2   0      0x1     0x3d
639                lh_read                7   0   2   1      0x1     0x3d
639                lh_read                7   0   2   2      0x1     0x3d
639                lh_read                7   0   2   3      0x1     0x3d
639                lh_read                7   0   3   0      0x1     0x3d
639                lh_read                7   0   3   1      0x1     0x3d
639                lh_read                7   0   3   2      0x1     0x3d
639                lh_read                7   0   3   3      0x1     0x3d
641                lh_read                7   0   0   0      0x1     0x3e
641                lh_read                7   0   0   1      0x1     0x3e
641                lh_read                7   0   0   2      0x1     0x3e
641                lh_read                7   0   0   3      0x1     0x3e
641                lh_read                7   0   1   0      0x1     0x3e
641                lh_read                7   0   1   1      0x1     0x3e
641                lh_read                7   0   1   2      0x1     0x3e
641                lh_read                7   0   1   3      0x1     0x3e
641                lh_read                7   0   2   0      0x1     0x3e
641                lh_read                7   0   2   1      0x1     0x3e
641                lh_read                7   0   2   2      0x1     0x3e
641                lh_read                7   0   2   3      0x1     0x3e
641                lh_read                7   0   3   0      0x1     0x3e
641                lh_read                7   0   3   1      0x1     0x3e
641                lh_read                7   0   3   2      0x1     0x3e
641                lh_read                7   0   3   3      0x1     0x3e
643                lh_read_p              7   0   0   0      0x1     0x3f
643                lh_read_p              7   0   0   1      0x1     0x3f
643                lh_read_p              7   0   0   2      0x1     0x3f
643                lh_read_p              7   0   0   3      0x1     0x3f
643                lh_read_p              7   0   1   0      0x1     0x3f
643                lh_read_p              7   0   1   1      0x1     0x3f
643                lh_read_p              7   0   1   2      0x1     0x3f
643                lh_read_p              7   0   1   3      0x1     0x3f
643                lh_read_p              7   0   2   0      0x1     0x3f
643                lh_read_p              7   0   2   1      0x1     0x3f
643                lh_read_p              7   0   2   2      0x1     0x3f
643                lh_read_p              7   0   2   3      0x1     0x3f
643                lh_read_p              7   0   3   0      0x1     0x3f
643                lh_read_p              7   0   3   1      0x1     0x3f
643                lh_read_p              7   0   3   2      0x1     0x3f
643                lh_read_p              7   0   3   3      0x1     0x3f
662                pim_activate           7   0   0   0      0x2      0x0
662                pim_activate           7   0   0   1      0x2      0x0
662                pim_activate           7   0   0   2      0x2      0x0
662                pim_activate           7   0   0   3      0x2      0x0
692                pim_activate           7   0   1   0      0x2      0x0
692                pim_activate           7   0   1   1      0x2      0x0
692                pim_activate           7   0   1   2      0x2      0x0
692                pim_activate           7   0   1   3      0x2      0x0
722                pim_activate           7   0   2   0      0x2      0x0
722                pim_activate           7   0   2   1      0x2      0x0
722                pim_activate           7   0   2   2      0x2      0x0
722                pim_activate           7   0   2   3      0x2      0x0
752                pim_activate           7   0   3   0      0x2      0x0
752                pim_activate           7   0   3   1      0x2      0x0
752                pim_activate           7   0   3   2      0x2      0x0
752                pim_activate           7   0   3   3      0x2      0x0
766                lh_read                7   0   0   0      0x2      0x0
766                lh_read                7   0   0   1      0x2      0x0
766                lh_read                7   0   0   2      0x2      0x0
766                lh_read                7   0   0   3      0x2      0x0
766                lh_read                7   0   1   0      0x2      0x0
766                lh_read                7   0   1   1      0x2      0x0
766                lh_read                7   0   1   2      0x2      0x0
766                lh_read                7   0   1   3      0x2      0x0
766                lh_read                7   0   2   0      0x2      0x0
766                lh_read                7   0   2   1      0x2      0x0
766                lh_read                7   0   2   2      0x2      0x0
766                lh_read                7   0   2   3      0x2      0x0
766                lh_read                7   0   3   0      0x2      0x0
766                lh_read                7   0   3   1      0x2      0x0
766                lh_read                7   0   3   2      0x2      0x0
766                lh_read                7   0   3   3      0x2      0x0
768                lh_read                7   0   0   0      0x2      0x1
768                lh_read                7   0   0   1      0x2      0x1
768                lh_read                7   0   0   2      0x2      0x1
768                lh_read                7   0   0   3      0x2      0x1
768                lh_read                7   0   1   0      0x2      0x1
768                lh_read                7   0   1   1      0x2      0x1
768                lh_read                7   0   1   2      0x2      0x1
768                lh_read                7   0   1   3      0x2      0x1
768                lh_read                7   0   2   0      0x2      0x1
768                lh_read                7   0   2   1      0x2      0x1
768                lh_read                7   0   2   2      0x2      0x1
768                lh_read                7   0   2   3      0x2      0x1
768                lh_read                7   0   3   0      0x2      0x1
768                lh_read                7   0   3   1      0x2      0x1
768                lh_read                7   0   3   2      0x2      0x1
768                lh_read                7   0   3   3      0x2      0x1
770                lh_read                7   0   0   0      0x2      0x2
770                lh_read                7   0   0   1      0x2      0x2
770                lh_read                7   0   0   2      0x2      0x2
770                lh_read                7   0   0   3      0x2      0x2
770                lh_read                7   0   1   0      0x2      0x2
770                lh_read                7   0   1   1      0x2      0x2
770                lh_read                7   0   1   2      0x2      0x2
770                lh_read                7   0   1   3      0x2      0x2
770                lh_read                7   0   2   0      0x2      0x2
770                lh_read                7   0   2   1      0x2      0x2
770                lh_read                7   0   2   2      0x2      0x2
770                lh_read                7   0   2   3      0x2      0x2
770                lh_read                7   0   3   0      0x2      0x2
770                lh_read                7   0   3   1      0x2      0x2
770                lh_read                7   0   3   2      0x2      0x2
770                lh_read                7   0   3   3      0x2      0x2
772                lh_read                7   0   0   0      0x2      0x3
772                lh_read                7   0   0   1      0x2      0x3
772                lh_read                7   0   0   2      0x2      0x3
772                lh_read                7   0   0   3      0x2      0x3
772                lh_read                7   0   1   0      0x2      0x3
772                lh_read                7   0   1   1      0x2      0x3
772                lh_read                7   0   1   2      0x2      0x3
772                lh_read                7   0   1   3      0x2      0x3
772                lh_read                7   0   2   0      0x2      0x3
772                lh_read                7   0   2   1      0x2      0x3
772                lh_read                7   0   2   2      0x2      0x3
772                lh_read                7   0   2   3      0x2      0x3
772                lh_read                7   0   3   0      0x2      0x3
772                lh_read                7   0   3   1      0x2      0x3
772                lh_read                7   0   3   2      0x2      0x3
772                lh_read                7   0   3   3      0x2      0x3
774                lh_read                7   0   0   0      0x2      0x4
774                lh_read                7   0   0   1      0x2      0x4
774                lh_read                7   0   0   2      0x2      0x4
774                lh_read                7   0   0   3      0x2      0x4
774                lh_read                7   0   1   0      0x2      0x4
774                lh_read                7   0   1   1      0x2      0x4
774                lh_read                7   0   1   2      0x2      0x4
774                lh_read                7   0   1   3      0x2      0x4
774                lh_read                7   0   2   0      0x2      0x4
774                lh_read                7   0   2   1      0x2      0x4
774                lh_read                7   0   2   2      0x2      0x4
774                lh_read                7   0   2   3      0x2      0x4
774                lh_read                7   0   3   0      0x2      0x4
774                lh_read                7   0   3   1      0x2      0x4
774                lh_read                7   0   3   2      0x2      0x4
774                lh_read                7   0   3   3      0x2      0x4
776                lh_read                7   0   0   0      0x2      0x5
776                lh_read                7   0   0   1      0x2      0x5
776                lh_read                7   0   0   2      0x2      0x5
776                lh_read                7   0   0   3      0x2      0x5
776                lh_read                7   0   1   0      0x2      0x5
776                lh_read                7   0   1   1      0x2      0x5
776                lh_read                7   0   1   2      0x2      0x5
776                lh_read                7   0   1   3      0x2      0x5
776                lh_read                7   0   2   0      0x2      0x5
776                lh_read                7   0   2   1      0x2      0x5
776                lh_read                7   0   2   2      0x2      0x5
776                lh_read                7   0   2   3      0x2      0x5
776                lh_read                7   0   3   0      0x2      0x5
776                lh_read                7   0   3   1      0x2      0x5
776                lh_read                7   0   3   2      0x2      0x5
776                lh_read                7   0   3   3      0x2      0x5
778                lh_read                7   0   0   0      0x2      0x6
778                lh_read                7   0   0   1      0x2      0x6
778                lh_read                7   0   0   2      0x2      0x6
778                lh_read                7   0   0   3      0x2      0x6
778                lh_read                7   0   1   0      0x2      0x6
778                lh_read                7   0   1   1      0x2      0x6
778                lh_read                7   0   1   2      0x2      0x6
778                lh_read                7   0   1   3      0x2      0x6
778                lh_read                7   0   2   0      0x2      0x6
778                lh_read                7   0   2   1      0x2      0x6
778                lh_read                7   0   2   2      0x2      0x6
778                lh_read                7   0   2   3      0x2      0x6
778                lh_read                7   0   3   0      0x2      0x6
778                lh_read                7   0   3   1      0x2      0x6
778                lh_read                7   0   3   2      0x2      0x6
778                lh_read                7   0   3   3      0x2      0x6
780                lh_read                7   0   0   0      0x2      0x7
780                lh_read                7   0   0   1      0x2      0x7
780                lh_read                7   0   0   2      0x2      0x7
780                lh_read                7   0   0   3      0x2      0x7
780                lh_read                7   0   1   0      0x2      0x7
780                lh_read                7   0   1   1      0x2      0x7
780                lh_read                7   0   1   2      0x2      0x7
780                lh_read                7   0   1   3      0x2      0x7
780                lh_read                7   0   2   0      0x2      0x7
780                lh_read                7   0   2   1      0x2      0x7
780                lh_read                7   0   2   2      0x2      0x7
780                lh_read                7   0   2   3      0x2      0x7
780                lh_read                7   0   3   0      0x2      0x7
780                lh_read                7   0   3   1      0x2      0x7
780                lh_read                7   0   3   2      0x2      0x7
780                lh_read                7   0   3   3      0x2      0x7
782                lh_read                7   0   0   0      0x2      0x8
782                lh_read                7   0   0   1      0x2      0x8
782                lh_read                7   0   0   2      0x2      0x8
782                lh_read                7   0   0   3      0x2      0x8
782                lh_read                7   0   1   0      0x2      0x8
782                lh_read                7   0   1   1      0x2      0x8
782                lh_read                7   0   1   2      0x2      0x8
782                lh_read                7   0   1   3      0x2      0x8
782                lh_read                7   0   2   0      0x2      0x8
782                lh_read                7   0   2   1      0x2      0x8
782                lh_read                7   0   2   2      0x2      0x8
782                lh_read                7   0   2   3      0x2      0x8
782                lh_read                7   0   3   0      0x2      0x8
782                lh_read                7   0   3   1      0x2      0x8
782                lh_read                7   0   3   2      0x2      0x8
782                lh_read                7   0   3   3      0x2      0x8
784                lh_read                7   0   0   0      0x2      0x9
784                lh_read                7   0   0   1      0x2      0x9
784                lh_read                7   0   0   2      0x2      0x9
784                lh_read                7   0   0   3      0x2      0x9
784                lh_read                7   0   1   0      0x2      0x9
784                lh_read                7   0   1   1      0x2      0x9
784                lh_read                7   0   1   2      0x2      0x9
784                lh_read                7   0   1   3      0x2      0x9
784                lh_read                7   0   2   0      0x2      0x9
784                lh_read                7   0   2   1      0x2      0x9
784                lh_read                7   0   2   2      0x2      0x9
784                lh_read                7   0   2   3      0x2      0x9
784                lh_read                7   0   3   0      0x2      0x9
784                lh_read                7   0   3   1      0x2      0x9
784                lh_read                7   0   3   2      0x2      0x9
784                lh_read                7   0   3   3      0x2      0x9
786                lh_read                7   0   0   0      0x2      0xa
786                lh_read                7   0   0   1      0x2      0xa
786                lh_read                7   0   0   2      0x2      0xa
786                lh_read                7   0   0   3      0x2      0xa
786                lh_read                7   0   1   0      0x2      0xa
786                lh_read                7   0   1   1      0x2      0xa
786                lh_read                7   0   1   2      0x2      0xa
786                lh_read                7   0   1   3      0x2      0xa
786                lh_read                7   0   2   0      0x2      0xa
786                lh_read                7   0   2   1      0x2      0xa
786                lh_read                7   0   2   2      0x2      0xa
786                lh_read                7   0   2   3      0x2      0xa
786                lh_read                7   0   3   0      0x2      0xa
786                lh_read                7   0   3   1      0x2      0xa
786                lh_read                7   0   3   2      0x2      0xa
786                lh_read                7   0   3   3      0x2      0xa
788                lh_read                7   0   0   0      0x2      0xb
788                lh_read                7   0   0   1      0x2      0xb
788                lh_read                7   0   0   2      0x2      0xb
788                lh_read                7   0   0   3      0x2      0xb
788                lh_read                7   0   1   0      0x2      0xb
788                lh_read                7   0   1   1      0x2      0xb
788                lh_read                7   0   1   2      0x2      0xb
788                lh_read                7   0   1   3      0x2      0xb
788                lh_read                7   0   2   0      0x2      0xb
788                lh_read                7   0   2   1      0x2      0xb
788                lh_read                7   0   2   2      0x2      0xb
788                lh_read                7   0   2   3      0x2      0xb
788                lh_read                7   0   3   0      0x2      0xb
788                lh_read                7   0   3   1      0x2      0xb
788                lh_read                7   0   3   2      0x2      0xb
788                lh_read                7   0   3   3      0x2      0xb
790                lh_read                7   0   0   0      0x2      0xc
790                lh_read                7   0   0   1      0x2      0xc
790                lh_read                7   0   0   2      0x2      0xc
790                lh_read                7   0   0   3      0x2      0xc
790                lh_read                7   0   1   0      0x2      0xc
790                lh_read                7   0   1   1      0x2      0xc
790                lh_read                7   0   1   2      0x2      0xc
790                lh_read                7   0   1   3      0x2      0xc
790                lh_read                7   0   2   0      0x2      0xc
790                lh_read                7   0   2   1      0x2      0xc
790                lh_read                7   0   2   2      0x2      0xc
790                lh_read                7   0   2   3      0x2      0xc
790                lh_read                7   0   3   0      0x2      0xc
790                lh_read                7   0   3   1      0x2      0xc
790                lh_read                7   0   3   2      0x2      0xc
790                lh_read                7   0   3   3      0x2      0xc
792                lh_read                7   0   0   0      0x2      0xd
792                lh_read                7   0   0   1      0x2      0xd
792                lh_read                7   0   0   2      0x2      0xd
792                lh_read                7   0   0   3      0x2      0xd
792                lh_read                7   0   1   0      0x2      0xd
792                lh_read                7   0   1   1      0x2      0xd
792                lh_read                7   0   1   2      0x2      0xd
792                lh_read                7   0   1   3      0x2      0xd
792                lh_read                7   0   2   0      0x2      0xd
792                lh_read                7   0   2   1      0x2      0xd
792                lh_read                7   0   2   2      0x2      0xd
792                lh_read                7   0   2   3      0x2      0xd
792                lh_read                7   0   3   0      0x2      0xd
792                lh_read                7   0   3   1      0x2      0xd
792                lh_read                7   0   3   2      0x2      0xd
792                lh_read                7   0   3   3      0x2      0xd
794                lh_read                7   0   0   0      0x2      0xe
794                lh_read                7   0   0   1      0x2      0xe
794                lh_read                7   0   0   2      0x2      0xe
794                lh_read                7   0   0   3      0x2      0xe
794                lh_read                7   0   1   0      0x2      0xe
794                lh_read                7   0   1   1      0x2      0xe
794                lh_read                7   0   1   2      0x2      0xe
794                lh_read                7   0   1   3      0x2      0xe
794                lh_read                7   0   2   0      0x2      0xe
794                lh_read                7   0   2   1      0x2      0xe
794                lh_read                7   0   2   2      0x2      0xe
794                lh_read                7   0   2   3      0x2      0xe
794                lh_read                7   0   3   0      0x2      0xe
794                lh_read                7   0   3   1      0x2      0xe
794                lh_read                7   0   3   2      0x2      0xe
794                lh_read                7   0   3   3      0x2      0xe
796                lh_read                7   0   0   0      0x2      0xf
796                lh_read                7   0   0   1      0x2      0xf
796                lh_read                7   0   0   2      0x2      0xf
796                lh_read                7   0   0   3      0x2      0xf
796                lh_read                7   0   1   0      0x2      0xf
796                lh_read                7   0   1   1      0x2      0xf
796                lh_read                7   0   1   2      0x2      0xf
796                lh_read                7   0   1   3      0x2      0xf
796                lh_read                7   0   2   0      0x2      0xf
796                lh_read                7   0   2   1      0x2      0xf
796                lh_read                7   0   2   2      0x2      0xf
796                lh_read                7   0   2   3      0x2      0xf
796                lh_read                7   0   3   0      0x2      0xf
796                lh_read                7   0   3   1      0x2      0xf
796                lh_read                7   0   3   2      0x2      0xf
796                lh_read                7   0   3   3      0x2      0xf
798                lh_read                7   0   0   0      0x2     0x10
798                lh_read                7   0   0   1      0x2     0x10
798                lh_read                7   0   0   2      0x2     0x10
798                lh_read                7   0   0   3      0x2     0x10
798                lh_read                7   0   1   0      0x2     0x10
798                lh_read                7   0   1   1      0x2     0x10
798                lh_read                7   0   1   2      0x2     0x10
798                lh_read                7   0   1   3      0x2     0x10
798                lh_read                7   0   2   0      0x2     0x10
798                lh_read                7   0   2   1      0x2     0x10
798                lh_read                7   0   2   2      0x2     0x10
798                lh_read                7   0   2   3      0x2     0x10
798                lh_read                7   0   3   0      0x2     0x10
798                lh_read                7   0   3   1      0x2     0x10
798                lh_read                7   0   3   2      0x2     0x10
798                lh_read                7   0   3   3      0x2     0x10
800                lh_read                7   0   0   0      0x2     0x11
800                lh_read                7   0   0   1      0x2     0x11
800                lh_read                7   0   0   2      0x2     0x11
800                lh_read                7   0   0   3      0x2     0x11
800                lh_read                7   0   1   0      0x2     0x11
800                lh_read                7   0   1   1      0x2     0x11
800                lh_read                7   0   1   2      0x2     0x11
800                lh_read                7   0   1   3      0x2     0x11
800                lh_read                7   0   2   0      0x2     0x11
800                lh_read                7   0   2   1      0x2     0x11
800                lh_read                7   0   2   2      0x2     0x11
800                lh_read                7   0   2   3      0x2     0x11
800                lh_read                7   0   3   0      0x2     0x11
800                lh_read                7   0   3   1      0x2     0x11
800                lh_read                7   0   3   2      0x2     0x11
800                lh_read                7   0   3   3      0x2     0x11
802                lh_read                7   0   0   0      0x2     0x12
802                lh_read                7   0   0   1      0x2     0x12
802                lh_read                7   0   0   2      0x2     0x12
802                lh_read                7   0   0   3      0x2     0x12
802                lh_read                7   0   1   0      0x2     0x12
802                lh_read                7   0   1   1      0x2     0x12
802                lh_read                7   0   1   2      0x2     0x12
802                lh_read                7   0   1   3      0x2     0x12
802                lh_read                7   0   2   0      0x2     0x12
802                lh_read                7   0   2   1      0x2     0x12
802                lh_read                7   0   2   2      0x2     0x12
802                lh_read                7   0   2   3      0x2     0x12
802                lh_read                7   0   3   0      0x2     0x12
802                lh_read                7   0   3   1      0x2     0x12
802                lh_read                7   0   3   2      0x2     0x12
802                lh_read                7   0   3   3      0x2     0x12
804                lh_read                7   0   0   0      0x2     0x13
804                lh_read                7   0   0   1      0x2     0x13
804                lh_read                7   0   0   2      0x2     0x13
804                lh_read                7   0   0   3      0x2     0x13
804                lh_read                7   0   1   0      0x2     0x13
804                lh_read                7   0   1   1      0x2     0x13
804                lh_read                7   0   1   2      0x2     0x13
804                lh_read                7   0   1   3      0x2     0x13
804                lh_read                7   0   2   0      0x2     0x13
804                lh_read                7   0   2   1      0x2     0x13
804                lh_read                7   0   2   2      0x2     0x13
804                lh_read                7   0   2   3      0x2     0x13
804                lh_read                7   0   3   0      0x2     0x13
804                lh_read                7   0   3   1      0x2     0x13
804                lh_read                7   0   3   2      0x2     0x13
804                lh_read                7   0   3   3      0x2     0x13
806                lh_read                7   0   0   0      0x2     0x14
806                lh_read                7   0   0   1      0x2     0x14
806                lh_read                7   0   0   2      0x2     0x14
806                lh_read                7   0   0   3      0x2     0x14
806                lh_read                7   0   1   0      0x2     0x14
806                lh_read                7   0   1   1      0x2     0x14
806                lh_read                7   0   1   2      0x2     0x14
806                lh_read                7   0   1   3      0x2     0x14
806                lh_read                7   0   2   0      0x2     0x14
806                lh_read                7   0   2   1      0x2     0x14
806                lh_read                7   0   2   2      0x2     0x14
806                lh_read                7   0   2   3      0x2     0x14
806                lh_read                7   0   3   0      0x2     0x14
806                lh_read                7   0   3   1      0x2     0x14
806                lh_read                7   0   3   2      0x2     0x14
806                lh_read                7   0   3   3      0x2     0x14
808                lh_read                7   0   0   0      0x2     0x15
808                lh_read                7   0   0   1      0x2     0x15
808                lh_read                7   0   0   2      0x2     0x15
808                lh_read                7   0   0   3      0x2     0x15
808                lh_read                7   0   1   0      0x2     0x15
808                lh_read                7   0   1   1      0x2     0x15
808                lh_read                7   0   1   2      0x2     0x15
808                lh_read                7   0   1   3      0x2     0x15
808                lh_read                7   0   2   0      0x2     0x15
808                lh_read                7   0   2   1      0x2     0x15
808                lh_read                7   0   2   2      0x2     0x15
808                lh_read                7   0   2   3      0x2     0x15
808                lh_read                7   0   3   0      0x2     0x15
808                lh_read                7   0   3   1      0x2     0x15
808                lh_read                7   0   3   2      0x2     0x15
808                lh_read                7   0   3   3      0x2     0x15
810                lh_read                7   0   0   0      0x2     0x16
810                lh_read                7   0   0   1      0x2     0x16
810                lh_read                7   0   0   2      0x2     0x16
810                lh_read                7   0   0   3      0x2     0x16
810                lh_read                7   0   1   0      0x2     0x16
810                lh_read                7   0   1   1      0x2     0x16
810                lh_read                7   0   1   2      0x2     0x16
810                lh_read                7   0   1   3      0x2     0x16
810                lh_read                7   0   2   0      0x2     0x16
810                lh_read                7   0   2   1      0x2     0x16
810                lh_read                7   0   2   2      0x2     0x16
810                lh_read                7   0   2   3      0x2     0x16
810                lh_read                7   0   3   0      0x2     0x16
810                lh_read                7   0   3   1      0x2     0x16
810                lh_read                7   0   3   2      0x2     0x16
810                lh_read                7   0   3   3      0x2     0x16
812                lh_read                7   0   0   0      0x2     0x17
812                lh_read                7   0   0   1      0x2     0x17
812                lh_read                7   0   0   2      0x2     0x17
812                lh_read                7   0   0   3      0x2     0x17
812                lh_read                7   0   1   0      0x2     0x17
812                lh_read                7   0   1   1      0x2     0x17
812                lh_read                7   0   1   2      0x2     0x17
812                lh_read                7   0   1   3      0x2     0x17
812                lh_read                7   0   2   0      0x2     0x17
812                lh_read                7   0   2   1      0x2     0x17
812                lh_read                7   0   2   2      0x2     0x17
812                lh_read                7   0   2   3      0x2     0x17
812                lh_read                7   0   3   0      0x2     0x17
812                lh_read                7   0   3   1      0x2     0x17
812                lh_read                7   0   3   2      0x2     0x17
812                lh_read                7   0   3   3      0x2     0x17
814                lh_read                7   0   0   0      0x2     0x18
814                lh_read                7   0   0   1      0x2     0x18
814                lh_read                7   0   0   2      0x2     0x18
814                lh_read                7   0   0   3      0x2     0x18
814                lh_read                7   0   1   0      0x2     0x18
814                lh_read                7   0   1   1      0x2     0x18
814                lh_read                7   0   1   2      0x2     0x18
814                lh_read                7   0   1   3      0x2     0x18
814                lh_read                7   0   2   0      0x2     0x18
814                lh_read                7   0   2   1      0x2     0x18
814                lh_read                7   0   2   2      0x2     0x18
814                lh_read                7   0   2   3      0x2     0x18
814                lh_read                7   0   3   0      0x2     0x18
814                lh_read                7   0   3   1      0x2     0x18
814                lh_read                7   0   3   2      0x2     0x18
814                lh_read                7   0   3   3      0x2     0x18
816                lh_read                7   0   0   0      0x2     0x19
816                lh_read                7   0   0   1      0x2     0x19
816                lh_read                7   0   0   2      0x2     0x19
816                lh_read                7   0   0   3      0x2     0x19
816                lh_read                7   0   1   0      0x2     0x19
816                lh_read                7   0   1   1      0x2     0x19
816                lh_read                7   0   1   2      0x2     0x19
816                lh_read                7   0   1   3      0x2     0x19
816                lh_read                7   0   2   0      0x2     0x19
816                lh_read                7   0   2   1      0x2     0x19
816                lh_read                7   0   2   2      0x2     0x19
816                lh_read                7   0   2   3      0x2     0x19
816                lh_read                7   0   3   0      0x2     0x19
816                lh_read                7   0   3   1      0x2     0x19
816                lh_read                7   0   3   2      0x2     0x19
816                lh_read                7   0   3   3      0x2     0x19
818                lh_read                7   0   0   0      0x2     0x1a
818                lh_read                7   0   0   1      0x2     0x1a
818                lh_read                7   0   0   2      0x2     0x1a
818                lh_read                7   0   0   3      0x2     0x1a
818                lh_read                7   0   1   0      0x2     0x1a
818                lh_read                7   0   1   1      0x2     0x1a
818                lh_read                7   0   1   2      0x2     0x1a
818                lh_read                7   0   1   3      0x2     0x1a
818                lh_read                7   0   2   0      0x2     0x1a
818                lh_read                7   0   2   1      0x2     0x1a
818                lh_read                7   0   2   2      0x2     0x1a
818                lh_read                7   0   2   3      0x2     0x1a
818                lh_read                7   0   3   0      0x2     0x1a
818                lh_read                7   0   3   1      0x2     0x1a
818                lh_read                7   0   3   2      0x2     0x1a
818                lh_read                7   0   3   3      0x2     0x1a
820                lh_read                7   0   0   0      0x2     0x1b
820                lh_read                7   0   0   1      0x2     0x1b
820                lh_read                7   0   0   2      0x2     0x1b
820                lh_read                7   0   0   3      0x2     0x1b
820                lh_read                7   0   1   0      0x2     0x1b
820                lh_read                7   0   1   1      0x2     0x1b
820                lh_read                7   0   1   2      0x2     0x1b
820                lh_read                7   0   1   3      0x2     0x1b
820                lh_read                7   0   2   0      0x2     0x1b
820                lh_read                7   0   2   1      0x2     0x1b
820                lh_read                7   0   2   2      0x2     0x1b
820                lh_read                7   0   2   3      0x2     0x1b
820                lh_read                7   0   3   0      0x2     0x1b
820                lh_read                7   0   3   1      0x2     0x1b
820                lh_read                7   0   3   2      0x2     0x1b
820                lh_read                7   0   3   3      0x2     0x1b
822                lh_read                7   0   0   0      0x2     0x1c
822                lh_read                7   0   0   1      0x2     0x1c
822                lh_read                7   0   0   2      0x2     0x1c
822                lh_read                7   0   0   3      0x2     0x1c
822                lh_read                7   0   1   0      0x2     0x1c
822                lh_read                7   0   1   1      0x2     0x1c
822                lh_read                7   0   1   2      0x2     0x1c
822                lh_read                7   0   1   3      0x2     0x1c
822                lh_read                7   0   2   0      0x2     0x1c
822                lh_read                7   0   2   1      0x2     0x1c
822                lh_read                7   0   2   2      0x2     0x1c
822                lh_read                7   0   2   3      0x2     0x1c
822                lh_read                7   0   3   0      0x2     0x1c
822                lh_read                7   0   3   1      0x2     0x1c
822                lh_read                7   0   3   2      0x2     0x1c
822                lh_read                7   0   3   3      0x2     0x1c
824                lh_read                7   0   0   0      0x2     0x1d
824                lh_read                7   0   0   1      0x2     0x1d
824                lh_read                7   0   0   2      0x2     0x1d
824                lh_read                7   0   0   3      0x2     0x1d
824                lh_read                7   0   1   0      0x2     0x1d
824                lh_read                7   0   1   1      0x2     0x1d
824                lh_read                7   0   1   2      0x2     0x1d
824                lh_read                7   0   1   3      0x2     0x1d
824                lh_read                7   0   2   0      0x2     0x1d
824                lh_read                7   0   2   1      0x2     0x1d
824                lh_read                7   0   2   2      0x2     0x1d
824                lh_read                7   0   2   3      0x2     0x1d
824                lh_read                7   0   3   0      0x2     0x1d
824                lh_read                7   0   3   1      0x2     0x1d
824                lh_read                7   0   3   2      0x2     0x1d
824                lh_read                7   0   3   3      0x2     0x1d
826                lh_read                7   0   0   0      0x2     0x1e
826                lh_read                7   0   0   1      0x2     0x1e
826                lh_read                7   0   0   2      0x2     0x1e
826                lh_read                7   0   0   3      0x2     0x1e
826                lh_read                7   0   1   0      0x2     0x1e
826                lh_read                7   0   1   1      0x2     0x1e
826                lh_read                7   0   1   2      0x2     0x1e
826                lh_read                7   0   1   3      0x2     0x1e
826                lh_read                7   0   2   0      0x2     0x1e
826                lh_read                7   0   2   1      0x2     0x1e
826                lh_read                7   0   2   2      0x2     0x1e
826                lh_read                7   0   2   3      0x2     0x1e
826                lh_read                7   0   3   0      0x2     0x1e
826                lh_read                7   0   3   1      0x2     0x1e
826                lh_read                7   0   3   2      0x2     0x1e
826                lh_read                7   0   3   3      0x2     0x1e
828                lh_read_p              7   0   0   0      0x2     0x1f
828                lh_read_p              7   0   0   1      0x2     0x1f
828                lh_read_p              7   0   0   2      0x2     0x1f
828                lh_read_p              7   0   0   3      0x2     0x1f
828                lh_read_p              7   0   1   0      0x2     0x1f
828                lh_read_p              7   0   1   1      0x2     0x1f
828                lh_read_p              7   0   1   2      0x2     0x1f
828                lh_read_p              7   0   1   3      0x2     0x1f
828                lh_read_p              7   0   2   0      0x2     0x1f
828                lh_read_p              7   0   2   1      0x2     0x1f
828                lh_read_p              7   0   2   2      0x2     0x1f
828                lh_read_p              7   0   2   3      0x2     0x1f
828                lh_read_p              7   0   3   0      0x2     0x1f
828                lh_read_p              7   0   3   1      0x2     0x1f
828                lh_read_p              7   0   3   2      0x2     0x1f
828                lh_read_p              7   0   3   3      0x2     0x1f
847                pim_activate           7   0   0   0   0x199e      0x0
861                gh_read                7   0   0   0   0x199e      0x0
863                gh_read                7   0   0   0   0x199e      0x1
865                gh_read                7   0   0   0   0x199e      0x2
867                gh_read                7   0   0   0   0x199e      0x3
869                gh_read                7   0   0   0   0x199e      0x4
871                gh_read                7   0   0   0   0x199e      0x5
873                gh_read                7   0   0   0   0x199e      0x6
875                gh_read                7   0   0   0   0x199e      0x7
877                gh_read                7   0   0   0   0x199e      0x8
879                gh_read                7   0   0   0   0x199e      0x9
881                gh_read                7   0   0   0   0x199e      0xa
883                gh_read                7   0   0   0   0x199e      0xb
885                gh_read                7   0   0   0   0x199e      0xc
887                gh_read                7   0   0   0   0x199e      0xd
889                gh_read                7   0   0   0   0x199e      0xe
891                gh_read                7   0   0   0   0x199e      0xf
893                gh_read                7   0   0   0   0x199e     0x10
895                gh_read                7   0   0   0   0x199e     0x11
897                gh_read                7   0   0   0   0x199e     0x12
899                gh_read                7   0   0   0   0x199e     0x13
901                gh_read                7   0   0   0   0x199e     0x14
903                gh_read                7   0   0   0   0x199e     0x15
905                gh_read                7   0   0   0   0x199e     0x16
907                gh_read                7   0   0   0   0x199e     0x17
909                gh_read                7   0   0   0   0x199e     0x18
911                gh_read                7   0   0   0   0x199e     0x19
913                gh_read                7   0   0   0   0x199e     0x1a
915                gh_read                7   0   0   0   0x199e     0x1b
917                gh_read                7   0   0   0   0x199e     0x1c
919                gh_read                7   0   0   0   0x199e     0x1d
921                gh_read                7   0   0   0   0x199e     0x1e
923                gh_read                7   0   0   0   0x199e     0x1f
925                gh_read                7   0   0   0   0x199e     0x20
927                gh_read                7   0   0   0   0x199e     0x21
929                gh_read                7   0   0   0   0x199e     0x22
931                gh_read                7   0   0   0   0x199e     0x23
933                gh_read                7   0   0   0   0x199e     0x24
935                gh_read                7   0   0   0   0x199e     0x25
937                gh_read                7   0   0   0   0x199e     0x26
939                gh_read                7   0   0   0   0x199e     0x27
941                gh_read                7   0   0   0   0x199e     0x28
943                gh_read                7   0   0   0   0x199e     0x29
945                gh_read                7   0   0   0   0x199e     0x2a
947                gh_read                7   0   0   0   0x199e     0x2b
949                gh_read                7   0   0   0   0x199e     0x2c
951                gh_read                7   0   0   0   0x199e     0x2d
953                gh_read                7   0   0   0   0x199e     0x2e
955                gh_read                7   0   0   0   0x199e     0x2f
957                gh_read                7   0   0   0   0x199e     0x30
959                gh_read                7   0   0   0   0x199e     0x31
961                gh_read                7   0   0   0   0x199e     0x32
963                gh_read                7   0   0   0   0x199e     0x33
965                gh_read                7   0   0   0   0x199e     0x34
967                gh_read                7   0   0   0   0x199e     0x35
969                gh_read                7   0   0   0   0x199e     0x36
971                gh_read                7   0   0   0   0x199e     0x37
973                gh_read                7   0   0   0   0x199e     0x38
975                gh_read                7   0   0   0   0x199e     0x39
977                gh_read                7   0   0   0   0x199e     0x3a
979                gh_read                7   0   0   0   0x199e     0x3b
981                gh_read                7   0   0   0   0x199e     0x3c
983                gh_read                7   0   0   0   0x199e     0x3d
985                gh_read                7   0   0   0   0x199e     0x3e
987                gh_read_p              7   0   0   0   0x199e     0x3f
1006               pim_activate           7   0   0   0      0x2     0x20
1006               pim_activate           7   0   0   1      0x2     0x20
1006               pim_activate           7   0   0   2      0x2     0x20
1006               pim_activate           7   0   0   3      0x2     0x20
1036               pim_activate           7   0   1   0      0x2     0x20
1036               pim_activate           7   0   1   1      0x2     0x20
1036               pim_activate           7   0   1   2      0x2     0x20
1036               pim_activate           7   0   1   3      0x2     0x20
1066               pim_activate           7   0   2   0      0x2     0x20
1066               pim_activate           7   0   2   1      0x2     0x20
1066               pim_activate           7   0   2   2      0x2     0x20
1066               pim_activate           7   0   2   3      0x2     0x20
1096               pim_activate           7   0   3   0      0x2     0x20
1096               pim_activate           7   0   3   1      0x2     0x20
1096               pim_activate           7   0   3   2      0x2     0x20
1096               pim_activate           7   0   3   3      0x2     0x20
1110               lh_read                7   0   0   0      0x2     0x20
1110               lh_read                7   0   0   1      0x2     0x20
1110               lh_read                7   0   0   2      0x2     0x20
1110               lh_read                7   0   0   3      0x2     0x20
1110               lh_read                7   0   1   0      0x2     0x20
1110               lh_read                7   0   1   1      0x2     0x20
1110               lh_read                7   0   1   2      0x2     0x20
1110               lh_read                7   0   1   3      0x2     0x20
1110               lh_read                7   0   2   0      0x2     0x20
1110               lh_read                7   0   2   1      0x2     0x20
1110               lh_read                7   0   2   2      0x2     0x20
1110               lh_read                7   0   2   3      0x2     0x20
1110               lh_read                7   0   3   0      0x2     0x20
1110               lh_read                7   0   3   1      0x2     0x20
1110               lh_read                7   0   3   2      0x2     0x20
1110               lh_read                7   0   3   3      0x2     0x20
1112               lh_read                7   0   0   0      0x2     0x21
1112               lh_read                7   0   0   1      0x2     0x21
1112               lh_read                7   0   0   2      0x2     0x21
1112               lh_read                7   0   0   3      0x2     0x21
1112               lh_read                7   0   1   0      0x2     0x21
1112               lh_read                7   0   1   1      0x2     0x21
1112               lh_read                7   0   1   2      0x2     0x21
1112               lh_read                7   0   1   3      0x2     0x21
1112               lh_read                7   0   2   0      0x2     0x21
1112               lh_read                7   0   2   1      0x2     0x21
1112               lh_read                7   0   2   2      0x2     0x21
1112               lh_read                7   0   2   3      0x2     0x21
1112               lh_read                7   0   3   0      0x2     0x21
1112               lh_read                7   0   3   1      0x2     0x21
1112               lh_read                7   0   3   2      0x2     0x21
1112               lh_read                7   0   3   3      0x2     0x21
1114               lh_read                7   0   0   0      0x2     0x22
1114               lh_read                7   0   0   1      0x2     0x22
1114               lh_read                7   0   0   2      0x2     0x22
1114               lh_read                7   0   0   3      0x2     0x22
1114               lh_read                7   0   1   0      0x2     0x22
1114               lh_read                7   0   1   1      0x2     0x22
1114               lh_read                7   0   1   2      0x2     0x22
1114               lh_read                7   0   1   3      0x2     0x22
1114               lh_read                7   0   2   0      0x2     0x22
1114               lh_read                7   0   2   1      0x2     0x22
1114               lh_read                7   0   2   2      0x2     0x22
1114               lh_read                7   0   2   3      0x2     0x22
1114               lh_read                7   0   3   0      0x2     0x22
1114               lh_read                7   0   3   1      0x2     0x22
1114               lh_read                7   0   3   2      0x2     0x22
1114               lh_read                7   0   3   3      0x2     0x22
1116               lh_read                7   0   0   0      0x2     0x23
1116               lh_read                7   0   0   1      0x2     0x23
1116               lh_read                7   0   0   2      0x2     0x23
1116               lh_read                7   0   0   3      0x2     0x23
1116               lh_read                7   0   1   0      0x2     0x23
1116               lh_read                7   0   1   1      0x2     0x23
1116               lh_read                7   0   1   2      0x2     0x23
1116               lh_read                7   0   1   3      0x2     0x23
1116               lh_read                7   0   2   0      0x2     0x23
1116               lh_read                7   0   2   1      0x2     0x23
1116               lh_read                7   0   2   2      0x2     0x23
1116               lh_read                7   0   2   3      0x2     0x23
1116               lh_read                7   0   3   0      0x2     0x23
1116               lh_read                7   0   3   1      0x2     0x23
1116               lh_read                7   0   3   2      0x2     0x23
1116               lh_read                7   0   3   3      0x2     0x23
1118               lh_read                7   0   0   0      0x2     0x24
1118               lh_read                7   0   0   1      0x2     0x24
1118               lh_read                7   0   0   2      0x2     0x24
1118               lh_read                7   0   0   3      0x2     0x24
1118               lh_read                7   0   1   0      0x2     0x24
1118               lh_read                7   0   1   1      0x2     0x24
1118               lh_read                7   0   1   2      0x2     0x24
1118               lh_read                7   0   1   3      0x2     0x24
1118               lh_read                7   0   2   0      0x2     0x24
1118               lh_read                7   0   2   1      0x2     0x24
1118               lh_read                7   0   2   2      0x2     0x24
1118               lh_read                7   0   2   3      0x2     0x24
1118               lh_read                7   0   3   0      0x2     0x24
1118               lh_read                7   0   3   1      0x2     0x24
1118               lh_read                7   0   3   2      0x2     0x24
1118               lh_read                7   0   3   3      0x2     0x24
1120               lh_read                7   0   0   0      0x2     0x25
1120               lh_read                7   0   0   1      0x2     0x25
1120               lh_read                7   0   0   2      0x2     0x25
1120               lh_read                7   0   0   3      0x2     0x25
1120               lh_read                7   0   1   0      0x2     0x25
1120               lh_read                7   0   1   1      0x2     0x25
1120               lh_read                7   0   1   2      0x2     0x25
1120               lh_read                7   0   1   3      0x2     0x25
1120               lh_read                7   0   2   0      0x2     0x25
1120               lh_read                7   0   2   1      0x2     0x25
1120               lh_read                7   0   2   2      0x2     0x25
1120               lh_read                7   0   2   3      0x2     0x25
1120               lh_read                7   0   3   0      0x2     0x25
1120               lh_read                7   0   3   1      0x2     0x25
1120               lh_read                7   0   3   2      0x2     0x25
1120               lh_read                7   0   3   3      0x2     0x25
1122               lh_read                7   0   0   0      0x2     0x26
1122               lh_read                7   0   0   1      0x2     0x26
1122               lh_read                7   0   0   2      0x2     0x26
1122               lh_read                7   0   0   3      0x2     0x26
1122               lh_read                7   0   1   0      0x2     0x26
1122               lh_read                7   0   1   1      0x2     0x26
1122               lh_read                7   0   1   2      0x2     0x26
1122               lh_read                7   0   1   3      0x2     0x26
1122               lh_read                7   0   2   0      0x2     0x26
1122               lh_read                7   0   2   1      0x2     0x26
1122               lh_read                7   0   2   2      0x2     0x26
1122               lh_read                7   0   2   3      0x2     0x26
1122               lh_read                7   0   3   0      0x2     0x26
1122               lh_read                7   0   3   1      0x2     0x26
1122               lh_read                7   0   3   2      0x2     0x26
1122               lh_read                7   0   3   3      0x2     0x26
1124               lh_read                7   0   0   0      0x2     0x27
1124               lh_read                7   0   0   1      0x2     0x27
1124               lh_read                7   0   0   2      0x2     0x27
1124               lh_read                7   0   0   3      0x2     0x27
1124               lh_read                7   0   1   0      0x2     0x27
1124               lh_read                7   0   1   1      0x2     0x27
1124               lh_read                7   0   1   2      0x2     0x27
1124               lh_read                7   0   1   3      0x2     0x27
1124               lh_read                7   0   2   0      0x2     0x27
1124               lh_read                7   0   2   1      0x2     0x27
1124               lh_read                7   0   2   2      0x2     0x27
1124               lh_read                7   0   2   3      0x2     0x27
1124               lh_read                7   0   3   0      0x2     0x27
1124               lh_read                7   0   3   1      0x2     0x27
1124               lh_read                7   0   3   2      0x2     0x27
1124               lh_read                7   0   3   3      0x2     0x27
1126               lh_read                7   0   0   0      0x2     0x28
1126               lh_read                7   0   0   1      0x2     0x28
1126               lh_read                7   0   0   2      0x2     0x28
1126               lh_read                7   0   0   3      0x2     0x28
1126               lh_read                7   0   1   0      0x2     0x28
1126               lh_read                7   0   1   1      0x2     0x28
1126               lh_read                7   0   1   2      0x2     0x28
1126               lh_read                7   0   1   3      0x2     0x28
1126               lh_read                7   0   2   0      0x2     0x28
1126               lh_read                7   0   2   1      0x2     0x28
1126               lh_read                7   0   2   2      0x2     0x28
1126               lh_read                7   0   2   3      0x2     0x28
1126               lh_read                7   0   3   0      0x2     0x28
1126               lh_read                7   0   3   1      0x2     0x28
1126               lh_read                7   0   3   2      0x2     0x28
1126               lh_read                7   0   3   3      0x2     0x28
1128               lh_read                7   0   0   0      0x2     0x29
1128               lh_read                7   0   0   1      0x2     0x29
1128               lh_read                7   0   0   2      0x2     0x29
1128               lh_read                7   0   0   3      0x2     0x29
1128               lh_read                7   0   1   0      0x2     0x29
1128               lh_read                7   0   1   1      0x2     0x29
1128               lh_read                7   0   1   2      0x2     0x29
1128               lh_read                7   0   1   3      0x2     0x29
1128               lh_read                7   0   2   0      0x2     0x29
1128               lh_read                7   0   2   1      0x2     0x29
1128               lh_read                7   0   2   2      0x2     0x29
1128               lh_read                7   0   2   3      0x2     0x29
1128               lh_read                7   0   3   0      0x2     0x29
1128               lh_read                7   0   3   1      0x2     0x29
1128               lh_read                7   0   3   2      0x2     0x29
1128               lh_read                7   0   3   3      0x2     0x29
1130               lh_read                7   0   0   0      0x2     0x2a
1130               lh_read                7   0   0   1      0x2     0x2a
1130               lh_read                7   0   0   2      0x2     0x2a
1130               lh_read                7   0   0   3      0x2     0x2a
1130               lh_read                7   0   1   0      0x2     0x2a
1130               lh_read                7   0   1   1      0x2     0x2a
1130               lh_read                7   0   1   2      0x2     0x2a
1130               lh_read                7   0   1   3      0x2     0x2a
1130               lh_read                7   0   2   0      0x2     0x2a
1130               lh_read                7   0   2   1      0x2     0x2a
1130               lh_read                7   0   2   2      0x2     0x2a
1130               lh_read                7   0   2   3      0x2     0x2a
1130               lh_read                7   0   3   0      0x2     0x2a
1130               lh_read                7   0   3   1      0x2     0x2a
1130               lh_read                7   0   3   2      0x2     0x2a
1130               lh_read                7   0   3   3      0x2     0x2a
1132               lh_read                7   0   0   0      0x2     0x2b
1132               lh_read                7   0   0   1      0x2     0x2b
1132               lh_read                7   0   0   2      0x2     0x2b
1132               lh_read                7   0   0   3      0x2     0x2b
1132               lh_read                7   0   1   0      0x2     0x2b
1132               lh_read                7   0   1   1      0x2     0x2b
1132               lh_read                7   0   1   2      0x2     0x2b
1132               lh_read                7   0   1   3      0x2     0x2b
1132               lh_read                7   0   2   0      0x2     0x2b
1132               lh_read                7   0   2   1      0x2     0x2b
1132               lh_read                7   0   2   2      0x2     0x2b
1132               lh_read                7   0   2   3      0x2     0x2b
1132               lh_read                7   0   3   0      0x2     0x2b
1132               lh_read                7   0   3   1      0x2     0x2b
1132               lh_read                7   0   3   2      0x2     0x2b
1132               lh_read                7   0   3   3      0x2     0x2b
1134               lh_read                7   0   0   0      0x2     0x2c
1134               lh_read                7   0   0   1      0x2     0x2c
1134               lh_read                7   0   0   2      0x2     0x2c
1134               lh_read                7   0   0   3      0x2     0x2c
1134               lh_read                7   0   1   0      0x2     0x2c
1134               lh_read                7   0   1   1      0x2     0x2c
1134               lh_read                7   0   1   2      0x2     0x2c
1134               lh_read                7   0   1   3      0x2     0x2c
1134               lh_read                7   0   2   0      0x2     0x2c
1134               lh_read                7   0   2   1      0x2     0x2c
1134               lh_read                7   0   2   2      0x2     0x2c
1134               lh_read                7   0   2   3      0x2     0x2c
1134               lh_read                7   0   3   0      0x2     0x2c
1134               lh_read                7   0   3   1      0x2     0x2c
1134               lh_read                7   0   3   2      0x2     0x2c
1134               lh_read                7   0   3   3      0x2     0x2c
1136               lh_read                7   0   0   0      0x2     0x2d
1136               lh_read                7   0   0   1      0x2     0x2d
1136               lh_read                7   0   0   2      0x2     0x2d
1136               lh_read                7   0   0   3      0x2     0x2d
1136               lh_read                7   0   1   0      0x2     0x2d
1136               lh_read                7   0   1   1      0x2     0x2d
1136               lh_read                7   0   1   2      0x2     0x2d
1136               lh_read                7   0   1   3      0x2     0x2d
1136               lh_read                7   0   2   0      0x2     0x2d
1136               lh_read                7   0   2   1      0x2     0x2d
1136               lh_read                7   0   2   2      0x2     0x2d
1136               lh_read                7   0   2   3      0x2     0x2d
1136               lh_read                7   0   3   0      0x2     0x2d
1136               lh_read                7   0   3   1      0x2     0x2d
1136               lh_read                7   0   3   2      0x2     0x2d
1136               lh_read                7   0   3   3      0x2     0x2d
1138               lh_read                7   0   0   0      0x2     0x2e
1138               lh_read                7   0   0   1      0x2     0x2e
1138               lh_read                7   0   0   2      0x2     0x2e
1138               lh_read                7   0   0   3      0x2     0x2e
1138               lh_read                7   0   1   0      0x2     0x2e
1138               lh_read                7   0   1   1      0x2     0x2e
1138               lh_read                7   0   1   2      0x2     0x2e
1138               lh_read                7   0   1   3      0x2     0x2e
1138               lh_read                7   0   2   0      0x2     0x2e
1138               lh_read                7   0   2   1      0x2     0x2e
1138               lh_read                7   0   2   2      0x2     0x2e
1138               lh_read                7   0   2   3      0x2     0x2e
1138               lh_read                7   0   3   0      0x2     0x2e
1138               lh_read                7   0   3   1      0x2     0x2e
1138               lh_read                7   0   3   2      0x2     0x2e
1138               lh_read                7   0   3   3      0x2     0x2e
1140               lh_read                7   0   0   0      0x2     0x2f
1140               lh_read                7   0   0   1      0x2     0x2f
1140               lh_read                7   0   0   2      0x2     0x2f
1140               lh_read                7   0   0   3      0x2     0x2f
1140               lh_read                7   0   1   0      0x2     0x2f
1140               lh_read                7   0   1   1      0x2     0x2f
1140               lh_read                7   0   1   2      0x2     0x2f
1140               lh_read                7   0   1   3      0x2     0x2f
1140               lh_read                7   0   2   0      0x2     0x2f
1140               lh_read                7   0   2   1      0x2     0x2f
1140               lh_read                7   0   2   2      0x2     0x2f
1140               lh_read                7   0   2   3      0x2     0x2f
1140               lh_read                7   0   3   0      0x2     0x2f
1140               lh_read                7   0   3   1      0x2     0x2f
1140               lh_read                7   0   3   2      0x2     0x2f
1140               lh_read                7   0   3   3      0x2     0x2f
1142               lh_read                7   0   0   0      0x2     0x30
1142               lh_read                7   0   0   1      0x2     0x30
1142               lh_read                7   0   0   2      0x2     0x30
1142               lh_read                7   0   0   3      0x2     0x30
1142               lh_read                7   0   1   0      0x2     0x30
1142               lh_read                7   0   1   1      0x2     0x30
1142               lh_read                7   0   1   2      0x2     0x30
1142               lh_read                7   0   1   3      0x2     0x30
1142               lh_read                7   0   2   0      0x2     0x30
1142               lh_read                7   0   2   1      0x2     0x30
1142               lh_read                7   0   2   2      0x2     0x30
1142               lh_read                7   0   2   3      0x2     0x30
1142               lh_read                7   0   3   0      0x2     0x30
1142               lh_read                7   0   3   1      0x2     0x30
1142               lh_read                7   0   3   2      0x2     0x30
1142               lh_read                7   0   3   3      0x2     0x30
1144               lh_read                7   0   0   0      0x2     0x31
1144               lh_read                7   0   0   1      0x2     0x31
1144               lh_read                7   0   0   2      0x2     0x31
1144               lh_read                7   0   0   3      0x2     0x31
1144               lh_read                7   0   1   0      0x2     0x31
1144               lh_read                7   0   1   1      0x2     0x31
1144               lh_read                7   0   1   2      0x2     0x31
1144               lh_read                7   0   1   3      0x2     0x31
1144               lh_read                7   0   2   0      0x2     0x31
1144               lh_read                7   0   2   1      0x2     0x31
1144               lh_read                7   0   2   2      0x2     0x31
1144               lh_read                7   0   2   3      0x2     0x31
1144               lh_read                7   0   3   0      0x2     0x31
1144               lh_read                7   0   3   1      0x2     0x31
1144               lh_read                7   0   3   2      0x2     0x31
1144               lh_read                7   0   3   3      0x2     0x31
1146               lh_read                7   0   0   0      0x2     0x32
1146               lh_read                7   0   0   1      0x2     0x32
1146               lh_read                7   0   0   2      0x2     0x32
1146               lh_read                7   0   0   3      0x2     0x32
1146               lh_read                7   0   1   0      0x2     0x32
1146               lh_read                7   0   1   1      0x2     0x32
1146               lh_read                7   0   1   2      0x2     0x32
1146               lh_read                7   0   1   3      0x2     0x32
1146               lh_read                7   0   2   0      0x2     0x32
1146               lh_read                7   0   2   1      0x2     0x32
1146               lh_read                7   0   2   2      0x2     0x32
1146               lh_read                7   0   2   3      0x2     0x32
1146               lh_read                7   0   3   0      0x2     0x32
1146               lh_read                7   0   3   1      0x2     0x32
1146               lh_read                7   0   3   2      0x2     0x32
1146               lh_read                7   0   3   3      0x2     0x32
1148               lh_read                7   0   0   0      0x2     0x33
1148               lh_read                7   0   0   1      0x2     0x33
1148               lh_read                7   0   0   2      0x2     0x33
1148               lh_read                7   0   0   3      0x2     0x33
1148               lh_read                7   0   1   0      0x2     0x33
1148               lh_read                7   0   1   1      0x2     0x33
1148               lh_read                7   0   1   2      0x2     0x33
1148               lh_read                7   0   1   3      0x2     0x33
1148               lh_read                7   0   2   0      0x2     0x33
1148               lh_read                7   0   2   1      0x2     0x33
1148               lh_read                7   0   2   2      0x2     0x33
1148               lh_read                7   0   2   3      0x2     0x33
1148               lh_read                7   0   3   0      0x2     0x33
1148               lh_read                7   0   3   1      0x2     0x33
1148               lh_read                7   0   3   2      0x2     0x33
1148               lh_read                7   0   3   3      0x2     0x33
1150               lh_read                7   0   0   0      0x2     0x34
1150               lh_read                7   0   0   1      0x2     0x34
1150               lh_read                7   0   0   2      0x2     0x34
1150               lh_read                7   0   0   3      0x2     0x34
1150               lh_read                7   0   1   0      0x2     0x34
1150               lh_read                7   0   1   1      0x2     0x34
1150               lh_read                7   0   1   2      0x2     0x34
1150               lh_read                7   0   1   3      0x2     0x34
1150               lh_read                7   0   2   0      0x2     0x34
1150               lh_read                7   0   2   1      0x2     0x34
1150               lh_read                7   0   2   2      0x2     0x34
1150               lh_read                7   0   2   3      0x2     0x34
1150               lh_read                7   0   3   0      0x2     0x34
1150               lh_read                7   0   3   1      0x2     0x34
1150               lh_read                7   0   3   2      0x2     0x34
1150               lh_read                7   0   3   3      0x2     0x34
1152               lh_read                7   0   0   0      0x2     0x35
1152               lh_read                7   0   0   1      0x2     0x35
1152               lh_read                7   0   0   2      0x2     0x35
1152               lh_read                7   0   0   3      0x2     0x35
1152               lh_read                7   0   1   0      0x2     0x35
1152               lh_read                7   0   1   1      0x2     0x35
1152               lh_read                7   0   1   2      0x2     0x35
1152               lh_read                7   0   1   3      0x2     0x35
1152               lh_read                7   0   2   0      0x2     0x35
1152               lh_read                7   0   2   1      0x2     0x35
1152               lh_read                7   0   2   2      0x2     0x35
1152               lh_read                7   0   2   3      0x2     0x35
1152               lh_read                7   0   3   0      0x2     0x35
1152               lh_read                7   0   3   1      0x2     0x35
1152               lh_read                7   0   3   2      0x2     0x35
1152               lh_read                7   0   3   3      0x2     0x35
1154               lh_read                7   0   0   0      0x2     0x36
1154               lh_read                7   0   0   1      0x2     0x36
1154               lh_read                7   0   0   2      0x2     0x36
1154               lh_read                7   0   0   3      0x2     0x36
1154               lh_read                7   0   1   0      0x2     0x36
1154               lh_read                7   0   1   1      0x2     0x36
1154               lh_read                7   0   1   2      0x2     0x36
1154               lh_read                7   0   1   3      0x2     0x36
1154               lh_read                7   0   2   0      0x2     0x36
1154               lh_read                7   0   2   1      0x2     0x36
1154               lh_read                7   0   2   2      0x2     0x36
1154               lh_read                7   0   2   3      0x2     0x36
1154               lh_read                7   0   3   0      0x2     0x36
1154               lh_read                7   0   3   1      0x2     0x36
1154               lh_read                7   0   3   2      0x2     0x36
1154               lh_read                7   0   3   3      0x2     0x36
1156               lh_read                7   0   0   0      0x2     0x37
1156               lh_read                7   0   0   1      0x2     0x37
1156               lh_read                7   0   0   2      0x2     0x37
1156               lh_read                7   0   0   3      0x2     0x37
1156               lh_read                7   0   1   0      0x2     0x37
1156               lh_read                7   0   1   1      0x2     0x37
1156               lh_read                7   0   1   2      0x2     0x37
1156               lh_read                7   0   1   3      0x2     0x37
1156               lh_read                7   0   2   0      0x2     0x37
1156               lh_read                7   0   2   1      0x2     0x37
1156               lh_read                7   0   2   2      0x2     0x37
1156               lh_read                7   0   2   3      0x2     0x37
1156               lh_read                7   0   3   0      0x2     0x37
1156               lh_read                7   0   3   1      0x2     0x37
1156               lh_read                7   0   3   2      0x2     0x37
1156               lh_read                7   0   3   3      0x2     0x37
1158               lh_read                7   0   0   0      0x2     0x38
1158               lh_read                7   0   0   1      0x2     0x38
1158               lh_read                7   0   0   2      0x2     0x38
1158               lh_read                7   0   0   3      0x2     0x38
1158               lh_read                7   0   1   0      0x2     0x38
1158               lh_read                7   0   1   1      0x2     0x38
1158               lh_read                7   0   1   2      0x2     0x38
1158               lh_read                7   0   1   3      0x2     0x38
1158               lh_read                7   0   2   0      0x2     0x38
1158               lh_read                7   0   2   1      0x2     0x38
1158               lh_read                7   0   2   2      0x2     0x38
1158               lh_read                7   0   2   3      0x2     0x38
1158               lh_read                7   0   3   0      0x2     0x38
1158               lh_read                7   0   3   1      0x2     0x38
1158               lh_read                7   0   3   2      0x2     0x38
1158               lh_read                7   0   3   3      0x2     0x38
1160               lh_read                7   0   0   0      0x2     0x39
1160               lh_read                7   0   0   1      0x2     0x39
1160               lh_read                7   0   0   2      0x2     0x39
1160               lh_read                7   0   0   3      0x2     0x39
1160               lh_read                7   0   1   0      0x2     0x39
1160               lh_read                7   0   1   1      0x2     0x39
1160               lh_read                7   0   1   2      0x2     0x39
1160               lh_read                7   0   1   3      0x2     0x39
1160               lh_read                7   0   2   0      0x2     0x39
1160               lh_read                7   0   2   1      0x2     0x39
1160               lh_read                7   0   2   2      0x2     0x39
1160               lh_read                7   0   2   3      0x2     0x39
1160               lh_read                7   0   3   0      0x2     0x39
1160               lh_read                7   0   3   1      0x2     0x39
1160               lh_read                7   0   3   2      0x2     0x39
1160               lh_read                7   0   3   3      0x2     0x39
1162               lh_read                7   0   0   0      0x2     0x3a
1162               lh_read                7   0   0   1      0x2     0x3a
1162               lh_read                7   0   0   2      0x2     0x3a
1162               lh_read                7   0   0   3      0x2     0x3a
1162               lh_read                7   0   1   0      0x2     0x3a
1162               lh_read                7   0   1   1      0x2     0x3a
1162               lh_read                7   0   1   2      0x2     0x3a
1162               lh_read                7   0   1   3      0x2     0x3a
1162               lh_read                7   0   2   0      0x2     0x3a
1162               lh_read                7   0   2   1      0x2     0x3a
1162               lh_read                7   0   2   2      0x2     0x3a
1162               lh_read                7   0   2   3      0x2     0x3a
1162               lh_read                7   0   3   0      0x2     0x3a
1162               lh_read                7   0   3   1      0x2     0x3a
1162               lh_read                7   0   3   2      0x2     0x3a
1162               lh_read                7   0   3   3      0x2     0x3a
1164               lh_read                7   0   0   0      0x2     0x3b
1164               lh_read                7   0   0   1      0x2     0x3b
1164               lh_read                7   0   0   2      0x2     0x3b
1164               lh_read                7   0   0   3      0x2     0x3b
1164               lh_read                7   0   1   0      0x2     0x3b
1164               lh_read                7   0   1   1      0x2     0x3b
1164               lh_read                7   0   1   2      0x2     0x3b
1164               lh_read                7   0   1   3      0x2     0x3b
1164               lh_read                7   0   2   0      0x2     0x3b
1164               lh_read                7   0   2   1      0x2     0x3b
1164               lh_read                7   0   2   2      0x2     0x3b
1164               lh_read                7   0   2   3      0x2     0x3b
1164               lh_read                7   0   3   0      0x2     0x3b
1164               lh_read                7   0   3   1      0x2     0x3b
1164               lh_read                7   0   3   2      0x2     0x3b
1164               lh_read                7   0   3   3      0x2     0x3b
1166               lh_read                7   0   0   0      0x2     0x3c
1166               lh_read                7   0   0   1      0x2     0x3c
1166               lh_read                7   0   0   2      0x2     0x3c
1166               lh_read                7   0   0   3      0x2     0x3c
1166               lh_read                7   0   1   0      0x2     0x3c
1166               lh_read                7   0   1   1      0x2     0x3c
1166               lh_read                7   0   1   2      0x2     0x3c
1166               lh_read                7   0   1   3      0x2     0x3c
1166               lh_read                7   0   2   0      0x2     0x3c
1166               lh_read                7   0   2   1      0x2     0x3c
1166               lh_read                7   0   2   2      0x2     0x3c
1166               lh_read                7   0   2   3      0x2     0x3c
1166               lh_read                7   0   3   0      0x2     0x3c
1166               lh_read                7   0   3   1      0x2     0x3c
1166               lh_read                7   0   3   2      0x2     0x3c
1166               lh_read                7   0   3   3      0x2     0x3c
1168               lh_read                7   0   0   0      0x2     0x3d
1168               lh_read                7   0   0   1      0x2     0x3d
1168               lh_read                7   0   0   2      0x2     0x3d
1168               lh_read                7   0   0   3      0x2     0x3d
1168               lh_read                7   0   1   0      0x2     0x3d
1168               lh_read                7   0   1   1      0x2     0x3d
1168               lh_read                7   0   1   2      0x2     0x3d
1168               lh_read                7   0   1   3      0x2     0x3d
1168               lh_read                7   0   2   0      0x2     0x3d
1168               lh_read                7   0   2   1      0x2     0x3d
1168               lh_read                7   0   2   2      0x2     0x3d
1168               lh_read                7   0   2   3      0x2     0x3d
1168               lh_read                7   0   3   0      0x2     0x3d
1168               lh_read                7   0   3   1      0x2     0x3d
1168               lh_read                7   0   3   2      0x2     0x3d
1168               lh_read                7   0   3   3      0x2     0x3d
1170               lh_read                7   0   0   0      0x2     0x3e
1170               lh_read                7   0   0   1      0x2     0x3e
1170               lh_read                7   0   0   2      0x2     0x3e
1170               lh_read                7   0   0   3      0x2     0x3e
1170               lh_read                7   0   1   0      0x2     0x3e
1170               lh_read                7   0   1   1      0x2     0x3e
1170               lh_read                7   0   1   2      0x2     0x3e
1170               lh_read                7   0   1   3      0x2     0x3e
1170               lh_read                7   0   2   0      0x2     0x3e
1170               lh_read                7   0   2   1      0x2     0x3e
1170               lh_read                7   0   2   2      0x2     0x3e
1170               lh_read                7   0   2   3      0x2     0x3e
1170               lh_read                7   0   3   0      0x2     0x3e
1170               lh_read                7   0   3   1      0x2     0x3e
1170               lh_read                7   0   3   2      0x2     0x3e
1170               lh_read                7   0   3   3      0x2     0x3e
1172               lh_read_p              7   0   0   0      0x2     0x3f
1172               lh_read_p              7   0   0   1      0x2     0x3f
1172               lh_read_p              7   0   0   2      0x2     0x3f
1172               lh_read_p              7   0   0   3      0x2     0x3f
1172               lh_read_p              7   0   1   0      0x2     0x3f
1172               lh_read_p              7   0   1   1      0x2     0x3f
1172               lh_read_p              7   0   1   2      0x2     0x3f
1172               lh_read_p              7   0   1   3      0x2     0x3f
1172               lh_read_p              7   0   2   0      0x2     0x3f
1172               lh_read_p              7   0   2   1      0x2     0x3f
1172               lh_read_p              7   0   2   2      0x2     0x3f
1172               lh_read_p              7   0   2   3      0x2     0x3f
1172               lh_read_p              7   0   3   0      0x2     0x3f
1172               lh_read_p              7   0   3   1      0x2     0x3f
1172               lh_read_p              7   0   3   2      0x2     0x3f
1172               lh_read_p              7   0   3   3      0x2     0x3f
1191               pim_activate           7   0   0   0      0x3      0x0
1191               pim_activate           7   0   0   1      0x3      0x0
1191               pim_activate           7   0   0   2      0x3      0x0
1191               pim_activate           7   0   0   3      0x3      0x0
1221               pim_activate           7   0   1   0      0x3      0x0
1221               pim_activate           7   0   1   1      0x3      0x0
1221               pim_activate           7   0   1   2      0x3      0x0
1221               pim_activate           7   0   1   3      0x3      0x0
1251               pim_activate           7   0   2   0      0x3      0x0
1251               pim_activate           7   0   2   1      0x3      0x0
1251               pim_activate           7   0   2   2      0x3      0x0
1251               pim_activate           7   0   2   3      0x3      0x0
1281               pim_activate           7   0   3   0      0x3      0x0
1281               pim_activate           7   0   3   1      0x3      0x0
1281               pim_activate           7   0   3   2      0x3      0x0
1281               pim_activate           7   0   3   3      0x3      0x0
1295               lh_read                7   0   0   0      0x3      0x0
1295               lh_read                7   0   0   1      0x3      0x0
1295               lh_read                7   0   0   2      0x3      0x0
1295               lh_read                7   0   0   3      0x3      0x0
1295               lh_read                7   0   1   0      0x3      0x0
1295               lh_read                7   0   1   1      0x3      0x0
1295               lh_read                7   0   1   2      0x3      0x0
1295               lh_read                7   0   1   3      0x3      0x0
1295               lh_read                7   0   2   0      0x3      0x0
1295               lh_read                7   0   2   1      0x3      0x0
1295               lh_read                7   0   2   2      0x3      0x0
1295               lh_read                7   0   2   3      0x3      0x0
1295               lh_read                7   0   3   0      0x3      0x0
1295               lh_read                7   0   3   1      0x3      0x0
1295               lh_read                7   0   3   2      0x3      0x0
1295               lh_read                7   0   3   3      0x3      0x0
1297               lh_read                7   0   0   0      0x3      0x1
1297               lh_read                7   0   0   1      0x3      0x1
1297               lh_read                7   0   0   2      0x3      0x1
1297               lh_read                7   0   0   3      0x3      0x1
1297               lh_read                7   0   1   0      0x3      0x1
1297               lh_read                7   0   1   1      0x3      0x1
1297               lh_read                7   0   1   2      0x3      0x1
1297               lh_read                7   0   1   3      0x3      0x1
1297               lh_read                7   0   2   0      0x3      0x1
1297               lh_read                7   0   2   1      0x3      0x1
1297               lh_read                7   0   2   2      0x3      0x1
1297               lh_read                7   0   2   3      0x3      0x1
1297               lh_read                7   0   3   0      0x3      0x1
1297               lh_read                7   0   3   1      0x3      0x1
1297               lh_read                7   0   3   2      0x3      0x1
1297               lh_read                7   0   3   3      0x3      0x1
1299               lh_read                7   0   0   0      0x3      0x2
1299               lh_read                7   0   0   1      0x3      0x2
1299               lh_read                7   0   0   2      0x3      0x2
1299               lh_read                7   0   0   3      0x3      0x2
1299               lh_read                7   0   1   0      0x3      0x2
1299               lh_read                7   0   1   1      0x3      0x2
1299               lh_read                7   0   1   2      0x3      0x2
1299               lh_read                7   0   1   3      0x3      0x2
1299               lh_read                7   0   2   0      0x3      0x2
1299               lh_read                7   0   2   1      0x3      0x2
1299               lh_read                7   0   2   2      0x3      0x2
1299               lh_read                7   0   2   3      0x3      0x2
1299               lh_read                7   0   3   0      0x3      0x2
1299               lh_read                7   0   3   1      0x3      0x2
1299               lh_read                7   0   3   2      0x3      0x2
1299               lh_read                7   0   3   3      0x3      0x2
1301               lh_read                7   0   0   0      0x3      0x3
1301               lh_read                7   0   0   1      0x3      0x3
1301               lh_read                7   0   0   2      0x3      0x3
1301               lh_read                7   0   0   3      0x3      0x3
1301               lh_read                7   0   1   0      0x3      0x3
1301               lh_read                7   0   1   1      0x3      0x3
1301               lh_read                7   0   1   2      0x3      0x3
1301               lh_read                7   0   1   3      0x3      0x3
1301               lh_read                7   0   2   0      0x3      0x3
1301               lh_read                7   0   2   1      0x3      0x3
1301               lh_read                7   0   2   2      0x3      0x3
1301               lh_read                7   0   2   3      0x3      0x3
1301               lh_read                7   0   3   0      0x3      0x3
1301               lh_read                7   0   3   1      0x3      0x3
1301               lh_read                7   0   3   2      0x3      0x3
1301               lh_read                7   0   3   3      0x3      0x3
1303               lh_read                7   0   0   0      0x3      0x4
1303               lh_read                7   0   0   1      0x3      0x4
1303               lh_read                7   0   0   2      0x3      0x4
1303               lh_read                7   0   0   3      0x3      0x4
1303               lh_read                7   0   1   0      0x3      0x4
1303               lh_read                7   0   1   1      0x3      0x4
1303               lh_read                7   0   1   2      0x3      0x4
1303               lh_read                7   0   1   3      0x3      0x4
1303               lh_read                7   0   2   0      0x3      0x4
1303               lh_read                7   0   2   1      0x3      0x4
1303               lh_read                7   0   2   2      0x3      0x4
1303               lh_read                7   0   2   3      0x3      0x4
1303               lh_read                7   0   3   0      0x3      0x4
1303               lh_read                7   0   3   1      0x3      0x4
1303               lh_read                7   0   3   2      0x3      0x4
1303               lh_read                7   0   3   3      0x3      0x4
1305               lh_read                7   0   0   0      0x3      0x5
1305               lh_read                7   0   0   1      0x3      0x5
1305               lh_read                7   0   0   2      0x3      0x5
1305               lh_read                7   0   0   3      0x3      0x5
1305               lh_read                7   0   1   0      0x3      0x5
1305               lh_read                7   0   1   1      0x3      0x5
1305               lh_read                7   0   1   2      0x3      0x5
1305               lh_read                7   0   1   3      0x3      0x5
1305               lh_read                7   0   2   0      0x3      0x5
1305               lh_read                7   0   2   1      0x3      0x5
1305               lh_read                7   0   2   2      0x3      0x5
1305               lh_read                7   0   2   3      0x3      0x5
1305               lh_read                7   0   3   0      0x3      0x5
1305               lh_read                7   0   3   1      0x3      0x5
1305               lh_read                7   0   3   2      0x3      0x5
1305               lh_read                7   0   3   3      0x3      0x5
1307               lh_read                7   0   0   0      0x3      0x6
1307               lh_read                7   0   0   1      0x3      0x6
1307               lh_read                7   0   0   2      0x3      0x6
1307               lh_read                7   0   0   3      0x3      0x6
1307               lh_read                7   0   1   0      0x3      0x6
1307               lh_read                7   0   1   1      0x3      0x6
1307               lh_read                7   0   1   2      0x3      0x6
1307               lh_read                7   0   1   3      0x3      0x6
1307               lh_read                7   0   2   0      0x3      0x6
1307               lh_read                7   0   2   1      0x3      0x6
1307               lh_read                7   0   2   2      0x3      0x6
1307               lh_read                7   0   2   3      0x3      0x6
1307               lh_read                7   0   3   0      0x3      0x6
1307               lh_read                7   0   3   1      0x3      0x6
1307               lh_read                7   0   3   2      0x3      0x6
1307               lh_read                7   0   3   3      0x3      0x6
1309               lh_read                7   0   0   0      0x3      0x7
1309               lh_read                7   0   0   1      0x3      0x7
1309               lh_read                7   0   0   2      0x3      0x7
1309               lh_read                7   0   0   3      0x3      0x7
1309               lh_read                7   0   1   0      0x3      0x7
1309               lh_read                7   0   1   1      0x3      0x7
1309               lh_read                7   0   1   2      0x3      0x7
1309               lh_read                7   0   1   3      0x3      0x7
1309               lh_read                7   0   2   0      0x3      0x7
1309               lh_read                7   0   2   1      0x3      0x7
1309               lh_read                7   0   2   2      0x3      0x7
1309               lh_read                7   0   2   3      0x3      0x7
1309               lh_read                7   0   3   0      0x3      0x7
1309               lh_read                7   0   3   1      0x3      0x7
1309               lh_read                7   0   3   2      0x3      0x7
1309               lh_read                7   0   3   3      0x3      0x7
1311               lh_read                7   0   0   0      0x3      0x8
1311               lh_read                7   0   0   1      0x3      0x8
1311               lh_read                7   0   0   2      0x3      0x8
1311               lh_read                7   0   0   3      0x3      0x8
1311               lh_read                7   0   1   0      0x3      0x8
1311               lh_read                7   0   1   1      0x3      0x8
1311               lh_read                7   0   1   2      0x3      0x8
1311               lh_read                7   0   1   3      0x3      0x8
1311               lh_read                7   0   2   0      0x3      0x8
1311               lh_read                7   0   2   1      0x3      0x8
1311               lh_read                7   0   2   2      0x3      0x8
1311               lh_read                7   0   2   3      0x3      0x8
1311               lh_read                7   0   3   0      0x3      0x8
1311               lh_read                7   0   3   1      0x3      0x8
1311               lh_read                7   0   3   2      0x3      0x8
1311               lh_read                7   0   3   3      0x3      0x8
1313               lh_read                7   0   0   0      0x3      0x9
1313               lh_read                7   0   0   1      0x3      0x9
1313               lh_read                7   0   0   2      0x3      0x9
1313               lh_read                7   0   0   3      0x3      0x9
1313               lh_read                7   0   1   0      0x3      0x9
1313               lh_read                7   0   1   1      0x3      0x9
1313               lh_read                7   0   1   2      0x3      0x9
1313               lh_read                7   0   1   3      0x3      0x9
1313               lh_read                7   0   2   0      0x3      0x9
1313               lh_read                7   0   2   1      0x3      0x9
1313               lh_read                7   0   2   2      0x3      0x9
1313               lh_read                7   0   2   3      0x3      0x9
1313               lh_read                7   0   3   0      0x3      0x9
1313               lh_read                7   0   3   1      0x3      0x9
1313               lh_read                7   0   3   2      0x3      0x9
1313               lh_read                7   0   3   3      0x3      0x9
1315               lh_read                7   0   0   0      0x3      0xa
1315               lh_read                7   0   0   1      0x3      0xa
1315               lh_read                7   0   0   2      0x3      0xa
1315               lh_read                7   0   0   3      0x3      0xa
1315               lh_read                7   0   1   0      0x3      0xa
1315               lh_read                7   0   1   1      0x3      0xa
1315               lh_read                7   0   1   2      0x3      0xa
1315               lh_read                7   0   1   3      0x3      0xa
1315               lh_read                7   0   2   0      0x3      0xa
1315               lh_read                7   0   2   1      0x3      0xa
1315               lh_read                7   0   2   2      0x3      0xa
1315               lh_read                7   0   2   3      0x3      0xa
1315               lh_read                7   0   3   0      0x3      0xa
1315               lh_read                7   0   3   1      0x3      0xa
1315               lh_read                7   0   3   2      0x3      0xa
1315               lh_read                7   0   3   3      0x3      0xa
1317               lh_read                7   0   0   0      0x3      0xb
1317               lh_read                7   0   0   1      0x3      0xb
1317               lh_read                7   0   0   2      0x3      0xb
1317               lh_read                7   0   0   3      0x3      0xb
1317               lh_read                7   0   1   0      0x3      0xb
1317               lh_read                7   0   1   1      0x3      0xb
1317               lh_read                7   0   1   2      0x3      0xb
1317               lh_read                7   0   1   3      0x3      0xb
1317               lh_read                7   0   2   0      0x3      0xb
1317               lh_read                7   0   2   1      0x3      0xb
1317               lh_read                7   0   2   2      0x3      0xb
1317               lh_read                7   0   2   3      0x3      0xb
1317               lh_read                7   0   3   0      0x3      0xb
1317               lh_read                7   0   3   1      0x3      0xb
1317               lh_read                7   0   3   2      0x3      0xb
1317               lh_read                7   0   3   3      0x3      0xb
1319               lh_read                7   0   0   0      0x3      0xc
1319               lh_read                7   0   0   1      0x3      0xc
1319               lh_read                7   0   0   2      0x3      0xc
1319               lh_read                7   0   0   3      0x3      0xc
1319               lh_read                7   0   1   0      0x3      0xc
1319               lh_read                7   0   1   1      0x3      0xc
1319               lh_read                7   0   1   2      0x3      0xc
1319               lh_read                7   0   1   3      0x3      0xc
1319               lh_read                7   0   2   0      0x3      0xc
1319               lh_read                7   0   2   1      0x3      0xc
1319               lh_read                7   0   2   2      0x3      0xc
1319               lh_read                7   0   2   3      0x3      0xc
1319               lh_read                7   0   3   0      0x3      0xc
1319               lh_read                7   0   3   1      0x3      0xc
1319               lh_read                7   0   3   2      0x3      0xc
1319               lh_read                7   0   3   3      0x3      0xc
1321               lh_read                7   0   0   0      0x3      0xd
1321               lh_read                7   0   0   1      0x3      0xd
1321               lh_read                7   0   0   2      0x3      0xd
1321               lh_read                7   0   0   3      0x3      0xd
1321               lh_read                7   0   1   0      0x3      0xd
1321               lh_read                7   0   1   1      0x3      0xd
1321               lh_read                7   0   1   2      0x3      0xd
1321               lh_read                7   0   1   3      0x3      0xd
1321               lh_read                7   0   2   0      0x3      0xd
1321               lh_read                7   0   2   1      0x3      0xd
1321               lh_read                7   0   2   2      0x3      0xd
1321               lh_read                7   0   2   3      0x3      0xd
1321               lh_read                7   0   3   0      0x3      0xd
1321               lh_read                7   0   3   1      0x3      0xd
1321               lh_read                7   0   3   2      0x3      0xd
1321               lh_read                7   0   3   3      0x3      0xd
1323               lh_read                7   0   0   0      0x3      0xe
1323               lh_read                7   0   0   1      0x3      0xe
1323               lh_read                7   0   0   2      0x3      0xe
1323               lh_read                7   0   0   3      0x3      0xe
1323               lh_read                7   0   1   0      0x3      0xe
1323               lh_read                7   0   1   1      0x3      0xe
1323               lh_read                7   0   1   2      0x3      0xe
1323               lh_read                7   0   1   3      0x3      0xe
1323               lh_read                7   0   2   0      0x3      0xe
1323               lh_read                7   0   2   1      0x3      0xe
1323               lh_read                7   0   2   2      0x3      0xe
1323               lh_read                7   0   2   3      0x3      0xe
1323               lh_read                7   0   3   0      0x3      0xe
1323               lh_read                7   0   3   1      0x3      0xe
1323               lh_read                7   0   3   2      0x3      0xe
1323               lh_read                7   0   3   3      0x3      0xe
1325               lh_read                7   0   0   0      0x3      0xf
1325               lh_read                7   0   0   1      0x3      0xf
1325               lh_read                7   0   0   2      0x3      0xf
1325               lh_read                7   0   0   3      0x3      0xf
1325               lh_read                7   0   1   0      0x3      0xf
1325               lh_read                7   0   1   1      0x3      0xf
1325               lh_read                7   0   1   2      0x3      0xf
1325               lh_read                7   0   1   3      0x3      0xf
1325               lh_read                7   0   2   0      0x3      0xf
1325               lh_read                7   0   2   1      0x3      0xf
1325               lh_read                7   0   2   2      0x3      0xf
1325               lh_read                7   0   2   3      0x3      0xf
1325               lh_read                7   0   3   0      0x3      0xf
1325               lh_read                7   0   3   1      0x3      0xf
1325               lh_read                7   0   3   2      0x3      0xf
1325               lh_read                7   0   3   3      0x3      0xf
1327               lh_read                7   0   0   0      0x3     0x10
1327               lh_read                7   0   0   1      0x3     0x10
1327               lh_read                7   0   0   2      0x3     0x10
1327               lh_read                7   0   0   3      0x3     0x10
1327               lh_read                7   0   1   0      0x3     0x10
1327               lh_read                7   0   1   1      0x3     0x10
1327               lh_read                7   0   1   2      0x3     0x10
1327               lh_read                7   0   1   3      0x3     0x10
1327               lh_read                7   0   2   0      0x3     0x10
1327               lh_read                7   0   2   1      0x3     0x10
1327               lh_read                7   0   2   2      0x3     0x10
1327               lh_read                7   0   2   3      0x3     0x10
1327               lh_read                7   0   3   0      0x3     0x10
1327               lh_read                7   0   3   1      0x3     0x10
1327               lh_read                7   0   3   2      0x3     0x10
1327               lh_read                7   0   3   3      0x3     0x10
1329               lh_read                7   0   0   0      0x3     0x11
1329               lh_read                7   0   0   1      0x3     0x11
1329               lh_read                7   0   0   2      0x3     0x11
1329               lh_read                7   0   0   3      0x3     0x11
1329               lh_read                7   0   1   0      0x3     0x11
1329               lh_read                7   0   1   1      0x3     0x11
1329               lh_read                7   0   1   2      0x3     0x11
1329               lh_read                7   0   1   3      0x3     0x11
1329               lh_read                7   0   2   0      0x3     0x11
1329               lh_read                7   0   2   1      0x3     0x11
1329               lh_read                7   0   2   2      0x3     0x11
1329               lh_read                7   0   2   3      0x3     0x11
1329               lh_read                7   0   3   0      0x3     0x11
1329               lh_read                7   0   3   1      0x3     0x11
1329               lh_read                7   0   3   2      0x3     0x11
1329               lh_read                7   0   3   3      0x3     0x11
1331               lh_read                7   0   0   0      0x3     0x12
1331               lh_read                7   0   0   1      0x3     0x12
1331               lh_read                7   0   0   2      0x3     0x12
1331               lh_read                7   0   0   3      0x3     0x12
1331               lh_read                7   0   1   0      0x3     0x12
1331               lh_read                7   0   1   1      0x3     0x12
1331               lh_read                7   0   1   2      0x3     0x12
1331               lh_read                7   0   1   3      0x3     0x12
1331               lh_read                7   0   2   0      0x3     0x12
1331               lh_read                7   0   2   1      0x3     0x12
1331               lh_read                7   0   2   2      0x3     0x12
1331               lh_read                7   0   2   3      0x3     0x12
1331               lh_read                7   0   3   0      0x3     0x12
1331               lh_read                7   0   3   1      0x3     0x12
1331               lh_read                7   0   3   2      0x3     0x12
1331               lh_read                7   0   3   3      0x3     0x12
1333               lh_read                7   0   0   0      0x3     0x13
1333               lh_read                7   0   0   1      0x3     0x13
1333               lh_read                7   0   0   2      0x3     0x13
1333               lh_read                7   0   0   3      0x3     0x13
1333               lh_read                7   0   1   0      0x3     0x13
1333               lh_read                7   0   1   1      0x3     0x13
1333               lh_read                7   0   1   2      0x3     0x13
1333               lh_read                7   0   1   3      0x3     0x13
1333               lh_read                7   0   2   0      0x3     0x13
1333               lh_read                7   0   2   1      0x3     0x13
1333               lh_read                7   0   2   2      0x3     0x13
1333               lh_read                7   0   2   3      0x3     0x13
1333               lh_read                7   0   3   0      0x3     0x13
1333               lh_read                7   0   3   1      0x3     0x13
1333               lh_read                7   0   3   2      0x3     0x13
1333               lh_read                7   0   3   3      0x3     0x13
1335               lh_read                7   0   0   0      0x3     0x14
1335               lh_read                7   0   0   1      0x3     0x14
1335               lh_read                7   0   0   2      0x3     0x14
1335               lh_read                7   0   0   3      0x3     0x14
1335               lh_read                7   0   1   0      0x3     0x14
1335               lh_read                7   0   1   1      0x3     0x14
1335               lh_read                7   0   1   2      0x3     0x14
1335               lh_read                7   0   1   3      0x3     0x14
1335               lh_read                7   0   2   0      0x3     0x14
1335               lh_read                7   0   2   1      0x3     0x14
1335               lh_read                7   0   2   2      0x3     0x14
1335               lh_read                7   0   2   3      0x3     0x14
1335               lh_read                7   0   3   0      0x3     0x14
1335               lh_read                7   0   3   1      0x3     0x14
1335               lh_read                7   0   3   2      0x3     0x14
1335               lh_read                7   0   3   3      0x3     0x14
1337               lh_read                7   0   0   0      0x3     0x15
1337               lh_read                7   0   0   1      0x3     0x15
1337               lh_read                7   0   0   2      0x3     0x15
1337               lh_read                7   0   0   3      0x3     0x15
1337               lh_read                7   0   1   0      0x3     0x15
1337               lh_read                7   0   1   1      0x3     0x15
1337               lh_read                7   0   1   2      0x3     0x15
1337               lh_read                7   0   1   3      0x3     0x15
1337               lh_read                7   0   2   0      0x3     0x15
1337               lh_read                7   0   2   1      0x3     0x15
1337               lh_read                7   0   2   2      0x3     0x15
1337               lh_read                7   0   2   3      0x3     0x15
1337               lh_read                7   0   3   0      0x3     0x15
1337               lh_read                7   0   3   1      0x3     0x15
1337               lh_read                7   0   3   2      0x3     0x15
1337               lh_read                7   0   3   3      0x3     0x15
1339               lh_read                7   0   0   0      0x3     0x16
1339               lh_read                7   0   0   1      0x3     0x16
1339               lh_read                7   0   0   2      0x3     0x16
1339               lh_read                7   0   0   3      0x3     0x16
1339               lh_read                7   0   1   0      0x3     0x16
1339               lh_read                7   0   1   1      0x3     0x16
1339               lh_read                7   0   1   2      0x3     0x16
1339               lh_read                7   0   1   3      0x3     0x16
1339               lh_read                7   0   2   0      0x3     0x16
1339               lh_read                7   0   2   1      0x3     0x16
1339               lh_read                7   0   2   2      0x3     0x16
1339               lh_read                7   0   2   3      0x3     0x16
1339               lh_read                7   0   3   0      0x3     0x16
1339               lh_read                7   0   3   1      0x3     0x16
1339               lh_read                7   0   3   2      0x3     0x16
1339               lh_read                7   0   3   3      0x3     0x16
1341               lh_read                7   0   0   0      0x3     0x17
1341               lh_read                7   0   0   1      0x3     0x17
1341               lh_read                7   0   0   2      0x3     0x17
1341               lh_read                7   0   0   3      0x3     0x17
1341               lh_read                7   0   1   0      0x3     0x17
1341               lh_read                7   0   1   1      0x3     0x17
1341               lh_read                7   0   1   2      0x3     0x17
1341               lh_read                7   0   1   3      0x3     0x17
1341               lh_read                7   0   2   0      0x3     0x17
1341               lh_read                7   0   2   1      0x3     0x17
1341               lh_read                7   0   2   2      0x3     0x17
1341               lh_read                7   0   2   3      0x3     0x17
1341               lh_read                7   0   3   0      0x3     0x17
1341               lh_read                7   0   3   1      0x3     0x17
1341               lh_read                7   0   3   2      0x3     0x17
1341               lh_read                7   0   3   3      0x3     0x17
1343               lh_read                7   0   0   0      0x3     0x18
1343               lh_read                7   0   0   1      0x3     0x18
1343               lh_read                7   0   0   2      0x3     0x18
1343               lh_read                7   0   0   3      0x3     0x18
1343               lh_read                7   0   1   0      0x3     0x18
1343               lh_read                7   0   1   1      0x3     0x18
1343               lh_read                7   0   1   2      0x3     0x18
1343               lh_read                7   0   1   3      0x3     0x18
1343               lh_read                7   0   2   0      0x3     0x18
1343               lh_read                7   0   2   1      0x3     0x18
1343               lh_read                7   0   2   2      0x3     0x18
1343               lh_read                7   0   2   3      0x3     0x18
1343               lh_read                7   0   3   0      0x3     0x18
1343               lh_read                7   0   3   1      0x3     0x18
1343               lh_read                7   0   3   2      0x3     0x18
1343               lh_read                7   0   3   3      0x3     0x18
1345               lh_read                7   0   0   0      0x3     0x19
1345               lh_read                7   0   0   1      0x3     0x19
1345               lh_read                7   0   0   2      0x3     0x19
1345               lh_read                7   0   0   3      0x3     0x19
1345               lh_read                7   0   1   0      0x3     0x19
1345               lh_read                7   0   1   1      0x3     0x19
1345               lh_read                7   0   1   2      0x3     0x19
1345               lh_read                7   0   1   3      0x3     0x19
1345               lh_read                7   0   2   0      0x3     0x19
1345               lh_read                7   0   2   1      0x3     0x19
1345               lh_read                7   0   2   2      0x3     0x19
1345               lh_read                7   0   2   3      0x3     0x19
1345               lh_read                7   0   3   0      0x3     0x19
1345               lh_read                7   0   3   1      0x3     0x19
1345               lh_read                7   0   3   2      0x3     0x19
1345               lh_read                7   0   3   3      0x3     0x19
1347               lh_read                7   0   0   0      0x3     0x1a
1347               lh_read                7   0   0   1      0x3     0x1a
1347               lh_read                7   0   0   2      0x3     0x1a
1347               lh_read                7   0   0   3      0x3     0x1a
1347               lh_read                7   0   1   0      0x3     0x1a
1347               lh_read                7   0   1   1      0x3     0x1a
1347               lh_read                7   0   1   2      0x3     0x1a
1347               lh_read                7   0   1   3      0x3     0x1a
1347               lh_read                7   0   2   0      0x3     0x1a
1347               lh_read                7   0   2   1      0x3     0x1a
1347               lh_read                7   0   2   2      0x3     0x1a
1347               lh_read                7   0   2   3      0x3     0x1a
1347               lh_read                7   0   3   0      0x3     0x1a
1347               lh_read                7   0   3   1      0x3     0x1a
1347               lh_read                7   0   3   2      0x3     0x1a
1347               lh_read                7   0   3   3      0x3     0x1a
1349               lh_read                7   0   0   0      0x3     0x1b
1349               lh_read                7   0   0   1      0x3     0x1b
1349               lh_read                7   0   0   2      0x3     0x1b
1349               lh_read                7   0   0   3      0x3     0x1b
1349               lh_read                7   0   1   0      0x3     0x1b
1349               lh_read                7   0   1   1      0x3     0x1b
1349               lh_read                7   0   1   2      0x3     0x1b
1349               lh_read                7   0   1   3      0x3     0x1b
1349               lh_read                7   0   2   0      0x3     0x1b
1349               lh_read                7   0   2   1      0x3     0x1b
1349               lh_read                7   0   2   2      0x3     0x1b
1349               lh_read                7   0   2   3      0x3     0x1b
1349               lh_read                7   0   3   0      0x3     0x1b
1349               lh_read                7   0   3   1      0x3     0x1b
1349               lh_read                7   0   3   2      0x3     0x1b
1349               lh_read                7   0   3   3      0x3     0x1b
1351               lh_read                7   0   0   0      0x3     0x1c
1351               lh_read                7   0   0   1      0x3     0x1c
1351               lh_read                7   0   0   2      0x3     0x1c
1351               lh_read                7   0   0   3      0x3     0x1c
1351               lh_read                7   0   1   0      0x3     0x1c
1351               lh_read                7   0   1   1      0x3     0x1c
1351               lh_read                7   0   1   2      0x3     0x1c
1351               lh_read                7   0   1   3      0x3     0x1c
1351               lh_read                7   0   2   0      0x3     0x1c
1351               lh_read                7   0   2   1      0x3     0x1c
1351               lh_read                7   0   2   2      0x3     0x1c
1351               lh_read                7   0   2   3      0x3     0x1c
1351               lh_read                7   0   3   0      0x3     0x1c
1351               lh_read                7   0   3   1      0x3     0x1c
1351               lh_read                7   0   3   2      0x3     0x1c
1351               lh_read                7   0   3   3      0x3     0x1c
1353               lh_read                7   0   0   0      0x3     0x1d
1353               lh_read                7   0   0   1      0x3     0x1d
1353               lh_read                7   0   0   2      0x3     0x1d
1353               lh_read                7   0   0   3      0x3     0x1d
1353               lh_read                7   0   1   0      0x3     0x1d
1353               lh_read                7   0   1   1      0x3     0x1d
1353               lh_read                7   0   1   2      0x3     0x1d
1353               lh_read                7   0   1   3      0x3     0x1d
1353               lh_read                7   0   2   0      0x3     0x1d
1353               lh_read                7   0   2   1      0x3     0x1d
1353               lh_read                7   0   2   2      0x3     0x1d
1353               lh_read                7   0   2   3      0x3     0x1d
1353               lh_read                7   0   3   0      0x3     0x1d
1353               lh_read                7   0   3   1      0x3     0x1d
1353               lh_read                7   0   3   2      0x3     0x1d
1353               lh_read                7   0   3   3      0x3     0x1d
1355               lh_read                7   0   0   0      0x3     0x1e
1355               lh_read                7   0   0   1      0x3     0x1e
1355               lh_read                7   0   0   2      0x3     0x1e
1355               lh_read                7   0   0   3      0x3     0x1e
1355               lh_read                7   0   1   0      0x3     0x1e
1355               lh_read                7   0   1   1      0x3     0x1e
1355               lh_read                7   0   1   2      0x3     0x1e
1355               lh_read                7   0   1   3      0x3     0x1e
1355               lh_read                7   0   2   0      0x3     0x1e
1355               lh_read                7   0   2   1      0x3     0x1e
1355               lh_read                7   0   2   2      0x3     0x1e
1355               lh_read                7   0   2   3      0x3     0x1e
1355               lh_read                7   0   3   0      0x3     0x1e
1355               lh_read                7   0   3   1      0x3     0x1e
1355               lh_read                7   0   3   2      0x3     0x1e
1355               lh_read                7   0   3   3      0x3     0x1e
1357               lh_read                7   0   0   0      0x3     0x1f
1357               lh_read                7   0   0   1      0x3     0x1f
1357               lh_read                7   0   0   2      0x3     0x1f
1357               lh_read                7   0   0   3      0x3     0x1f
1357               lh_read                7   0   1   0      0x3     0x1f
1357               lh_read                7   0   1   1      0x3     0x1f
1357               lh_read                7   0   1   2      0x3     0x1f
1357               lh_read                7   0   1   3      0x3     0x1f
1357               lh_read                7   0   2   0      0x3     0x1f
1357               lh_read                7   0   2   1      0x3     0x1f
1357               lh_read                7   0   2   2      0x3     0x1f
1357               lh_read                7   0   2   3      0x3     0x1f
1357               lh_read                7   0   3   0      0x3     0x1f
1357               lh_read                7   0   3   1      0x3     0x1f
1357               lh_read                7   0   3   2      0x3     0x1f
1357               lh_read                7   0   3   3      0x3     0x1f
1359               lh_read                7   0   0   0      0x3     0x20
1359               lh_read                7   0   0   1      0x3     0x20
1359               lh_read                7   0   0   2      0x3     0x20
1359               lh_read                7   0   0   3      0x3     0x20
1359               lh_read                7   0   1   0      0x3     0x20
1359               lh_read                7   0   1   1      0x3     0x20
1359               lh_read                7   0   1   2      0x3     0x20
1359               lh_read                7   0   1   3      0x3     0x20
1359               lh_read                7   0   2   0      0x3     0x20
1359               lh_read                7   0   2   1      0x3     0x20
1359               lh_read                7   0   2   2      0x3     0x20
1359               lh_read                7   0   2   3      0x3     0x20
1359               lh_read                7   0   3   0      0x3     0x20
1359               lh_read                7   0   3   1      0x3     0x20
1359               lh_read                7   0   3   2      0x3     0x20
1359               lh_read                7   0   3   3      0x3     0x20
1361               lh_read                7   0   0   0      0x3     0x21
1361               lh_read                7   0   0   1      0x3     0x21
1361               lh_read                7   0   0   2      0x3     0x21
1361               lh_read                7   0   0   3      0x3     0x21
1361               lh_read                7   0   1   0      0x3     0x21
1361               lh_read                7   0   1   1      0x3     0x21
1361               lh_read                7   0   1   2      0x3     0x21
1361               lh_read                7   0   1   3      0x3     0x21
1361               lh_read                7   0   2   0      0x3     0x21
1361               lh_read                7   0   2   1      0x3     0x21
1361               lh_read                7   0   2   2      0x3     0x21
1361               lh_read                7   0   2   3      0x3     0x21
1361               lh_read                7   0   3   0      0x3     0x21
1361               lh_read                7   0   3   1      0x3     0x21
1361               lh_read                7   0   3   2      0x3     0x21
1361               lh_read                7   0   3   3      0x3     0x21
1363               lh_read                7   0   0   0      0x3     0x22
1363               lh_read                7   0   0   1      0x3     0x22
1363               lh_read                7   0   0   2      0x3     0x22
1363               lh_read                7   0   0   3      0x3     0x22
1363               lh_read                7   0   1   0      0x3     0x22
1363               lh_read                7   0   1   1      0x3     0x22
1363               lh_read                7   0   1   2      0x3     0x22
1363               lh_read                7   0   1   3      0x3     0x22
1363               lh_read                7   0   2   0      0x3     0x22
1363               lh_read                7   0   2   1      0x3     0x22
1363               lh_read                7   0   2   2      0x3     0x22
1363               lh_read                7   0   2   3      0x3     0x22
1363               lh_read                7   0   3   0      0x3     0x22
1363               lh_read                7   0   3   1      0x3     0x22
1363               lh_read                7   0   3   2      0x3     0x22
1363               lh_read                7   0   3   3      0x3     0x22
1365               lh_read                7   0   0   0      0x3     0x23
1365               lh_read                7   0   0   1      0x3     0x23
1365               lh_read                7   0   0   2      0x3     0x23
1365               lh_read                7   0   0   3      0x3     0x23
1365               lh_read                7   0   1   0      0x3     0x23
1365               lh_read                7   0   1   1      0x3     0x23
1365               lh_read                7   0   1   2      0x3     0x23
1365               lh_read                7   0   1   3      0x3     0x23
1365               lh_read                7   0   2   0      0x3     0x23
1365               lh_read                7   0   2   1      0x3     0x23
1365               lh_read                7   0   2   2      0x3     0x23
1365               lh_read                7   0   2   3      0x3     0x23
1365               lh_read                7   0   3   0      0x3     0x23
1365               lh_read                7   0   3   1      0x3     0x23
1365               lh_read                7   0   3   2      0x3     0x23
1365               lh_read                7   0   3   3      0x3     0x23
1367               lh_read                7   0   0   0      0x3     0x24
1367               lh_read                7   0   0   1      0x3     0x24
1367               lh_read                7   0   0   2      0x3     0x24
1367               lh_read                7   0   0   3      0x3     0x24
1367               lh_read                7   0   1   0      0x3     0x24
1367               lh_read                7   0   1   1      0x3     0x24
1367               lh_read                7   0   1   2      0x3     0x24
1367               lh_read                7   0   1   3      0x3     0x24
1367               lh_read                7   0   2   0      0x3     0x24
1367               lh_read                7   0   2   1      0x3     0x24
1367               lh_read                7   0   2   2      0x3     0x24
1367               lh_read                7   0   2   3      0x3     0x24
1367               lh_read                7   0   3   0      0x3     0x24
1367               lh_read                7   0   3   1      0x3     0x24
1367               lh_read                7   0   3   2      0x3     0x24
1367               lh_read                7   0   3   3      0x3     0x24
1369               lh_read                7   0   0   0      0x3     0x25
1369               lh_read                7   0   0   1      0x3     0x25
1369               lh_read                7   0   0   2      0x3     0x25
1369               lh_read                7   0   0   3      0x3     0x25
1369               lh_read                7   0   1   0      0x3     0x25
1369               lh_read                7   0   1   1      0x3     0x25
1369               lh_read                7   0   1   2      0x3     0x25
1369               lh_read                7   0   1   3      0x3     0x25
1369               lh_read                7   0   2   0      0x3     0x25
1369               lh_read                7   0   2   1      0x3     0x25
1369               lh_read                7   0   2   2      0x3     0x25
1369               lh_read                7   0   2   3      0x3     0x25
1369               lh_read                7   0   3   0      0x3     0x25
1369               lh_read                7   0   3   1      0x3     0x25
1369               lh_read                7   0   3   2      0x3     0x25
1369               lh_read                7   0   3   3      0x3     0x25
1371               lh_read                7   0   0   0      0x3     0x26
1371               lh_read                7   0   0   1      0x3     0x26
1371               lh_read                7   0   0   2      0x3     0x26
1371               lh_read                7   0   0   3      0x3     0x26
1371               lh_read                7   0   1   0      0x3     0x26
1371               lh_read                7   0   1   1      0x3     0x26
1371               lh_read                7   0   1   2      0x3     0x26
1371               lh_read                7   0   1   3      0x3     0x26
1371               lh_read                7   0   2   0      0x3     0x26
1371               lh_read                7   0   2   1      0x3     0x26
1371               lh_read                7   0   2   2      0x3     0x26
1371               lh_read                7   0   2   3      0x3     0x26
1371               lh_read                7   0   3   0      0x3     0x26
1371               lh_read                7   0   3   1      0x3     0x26
1371               lh_read                7   0   3   2      0x3     0x26
1371               lh_read                7   0   3   3      0x3     0x26
1373               lh_read                7   0   0   0      0x3     0x27
1373               lh_read                7   0   0   1      0x3     0x27
1373               lh_read                7   0   0   2      0x3     0x27
1373               lh_read                7   0   0   3      0x3     0x27
1373               lh_read                7   0   1   0      0x3     0x27
1373               lh_read                7   0   1   1      0x3     0x27
1373               lh_read                7   0   1   2      0x3     0x27
1373               lh_read                7   0   1   3      0x3     0x27
1373               lh_read                7   0   2   0      0x3     0x27
1373               lh_read                7   0   2   1      0x3     0x27
1373               lh_read                7   0   2   2      0x3     0x27
1373               lh_read                7   0   2   3      0x3     0x27
1373               lh_read                7   0   3   0      0x3     0x27
1373               lh_read                7   0   3   1      0x3     0x27
1373               lh_read                7   0   3   2      0x3     0x27
1373               lh_read                7   0   3   3      0x3     0x27
1375               lh_read                7   0   0   0      0x3     0x28
1375               lh_read                7   0   0   1      0x3     0x28
1375               lh_read                7   0   0   2      0x3     0x28
1375               lh_read                7   0   0   3      0x3     0x28
1375               lh_read                7   0   1   0      0x3     0x28
1375               lh_read                7   0   1   1      0x3     0x28
1375               lh_read                7   0   1   2      0x3     0x28
1375               lh_read                7   0   1   3      0x3     0x28
1375               lh_read                7   0   2   0      0x3     0x28
1375               lh_read                7   0   2   1      0x3     0x28
1375               lh_read                7   0   2   2      0x3     0x28
1375               lh_read                7   0   2   3      0x3     0x28
1375               lh_read                7   0   3   0      0x3     0x28
1375               lh_read                7   0   3   1      0x3     0x28
1375               lh_read                7   0   3   2      0x3     0x28
1375               lh_read                7   0   3   3      0x3     0x28
1377               lh_read                7   0   0   0      0x3     0x29
1377               lh_read                7   0   0   1      0x3     0x29
1377               lh_read                7   0   0   2      0x3     0x29
1377               lh_read                7   0   0   3      0x3     0x29
1377               lh_read                7   0   1   0      0x3     0x29
1377               lh_read                7   0   1   1      0x3     0x29
1377               lh_read                7   0   1   2      0x3     0x29
1377               lh_read                7   0   1   3      0x3     0x29
1377               lh_read                7   0   2   0      0x3     0x29
1377               lh_read                7   0   2   1      0x3     0x29
1377               lh_read                7   0   2   2      0x3     0x29
1377               lh_read                7   0   2   3      0x3     0x29
1377               lh_read                7   0   3   0      0x3     0x29
1377               lh_read                7   0   3   1      0x3     0x29
1377               lh_read                7   0   3   2      0x3     0x29
1377               lh_read                7   0   3   3      0x3     0x29
1379               lh_read                7   0   0   0      0x3     0x2a
1379               lh_read                7   0   0   1      0x3     0x2a
1379               lh_read                7   0   0   2      0x3     0x2a
1379               lh_read                7   0   0   3      0x3     0x2a
1379               lh_read                7   0   1   0      0x3     0x2a
1379               lh_read                7   0   1   1      0x3     0x2a
1379               lh_read                7   0   1   2      0x3     0x2a
1379               lh_read                7   0   1   3      0x3     0x2a
1379               lh_read                7   0   2   0      0x3     0x2a
1379               lh_read                7   0   2   1      0x3     0x2a
1379               lh_read                7   0   2   2      0x3     0x2a
1379               lh_read                7   0   2   3      0x3     0x2a
1379               lh_read                7   0   3   0      0x3     0x2a
1379               lh_read                7   0   3   1      0x3     0x2a
1379               lh_read                7   0   3   2      0x3     0x2a
1379               lh_read                7   0   3   3      0x3     0x2a
1381               lh_read                7   0   0   0      0x3     0x2b
1381               lh_read                7   0   0   1      0x3     0x2b
1381               lh_read                7   0   0   2      0x3     0x2b
1381               lh_read                7   0   0   3      0x3     0x2b
1381               lh_read                7   0   1   0      0x3     0x2b
1381               lh_read                7   0   1   1      0x3     0x2b
1381               lh_read                7   0   1   2      0x3     0x2b
1381               lh_read                7   0   1   3      0x3     0x2b
1381               lh_read                7   0   2   0      0x3     0x2b
1381               lh_read                7   0   2   1      0x3     0x2b
1381               lh_read                7   0   2   2      0x3     0x2b
1381               lh_read                7   0   2   3      0x3     0x2b
1381               lh_read                7   0   3   0      0x3     0x2b
1381               lh_read                7   0   3   1      0x3     0x2b
1381               lh_read                7   0   3   2      0x3     0x2b
1381               lh_read                7   0   3   3      0x3     0x2b
1383               lh_read                7   0   0   0      0x3     0x2c
1383               lh_read                7   0   0   1      0x3     0x2c
1383               lh_read                7   0   0   2      0x3     0x2c
1383               lh_read                7   0   0   3      0x3     0x2c
1383               lh_read                7   0   1   0      0x3     0x2c
1383               lh_read                7   0   1   1      0x3     0x2c
1383               lh_read                7   0   1   2      0x3     0x2c
1383               lh_read                7   0   1   3      0x3     0x2c
1383               lh_read                7   0   2   0      0x3     0x2c
1383               lh_read                7   0   2   1      0x3     0x2c
1383               lh_read                7   0   2   2      0x3     0x2c
1383               lh_read                7   0   2   3      0x3     0x2c
1383               lh_read                7   0   3   0      0x3     0x2c
1383               lh_read                7   0   3   1      0x3     0x2c
1383               lh_read                7   0   3   2      0x3     0x2c
1383               lh_read                7   0   3   3      0x3     0x2c
1385               lh_read                7   0   0   0      0x3     0x2d
1385               lh_read                7   0   0   1      0x3     0x2d
1385               lh_read                7   0   0   2      0x3     0x2d
1385               lh_read                7   0   0   3      0x3     0x2d
1385               lh_read                7   0   1   0      0x3     0x2d
1385               lh_read                7   0   1   1      0x3     0x2d
1385               lh_read                7   0   1   2      0x3     0x2d
1385               lh_read                7   0   1   3      0x3     0x2d
1385               lh_read                7   0   2   0      0x3     0x2d
1385               lh_read                7   0   2   1      0x3     0x2d
1385               lh_read                7   0   2   2      0x3     0x2d
1385               lh_read                7   0   2   3      0x3     0x2d
1385               lh_read                7   0   3   0      0x3     0x2d
1385               lh_read                7   0   3   1      0x3     0x2d
1385               lh_read                7   0   3   2      0x3     0x2d
1385               lh_read                7   0   3   3      0x3     0x2d
1387               lh_read                7   0   0   0      0x3     0x2e
1387               lh_read                7   0   0   1      0x3     0x2e
1387               lh_read                7   0   0   2      0x3     0x2e
1387               lh_read                7   0   0   3      0x3     0x2e
1387               lh_read                7   0   1   0      0x3     0x2e
1387               lh_read                7   0   1   1      0x3     0x2e
1387               lh_read                7   0   1   2      0x3     0x2e
1387               lh_read                7   0   1   3      0x3     0x2e
1387               lh_read                7   0   2   0      0x3     0x2e
1387               lh_read                7   0   2   1      0x3     0x2e
1387               lh_read                7   0   2   2      0x3     0x2e
1387               lh_read                7   0   2   3      0x3     0x2e
1387               lh_read                7   0   3   0      0x3     0x2e
1387               lh_read                7   0   3   1      0x3     0x2e
1387               lh_read                7   0   3   2      0x3     0x2e
1387               lh_read                7   0   3   3      0x3     0x2e
1389               lh_read                7   0   0   0      0x3     0x2f
1389               lh_read                7   0   0   1      0x3     0x2f
1389               lh_read                7   0   0   2      0x3     0x2f
1389               lh_read                7   0   0   3      0x3     0x2f
1389               lh_read                7   0   1   0      0x3     0x2f
1389               lh_read                7   0   1   1      0x3     0x2f
1389               lh_read                7   0   1   2      0x3     0x2f
1389               lh_read                7   0   1   3      0x3     0x2f
1389               lh_read                7   0   2   0      0x3     0x2f
1389               lh_read                7   0   2   1      0x3     0x2f
1389               lh_read                7   0   2   2      0x3     0x2f
1389               lh_read                7   0   2   3      0x3     0x2f
1389               lh_read                7   0   3   0      0x3     0x2f
1389               lh_read                7   0   3   1      0x3     0x2f
1389               lh_read                7   0   3   2      0x3     0x2f
1389               lh_read                7   0   3   3      0x3     0x2f
1391               lh_read                7   0   0   0      0x3     0x30
1391               lh_read                7   0   0   1      0x3     0x30
1391               lh_read                7   0   0   2      0x3     0x30
1391               lh_read                7   0   0   3      0x3     0x30
1391               lh_read                7   0   1   0      0x3     0x30
1391               lh_read                7   0   1   1      0x3     0x30
1391               lh_read                7   0   1   2      0x3     0x30
1391               lh_read                7   0   1   3      0x3     0x30
1391               lh_read                7   0   2   0      0x3     0x30
1391               lh_read                7   0   2   1      0x3     0x30
1391               lh_read                7   0   2   2      0x3     0x30
1391               lh_read                7   0   2   3      0x3     0x30
1391               lh_read                7   0   3   0      0x3     0x30
1391               lh_read                7   0   3   1      0x3     0x30
1391               lh_read                7   0   3   2      0x3     0x30
1391               lh_read                7   0   3   3      0x3     0x30
1393               lh_read                7   0   0   0      0x3     0x31
1393               lh_read                7   0   0   1      0x3     0x31
1393               lh_read                7   0   0   2      0x3     0x31
1393               lh_read                7   0   0   3      0x3     0x31
1393               lh_read                7   0   1   0      0x3     0x31
1393               lh_read                7   0   1   1      0x3     0x31
1393               lh_read                7   0   1   2      0x3     0x31
1393               lh_read                7   0   1   3      0x3     0x31
1393               lh_read                7   0   2   0      0x3     0x31
1393               lh_read                7   0   2   1      0x3     0x31
1393               lh_read                7   0   2   2      0x3     0x31
1393               lh_read                7   0   2   3      0x3     0x31
1393               lh_read                7   0   3   0      0x3     0x31
1393               lh_read                7   0   3   1      0x3     0x31
1393               lh_read                7   0   3   2      0x3     0x31
1393               lh_read                7   0   3   3      0x3     0x31
1395               lh_read                7   0   0   0      0x3     0x32
1395               lh_read                7   0   0   1      0x3     0x32
1395               lh_read                7   0   0   2      0x3     0x32
1395               lh_read                7   0   0   3      0x3     0x32
1395               lh_read                7   0   1   0      0x3     0x32
1395               lh_read                7   0   1   1      0x3     0x32
1395               lh_read                7   0   1   2      0x3     0x32
1395               lh_read                7   0   1   3      0x3     0x32
1395               lh_read                7   0   2   0      0x3     0x32
1395               lh_read                7   0   2   1      0x3     0x32
1395               lh_read                7   0   2   2      0x3     0x32
1395               lh_read                7   0   2   3      0x3     0x32
1395               lh_read                7   0   3   0      0x3     0x32
1395               lh_read                7   0   3   1      0x3     0x32
1395               lh_read                7   0   3   2      0x3     0x32
1395               lh_read                7   0   3   3      0x3     0x32
1397               lh_read                7   0   0   0      0x3     0x33
1397               lh_read                7   0   0   1      0x3     0x33
1397               lh_read                7   0   0   2      0x3     0x33
1397               lh_read                7   0   0   3      0x3     0x33
1397               lh_read                7   0   1   0      0x3     0x33
1397               lh_read                7   0   1   1      0x3     0x33
1397               lh_read                7   0   1   2      0x3     0x33
1397               lh_read                7   0   1   3      0x3     0x33
1397               lh_read                7   0   2   0      0x3     0x33
1397               lh_read                7   0   2   1      0x3     0x33
1397               lh_read                7   0   2   2      0x3     0x33
1397               lh_read                7   0   2   3      0x3     0x33
1397               lh_read                7   0   3   0      0x3     0x33
1397               lh_read                7   0   3   1      0x3     0x33
1397               lh_read                7   0   3   2      0x3     0x33
1397               lh_read                7   0   3   3      0x3     0x33
1399               lh_read                7   0   0   0      0x3     0x34
1399               lh_read                7   0   0   1      0x3     0x34
1399               lh_read                7   0   0   2      0x3     0x34
1399               lh_read                7   0   0   3      0x3     0x34
1399               lh_read                7   0   1   0      0x3     0x34
1399               lh_read                7   0   1   1      0x3     0x34
1399               lh_read                7   0   1   2      0x3     0x34
1399               lh_read                7   0   1   3      0x3     0x34
1399               lh_read                7   0   2   0      0x3     0x34
1399               lh_read                7   0   2   1      0x3     0x34
1399               lh_read                7   0   2   2      0x3     0x34
1399               lh_read                7   0   2   3      0x3     0x34
1399               lh_read                7   0   3   0      0x3     0x34
1399               lh_read                7   0   3   1      0x3     0x34
1399               lh_read                7   0   3   2      0x3     0x34
1399               lh_read                7   0   3   3      0x3     0x34
1401               lh_read                7   0   0   0      0x3     0x35
1401               lh_read                7   0   0   1      0x3     0x35
1401               lh_read                7   0   0   2      0x3     0x35
1401               lh_read                7   0   0   3      0x3     0x35
1401               lh_read                7   0   1   0      0x3     0x35
1401               lh_read                7   0   1   1      0x3     0x35
1401               lh_read                7   0   1   2      0x3     0x35
1401               lh_read                7   0   1   3      0x3     0x35
1401               lh_read                7   0   2   0      0x3     0x35
1401               lh_read                7   0   2   1      0x3     0x35
1401               lh_read                7   0   2   2      0x3     0x35
1401               lh_read                7   0   2   3      0x3     0x35
1401               lh_read                7   0   3   0      0x3     0x35
1401               lh_read                7   0   3   1      0x3     0x35
1401               lh_read                7   0   3   2      0x3     0x35
1401               lh_read                7   0   3   3      0x3     0x35
1403               lh_read                7   0   0   0      0x3     0x36
1403               lh_read                7   0   0   1      0x3     0x36
1403               lh_read                7   0   0   2      0x3     0x36
1403               lh_read                7   0   0   3      0x3     0x36
1403               lh_read                7   0   1   0      0x3     0x36
1403               lh_read                7   0   1   1      0x3     0x36
1403               lh_read                7   0   1   2      0x3     0x36
1403               lh_read                7   0   1   3      0x3     0x36
1403               lh_read                7   0   2   0      0x3     0x36
1403               lh_read                7   0   2   1      0x3     0x36
1403               lh_read                7   0   2   2      0x3     0x36
1403               lh_read                7   0   2   3      0x3     0x36
1403               lh_read                7   0   3   0      0x3     0x36
1403               lh_read                7   0   3   1      0x3     0x36
1403               lh_read                7   0   3   2      0x3     0x36
1403               lh_read                7   0   3   3      0x3     0x36
1405               lh_read                7   0   0   0      0x3     0x37
1405               lh_read                7   0   0   1      0x3     0x37
1405               lh_read                7   0   0   2      0x3     0x37
1405               lh_read                7   0   0   3      0x3     0x37
1405               lh_read                7   0   1   0      0x3     0x37
1405               lh_read                7   0   1   1      0x3     0x37
1405               lh_read                7   0   1   2      0x3     0x37
1405               lh_read                7   0   1   3      0x3     0x37
1405               lh_read                7   0   2   0      0x3     0x37
1405               lh_read                7   0   2   1      0x3     0x37
1405               lh_read                7   0   2   2      0x3     0x37
1405               lh_read                7   0   2   3      0x3     0x37
1405               lh_read                7   0   3   0      0x3     0x37
1405               lh_read                7   0   3   1      0x3     0x37
1405               lh_read                7   0   3   2      0x3     0x37
1405               lh_read                7   0   3   3      0x3     0x37
1407               lh_read                7   0   0   0      0x3     0x38
1407               lh_read                7   0   0   1      0x3     0x38
1407               lh_read                7   0   0   2      0x3     0x38
1407               lh_read                7   0   0   3      0x3     0x38
1407               lh_read                7   0   1   0      0x3     0x38
1407               lh_read                7   0   1   1      0x3     0x38
1407               lh_read                7   0   1   2      0x3     0x38
1407               lh_read                7   0   1   3      0x3     0x38
1407               lh_read                7   0   2   0      0x3     0x38
1407               lh_read                7   0   2   1      0x3     0x38
1407               lh_read                7   0   2   2      0x3     0x38
1407               lh_read                7   0   2   3      0x3     0x38
1407               lh_read                7   0   3   0      0x3     0x38
1407               lh_read                7   0   3   1      0x3     0x38
1407               lh_read                7   0   3   2      0x3     0x38
1407               lh_read                7   0   3   3      0x3     0x38
1409               lh_read                7   0   0   0      0x3     0x39
1409               lh_read                7   0   0   1      0x3     0x39
1409               lh_read                7   0   0   2      0x3     0x39
1409               lh_read                7   0   0   3      0x3     0x39
1409               lh_read                7   0   1   0      0x3     0x39
1409               lh_read                7   0   1   1      0x3     0x39
1409               lh_read                7   0   1   2      0x3     0x39
1409               lh_read                7   0   1   3      0x3     0x39
1409               lh_read                7   0   2   0      0x3     0x39
1409               lh_read                7   0   2   1      0x3     0x39
1409               lh_read                7   0   2   2      0x3     0x39
1409               lh_read                7   0   2   3      0x3     0x39
1409               lh_read                7   0   3   0      0x3     0x39
1409               lh_read                7   0   3   1      0x3     0x39
1409               lh_read                7   0   3   2      0x3     0x39
1409               lh_read                7   0   3   3      0x3     0x39
1411               lh_read                7   0   0   0      0x3     0x3a
1411               lh_read                7   0   0   1      0x3     0x3a
1411               lh_read                7   0   0   2      0x3     0x3a
1411               lh_read                7   0   0   3      0x3     0x3a
1411               lh_read                7   0   1   0      0x3     0x3a
1411               lh_read                7   0   1   1      0x3     0x3a
1411               lh_read                7   0   1   2      0x3     0x3a
1411               lh_read                7   0   1   3      0x3     0x3a
1411               lh_read                7   0   2   0      0x3     0x3a
1411               lh_read                7   0   2   1      0x3     0x3a
1411               lh_read                7   0   2   2      0x3     0x3a
1411               lh_read                7   0   2   3      0x3     0x3a
1411               lh_read                7   0   3   0      0x3     0x3a
1411               lh_read                7   0   3   1      0x3     0x3a
1411               lh_read                7   0   3   2      0x3     0x3a
1411               lh_read                7   0   3   3      0x3     0x3a
1413               lh_read                7   0   0   0      0x3     0x3b
1413               lh_read                7   0   0   1      0x3     0x3b
1413               lh_read                7   0   0   2      0x3     0x3b
1413               lh_read                7   0   0   3      0x3     0x3b
1413               lh_read                7   0   1   0      0x3     0x3b
1413               lh_read                7   0   1   1      0x3     0x3b
1413               lh_read                7   0   1   2      0x3     0x3b
1413               lh_read                7   0   1   3      0x3     0x3b
1413               lh_read                7   0   2   0      0x3     0x3b
1413               lh_read                7   0   2   1      0x3     0x3b
1413               lh_read                7   0   2   2      0x3     0x3b
1413               lh_read                7   0   2   3      0x3     0x3b
1413               lh_read                7   0   3   0      0x3     0x3b
1413               lh_read                7   0   3   1      0x3     0x3b
1413               lh_read                7   0   3   2      0x3     0x3b
1413               lh_read                7   0   3   3      0x3     0x3b
1415               lh_read                7   0   0   0      0x3     0x3c
1415               lh_read                7   0   0   1      0x3     0x3c
1415               lh_read                7   0   0   2      0x3     0x3c
1415               lh_read                7   0   0   3      0x3     0x3c
1415               lh_read                7   0   1   0      0x3     0x3c
1415               lh_read                7   0   1   1      0x3     0x3c
1415               lh_read                7   0   1   2      0x3     0x3c
1415               lh_read                7   0   1   3      0x3     0x3c
1415               lh_read                7   0   2   0      0x3     0x3c
1415               lh_read                7   0   2   1      0x3     0x3c
1415               lh_read                7   0   2   2      0x3     0x3c
1415               lh_read                7   0   2   3      0x3     0x3c
1415               lh_read                7   0   3   0      0x3     0x3c
1415               lh_read                7   0   3   1      0x3     0x3c
1415               lh_read                7   0   3   2      0x3     0x3c
1415               lh_read                7   0   3   3      0x3     0x3c
1417               lh_read                7   0   0   0      0x3     0x3d
1417               lh_read                7   0   0   1      0x3     0x3d
1417               lh_read                7   0   0   2      0x3     0x3d
1417               lh_read                7   0   0   3      0x3     0x3d
1417               lh_read                7   0   1   0      0x3     0x3d
1417               lh_read                7   0   1   1      0x3     0x3d
1417               lh_read                7   0   1   2      0x3     0x3d
1417               lh_read                7   0   1   3      0x3     0x3d
1417               lh_read                7   0   2   0      0x3     0x3d
1417               lh_read                7   0   2   1      0x3     0x3d
1417               lh_read                7   0   2   2      0x3     0x3d
1417               lh_read                7   0   2   3      0x3     0x3d
1417               lh_read                7   0   3   0      0x3     0x3d
1417               lh_read                7   0   3   1      0x3     0x3d
1417               lh_read                7   0   3   2      0x3     0x3d
1417               lh_read                7   0   3   3      0x3     0x3d
1419               lh_read                7   0   0   0      0x3     0x3e
1419               lh_read                7   0   0   1      0x3     0x3e
1419               lh_read                7   0   0   2      0x3     0x3e
1419               lh_read                7   0   0   3      0x3     0x3e
1419               lh_read                7   0   1   0      0x3     0x3e
1419               lh_read                7   0   1   1      0x3     0x3e
1419               lh_read                7   0   1   2      0x3     0x3e
1419               lh_read                7   0   1   3      0x3     0x3e
1419               lh_read                7   0   2   0      0x3     0x3e
1419               lh_read                7   0   2   1      0x3     0x3e
1419               lh_read                7   0   2   2      0x3     0x3e
1419               lh_read                7   0   2   3      0x3     0x3e
1419               lh_read                7   0   3   0      0x3     0x3e
1419               lh_read                7   0   3   1      0x3     0x3e
1419               lh_read                7   0   3   2      0x3     0x3e
1419               lh_read                7   0   3   3      0x3     0x3e
1421               lh_read_p              7   0   0   0      0x3     0x3f
1421               lh_read_p              7   0   0   1      0x3     0x3f
1421               lh_read_p              7   0   0   2      0x3     0x3f
1421               lh_read_p              7   0   0   3      0x3     0x3f
1421               lh_read_p              7   0   1   0      0x3     0x3f
1421               lh_read_p              7   0   1   1      0x3     0x3f
1421               lh_read_p              7   0   1   2      0x3     0x3f
1421               lh_read_p              7   0   1   3      0x3     0x3f
1421               lh_read_p              7   0   2   0      0x3     0x3f
1421               lh_read_p              7   0   2   1      0x3     0x3f
1421               lh_read_p              7   0   2   2      0x3     0x3f
1421               lh_read_p              7   0   2   3      0x3     0x3f
1421               lh_read_p              7   0   3   0      0x3     0x3f
1421               lh_read_p              7   0   3   1      0x3     0x3f
1421               lh_read_p              7   0   3   2      0x3     0x3f
1421               lh_read_p              7   0   3   3      0x3     0x3f
1440               pim_activate           7   0   0   0      0x4      0x0
1440               pim_activate           7   0   0   1      0x4      0x0
1440               pim_activate           7   0   0   2      0x4      0x0
1440               pim_activate           7   0   0   3      0x4      0x0
1470               pim_activate           7   0   1   0      0x4      0x0
1470               pim_activate           7   0   1   1      0x4      0x0
1470               pim_activate           7   0   1   2      0x4      0x0
1470               pim_activate           7   0   1   3      0x4      0x0
1500               pim_activate           7   0   2   0      0x4      0x0
1500               pim_activate           7   0   2   1      0x4      0x0
1500               pim_activate           7   0   2   2      0x4      0x0
1500               pim_activate           7   0   2   3      0x4      0x0
1530               pim_activate           7   0   3   0      0x4      0x0
1530               pim_activate           7   0   3   1      0x4      0x0
1530               pim_activate           7   0   3   2      0x4      0x0
1530               pim_activate           7   0   3   3      0x4      0x0
1544               lh_read                7   0   0   0      0x4      0x0
1544               lh_read                7   0   0   1      0x4      0x0
1544               lh_read                7   0   0   2      0x4      0x0
1544               lh_read                7   0   0   3      0x4      0x0
1544               lh_read                7   0   1   0      0x4      0x0
1544               lh_read                7   0   1   1      0x4      0x0
1544               lh_read                7   0   1   2      0x4      0x0
1544               lh_read                7   0   1   3      0x4      0x0
1544               lh_read                7   0   2   0      0x4      0x0
1544               lh_read                7   0   2   1      0x4      0x0
1544               lh_read                7   0   2   2      0x4      0x0
1544               lh_read                7   0   2   3      0x4      0x0
1544               lh_read                7   0   3   0      0x4      0x0
1544               lh_read                7   0   3   1      0x4      0x0
1544               lh_read                7   0   3   2      0x4      0x0
1544               lh_read                7   0   3   3      0x4      0x0
1546               lh_read                7   0   0   0      0x4      0x1
1546               lh_read                7   0   0   1      0x4      0x1
1546               lh_read                7   0   0   2      0x4      0x1
1546               lh_read                7   0   0   3      0x4      0x1
1546               lh_read                7   0   1   0      0x4      0x1
1546               lh_read                7   0   1   1      0x4      0x1
1546               lh_read                7   0   1   2      0x4      0x1
1546               lh_read                7   0   1   3      0x4      0x1
1546               lh_read                7   0   2   0      0x4      0x1
1546               lh_read                7   0   2   1      0x4      0x1
1546               lh_read                7   0   2   2      0x4      0x1
1546               lh_read                7   0   2   3      0x4      0x1
1546               lh_read                7   0   3   0      0x4      0x1
1546               lh_read                7   0   3   1      0x4      0x1
1546               lh_read                7   0   3   2      0x4      0x1
1546               lh_read                7   0   3   3      0x4      0x1
1548               lh_read                7   0   0   0      0x4      0x2
1548               lh_read                7   0   0   1      0x4      0x2
1548               lh_read                7   0   0   2      0x4      0x2
1548               lh_read                7   0   0   3      0x4      0x2
1548               lh_read                7   0   1   0      0x4      0x2
1548               lh_read                7   0   1   1      0x4      0x2
1548               lh_read                7   0   1   2      0x4      0x2
1548               lh_read                7   0   1   3      0x4      0x2
1548               lh_read                7   0   2   0      0x4      0x2
1548               lh_read                7   0   2   1      0x4      0x2
1548               lh_read                7   0   2   2      0x4      0x2
1548               lh_read                7   0   2   3      0x4      0x2
1548               lh_read                7   0   3   0      0x4      0x2
1548               lh_read                7   0   3   1      0x4      0x2
1548               lh_read                7   0   3   2      0x4      0x2
1548               lh_read                7   0   3   3      0x4      0x2
1550               lh_read                7   0   0   0      0x4      0x3
1550               lh_read                7   0   0   1      0x4      0x3
1550               lh_read                7   0   0   2      0x4      0x3
1550               lh_read                7   0   0   3      0x4      0x3
1550               lh_read                7   0   1   0      0x4      0x3
1550               lh_read                7   0   1   1      0x4      0x3
1550               lh_read                7   0   1   2      0x4      0x3
1550               lh_read                7   0   1   3      0x4      0x3
1550               lh_read                7   0   2   0      0x4      0x3
1550               lh_read                7   0   2   1      0x4      0x3
1550               lh_read                7   0   2   2      0x4      0x3
1550               lh_read                7   0   2   3      0x4      0x3
1550               lh_read                7   0   3   0      0x4      0x3
1550               lh_read                7   0   3   1      0x4      0x3
1550               lh_read                7   0   3   2      0x4      0x3
1550               lh_read                7   0   3   3      0x4      0x3
1552               lh_read                7   0   0   0      0x4      0x4
1552               lh_read                7   0   0   1      0x4      0x4
1552               lh_read                7   0   0   2      0x4      0x4
1552               lh_read                7   0   0   3      0x4      0x4
1552               lh_read                7   0   1   0      0x4      0x4
1552               lh_read                7   0   1   1      0x4      0x4
1552               lh_read                7   0   1   2      0x4      0x4
1552               lh_read                7   0   1   3      0x4      0x4
1552               lh_read                7   0   2   0      0x4      0x4
1552               lh_read                7   0   2   1      0x4      0x4
1552               lh_read                7   0   2   2      0x4      0x4
1552               lh_read                7   0   2   3      0x4      0x4
1552               lh_read                7   0   3   0      0x4      0x4
1552               lh_read                7   0   3   1      0x4      0x4
1552               lh_read                7   0   3   2      0x4      0x4
1552               lh_read                7   0   3   3      0x4      0x4
1554               lh_read                7   0   0   0      0x4      0x5
1554               lh_read                7   0   0   1      0x4      0x5
1554               lh_read                7   0   0   2      0x4      0x5
1554               lh_read                7   0   0   3      0x4      0x5
1554               lh_read                7   0   1   0      0x4      0x5
1554               lh_read                7   0   1   1      0x4      0x5
1554               lh_read                7   0   1   2      0x4      0x5
1554               lh_read                7   0   1   3      0x4      0x5
1554               lh_read                7   0   2   0      0x4      0x5
1554               lh_read                7   0   2   1      0x4      0x5
1554               lh_read                7   0   2   2      0x4      0x5
1554               lh_read                7   0   2   3      0x4      0x5
1554               lh_read                7   0   3   0      0x4      0x5
1554               lh_read                7   0   3   1      0x4      0x5
1554               lh_read                7   0   3   2      0x4      0x5
1554               lh_read                7   0   3   3      0x4      0x5
1556               lh_read                7   0   0   0      0x4      0x6
1556               lh_read                7   0   0   1      0x4      0x6
1556               lh_read                7   0   0   2      0x4      0x6
1556               lh_read                7   0   0   3      0x4      0x6
1556               lh_read                7   0   1   0      0x4      0x6
1556               lh_read                7   0   1   1      0x4      0x6
1556               lh_read                7   0   1   2      0x4      0x6
1556               lh_read                7   0   1   3      0x4      0x6
1556               lh_read                7   0   2   0      0x4      0x6
1556               lh_read                7   0   2   1      0x4      0x6
1556               lh_read                7   0   2   2      0x4      0x6
1556               lh_read                7   0   2   3      0x4      0x6
1556               lh_read                7   0   3   0      0x4      0x6
1556               lh_read                7   0   3   1      0x4      0x6
1556               lh_read                7   0   3   2      0x4      0x6
1556               lh_read                7   0   3   3      0x4      0x6
1558               lh_read                7   0   0   0      0x4      0x7
1558               lh_read                7   0   0   1      0x4      0x7
1558               lh_read                7   0   0   2      0x4      0x7
1558               lh_read                7   0   0   3      0x4      0x7
1558               lh_read                7   0   1   0      0x4      0x7
1558               lh_read                7   0   1   1      0x4      0x7
1558               lh_read                7   0   1   2      0x4      0x7
1558               lh_read                7   0   1   3      0x4      0x7
1558               lh_read                7   0   2   0      0x4      0x7
1558               lh_read                7   0   2   1      0x4      0x7
1558               lh_read                7   0   2   2      0x4      0x7
1558               lh_read                7   0   2   3      0x4      0x7
1558               lh_read                7   0   3   0      0x4      0x7
1558               lh_read                7   0   3   1      0x4      0x7
1558               lh_read                7   0   3   2      0x4      0x7
1558               lh_read                7   0   3   3      0x4      0x7
1560               lh_read                7   0   0   0      0x4      0x8
1560               lh_read                7   0   0   1      0x4      0x8
1560               lh_read                7   0   0   2      0x4      0x8
1560               lh_read                7   0   0   3      0x4      0x8
1560               lh_read                7   0   1   0      0x4      0x8
1560               lh_read                7   0   1   1      0x4      0x8
1560               lh_read                7   0   1   2      0x4      0x8
1560               lh_read                7   0   1   3      0x4      0x8
1560               lh_read                7   0   2   0      0x4      0x8
1560               lh_read                7   0   2   1      0x4      0x8
1560               lh_read                7   0   2   2      0x4      0x8
1560               lh_read                7   0   2   3      0x4      0x8
1560               lh_read                7   0   3   0      0x4      0x8
1560               lh_read                7   0   3   1      0x4      0x8
1560               lh_read                7   0   3   2      0x4      0x8
1560               lh_read                7   0   3   3      0x4      0x8
1562               lh_read                7   0   0   0      0x4      0x9
1562               lh_read                7   0   0   1      0x4      0x9
1562               lh_read                7   0   0   2      0x4      0x9
1562               lh_read                7   0   0   3      0x4      0x9
1562               lh_read                7   0   1   0      0x4      0x9
1562               lh_read                7   0   1   1      0x4      0x9
1562               lh_read                7   0   1   2      0x4      0x9
1562               lh_read                7   0   1   3      0x4      0x9
1562               lh_read                7   0   2   0      0x4      0x9
1562               lh_read                7   0   2   1      0x4      0x9
1562               lh_read                7   0   2   2      0x4      0x9
1562               lh_read                7   0   2   3      0x4      0x9
1562               lh_read                7   0   3   0      0x4      0x9
1562               lh_read                7   0   3   1      0x4      0x9
1562               lh_read                7   0   3   2      0x4      0x9
1562               lh_read                7   0   3   3      0x4      0x9
1564               lh_read                7   0   0   0      0x4      0xa
1564               lh_read                7   0   0   1      0x4      0xa
1564               lh_read                7   0   0   2      0x4      0xa
1564               lh_read                7   0   0   3      0x4      0xa
1564               lh_read                7   0   1   0      0x4      0xa
1564               lh_read                7   0   1   1      0x4      0xa
1564               lh_read                7   0   1   2      0x4      0xa
1564               lh_read                7   0   1   3      0x4      0xa
1564               lh_read                7   0   2   0      0x4      0xa
1564               lh_read                7   0   2   1      0x4      0xa
1564               lh_read                7   0   2   2      0x4      0xa
1564               lh_read                7   0   2   3      0x4      0xa
1564               lh_read                7   0   3   0      0x4      0xa
1564               lh_read                7   0   3   1      0x4      0xa
1564               lh_read                7   0   3   2      0x4      0xa
1564               lh_read                7   0   3   3      0x4      0xa
1566               lh_read                7   0   0   0      0x4      0xb
1566               lh_read                7   0   0   1      0x4      0xb
1566               lh_read                7   0   0   2      0x4      0xb
1566               lh_read                7   0   0   3      0x4      0xb
1566               lh_read                7   0   1   0      0x4      0xb
1566               lh_read                7   0   1   1      0x4      0xb
1566               lh_read                7   0   1   2      0x4      0xb
1566               lh_read                7   0   1   3      0x4      0xb
1566               lh_read                7   0   2   0      0x4      0xb
1566               lh_read                7   0   2   1      0x4      0xb
1566               lh_read                7   0   2   2      0x4      0xb
1566               lh_read                7   0   2   3      0x4      0xb
1566               lh_read                7   0   3   0      0x4      0xb
1566               lh_read                7   0   3   1      0x4      0xb
1566               lh_read                7   0   3   2      0x4      0xb
1566               lh_read                7   0   3   3      0x4      0xb
1568               lh_read                7   0   0   0      0x4      0xc
1568               lh_read                7   0   0   1      0x4      0xc
1568               lh_read                7   0   0   2      0x4      0xc
1568               lh_read                7   0   0   3      0x4      0xc
1568               lh_read                7   0   1   0      0x4      0xc
1568               lh_read                7   0   1   1      0x4      0xc
1568               lh_read                7   0   1   2      0x4      0xc
1568               lh_read                7   0   1   3      0x4      0xc
1568               lh_read                7   0   2   0      0x4      0xc
1568               lh_read                7   0   2   1      0x4      0xc
1568               lh_read                7   0   2   2      0x4      0xc
1568               lh_read                7   0   2   3      0x4      0xc
1568               lh_read                7   0   3   0      0x4      0xc
1568               lh_read                7   0   3   1      0x4      0xc
1568               lh_read                7   0   3   2      0x4      0xc
1568               lh_read                7   0   3   3      0x4      0xc
1570               lh_read                7   0   0   0      0x4      0xd
1570               lh_read                7   0   0   1      0x4      0xd
1570               lh_read                7   0   0   2      0x4      0xd
1570               lh_read                7   0   0   3      0x4      0xd
1570               lh_read                7   0   1   0      0x4      0xd
1570               lh_read                7   0   1   1      0x4      0xd
1570               lh_read                7   0   1   2      0x4      0xd
1570               lh_read                7   0   1   3      0x4      0xd
1570               lh_read                7   0   2   0      0x4      0xd
1570               lh_read                7   0   2   1      0x4      0xd
1570               lh_read                7   0   2   2      0x4      0xd
1570               lh_read                7   0   2   3      0x4      0xd
1570               lh_read                7   0   3   0      0x4      0xd
1570               lh_read                7   0   3   1      0x4      0xd
1570               lh_read                7   0   3   2      0x4      0xd
1570               lh_read                7   0   3   3      0x4      0xd
1572               lh_read                7   0   0   0      0x4      0xe
1572               lh_read                7   0   0   1      0x4      0xe
1572               lh_read                7   0   0   2      0x4      0xe
1572               lh_read                7   0   0   3      0x4      0xe
1572               lh_read                7   0   1   0      0x4      0xe
1572               lh_read                7   0   1   1      0x4      0xe
1572               lh_read                7   0   1   2      0x4      0xe
1572               lh_read                7   0   1   3      0x4      0xe
1572               lh_read                7   0   2   0      0x4      0xe
1572               lh_read                7   0   2   1      0x4      0xe
1572               lh_read                7   0   2   2      0x4      0xe
1572               lh_read                7   0   2   3      0x4      0xe
1572               lh_read                7   0   3   0      0x4      0xe
1572               lh_read                7   0   3   1      0x4      0xe
1572               lh_read                7   0   3   2      0x4      0xe
1572               lh_read                7   0   3   3      0x4      0xe
1574               lh_read                7   0   0   0      0x4      0xf
1574               lh_read                7   0   0   1      0x4      0xf
1574               lh_read                7   0   0   2      0x4      0xf
1574               lh_read                7   0   0   3      0x4      0xf
1574               lh_read                7   0   1   0      0x4      0xf
1574               lh_read                7   0   1   1      0x4      0xf
1574               lh_read                7   0   1   2      0x4      0xf
1574               lh_read                7   0   1   3      0x4      0xf
1574               lh_read                7   0   2   0      0x4      0xf
1574               lh_read                7   0   2   1      0x4      0xf
1574               lh_read                7   0   2   2      0x4      0xf
1574               lh_read                7   0   2   3      0x4      0xf
1574               lh_read                7   0   3   0      0x4      0xf
1574               lh_read                7   0   3   1      0x4      0xf
1574               lh_read                7   0   3   2      0x4      0xf
1574               lh_read                7   0   3   3      0x4      0xf
1576               lh_read                7   0   0   0      0x4     0x10
1576               lh_read                7   0   0   1      0x4     0x10
1576               lh_read                7   0   0   2      0x4     0x10
1576               lh_read                7   0   0   3      0x4     0x10
1576               lh_read                7   0   1   0      0x4     0x10
1576               lh_read                7   0   1   1      0x4     0x10
1576               lh_read                7   0   1   2      0x4     0x10
1576               lh_read                7   0   1   3      0x4     0x10
1576               lh_read                7   0   2   0      0x4     0x10
1576               lh_read                7   0   2   1      0x4     0x10
1576               lh_read                7   0   2   2      0x4     0x10
1576               lh_read                7   0   2   3      0x4     0x10
1576               lh_read                7   0   3   0      0x4     0x10
1576               lh_read                7   0   3   1      0x4     0x10
1576               lh_read                7   0   3   2      0x4     0x10
1576               lh_read                7   0   3   3      0x4     0x10
1578               lh_read                7   0   0   0      0x4     0x11
1578               lh_read                7   0   0   1      0x4     0x11
1578               lh_read                7   0   0   2      0x4     0x11
1578               lh_read                7   0   0   3      0x4     0x11
1578               lh_read                7   0   1   0      0x4     0x11
1578               lh_read                7   0   1   1      0x4     0x11
1578               lh_read                7   0   1   2      0x4     0x11
1578               lh_read                7   0   1   3      0x4     0x11
1578               lh_read                7   0   2   0      0x4     0x11
1578               lh_read                7   0   2   1      0x4     0x11
1578               lh_read                7   0   2   2      0x4     0x11
1578               lh_read                7   0   2   3      0x4     0x11
1578               lh_read                7   0   3   0      0x4     0x11
1578               lh_read                7   0   3   1      0x4     0x11
1578               lh_read                7   0   3   2      0x4     0x11
1578               lh_read                7   0   3   3      0x4     0x11
1580               lh_read                7   0   0   0      0x4     0x12
1580               lh_read                7   0   0   1      0x4     0x12
1580               lh_read                7   0   0   2      0x4     0x12
1580               lh_read                7   0   0   3      0x4     0x12
1580               lh_read                7   0   1   0      0x4     0x12
1580               lh_read                7   0   1   1      0x4     0x12
1580               lh_read                7   0   1   2      0x4     0x12
1580               lh_read                7   0   1   3      0x4     0x12
1580               lh_read                7   0   2   0      0x4     0x12
1580               lh_read                7   0   2   1      0x4     0x12
1580               lh_read                7   0   2   2      0x4     0x12
1580               lh_read                7   0   2   3      0x4     0x12
1580               lh_read                7   0   3   0      0x4     0x12
1580               lh_read                7   0   3   1      0x4     0x12
1580               lh_read                7   0   3   2      0x4     0x12
1580               lh_read                7   0   3   3      0x4     0x12
1582               lh_read                7   0   0   0      0x4     0x13
1582               lh_read                7   0   0   1      0x4     0x13
1582               lh_read                7   0   0   2      0x4     0x13
1582               lh_read                7   0   0   3      0x4     0x13
1582               lh_read                7   0   1   0      0x4     0x13
1582               lh_read                7   0   1   1      0x4     0x13
1582               lh_read                7   0   1   2      0x4     0x13
1582               lh_read                7   0   1   3      0x4     0x13
1582               lh_read                7   0   2   0      0x4     0x13
1582               lh_read                7   0   2   1      0x4     0x13
1582               lh_read                7   0   2   2      0x4     0x13
1582               lh_read                7   0   2   3      0x4     0x13
1582               lh_read                7   0   3   0      0x4     0x13
1582               lh_read                7   0   3   1      0x4     0x13
1582               lh_read                7   0   3   2      0x4     0x13
1582               lh_read                7   0   3   3      0x4     0x13
1584               lh_read                7   0   0   0      0x4     0x14
1584               lh_read                7   0   0   1      0x4     0x14
1584               lh_read                7   0   0   2      0x4     0x14
1584               lh_read                7   0   0   3      0x4     0x14
1584               lh_read                7   0   1   0      0x4     0x14
1584               lh_read                7   0   1   1      0x4     0x14
1584               lh_read                7   0   1   2      0x4     0x14
1584               lh_read                7   0   1   3      0x4     0x14
1584               lh_read                7   0   2   0      0x4     0x14
1584               lh_read                7   0   2   1      0x4     0x14
1584               lh_read                7   0   2   2      0x4     0x14
1584               lh_read                7   0   2   3      0x4     0x14
1584               lh_read                7   0   3   0      0x4     0x14
1584               lh_read                7   0   3   1      0x4     0x14
1584               lh_read                7   0   3   2      0x4     0x14
1584               lh_read                7   0   3   3      0x4     0x14
1586               lh_read                7   0   0   0      0x4     0x15
1586               lh_read                7   0   0   1      0x4     0x15
1586               lh_read                7   0   0   2      0x4     0x15
1586               lh_read                7   0   0   3      0x4     0x15
1586               lh_read                7   0   1   0      0x4     0x15
1586               lh_read                7   0   1   1      0x4     0x15
1586               lh_read                7   0   1   2      0x4     0x15
1586               lh_read                7   0   1   3      0x4     0x15
1586               lh_read                7   0   2   0      0x4     0x15
1586               lh_read                7   0   2   1      0x4     0x15
1586               lh_read                7   0   2   2      0x4     0x15
1586               lh_read                7   0   2   3      0x4     0x15
1586               lh_read                7   0   3   0      0x4     0x15
1586               lh_read                7   0   3   1      0x4     0x15
1586               lh_read                7   0   3   2      0x4     0x15
1586               lh_read                7   0   3   3      0x4     0x15
1588               lh_read                7   0   0   0      0x4     0x16
1588               lh_read                7   0   0   1      0x4     0x16
1588               lh_read                7   0   0   2      0x4     0x16
1588               lh_read                7   0   0   3      0x4     0x16
1588               lh_read                7   0   1   0      0x4     0x16
1588               lh_read                7   0   1   1      0x4     0x16
1588               lh_read                7   0   1   2      0x4     0x16
1588               lh_read                7   0   1   3      0x4     0x16
1588               lh_read                7   0   2   0      0x4     0x16
1588               lh_read                7   0   2   1      0x4     0x16
1588               lh_read                7   0   2   2      0x4     0x16
1588               lh_read                7   0   2   3      0x4     0x16
1588               lh_read                7   0   3   0      0x4     0x16
1588               lh_read                7   0   3   1      0x4     0x16
1588               lh_read                7   0   3   2      0x4     0x16
1588               lh_read                7   0   3   3      0x4     0x16
1590               lh_read                7   0   0   0      0x4     0x17
1590               lh_read                7   0   0   1      0x4     0x17
1590               lh_read                7   0   0   2      0x4     0x17
1590               lh_read                7   0   0   3      0x4     0x17
1590               lh_read                7   0   1   0      0x4     0x17
1590               lh_read                7   0   1   1      0x4     0x17
1590               lh_read                7   0   1   2      0x4     0x17
1590               lh_read                7   0   1   3      0x4     0x17
1590               lh_read                7   0   2   0      0x4     0x17
1590               lh_read                7   0   2   1      0x4     0x17
1590               lh_read                7   0   2   2      0x4     0x17
1590               lh_read                7   0   2   3      0x4     0x17
1590               lh_read                7   0   3   0      0x4     0x17
1590               lh_read                7   0   3   1      0x4     0x17
1590               lh_read                7   0   3   2      0x4     0x17
1590               lh_read                7   0   3   3      0x4     0x17
1592               lh_read                7   0   0   0      0x4     0x18
1592               lh_read                7   0   0   1      0x4     0x18
1592               lh_read                7   0   0   2      0x4     0x18
1592               lh_read                7   0   0   3      0x4     0x18
1592               lh_read                7   0   1   0      0x4     0x18
1592               lh_read                7   0   1   1      0x4     0x18
1592               lh_read                7   0   1   2      0x4     0x18
1592               lh_read                7   0   1   3      0x4     0x18
1592               lh_read                7   0   2   0      0x4     0x18
1592               lh_read                7   0   2   1      0x4     0x18
1592               lh_read                7   0   2   2      0x4     0x18
1592               lh_read                7   0   2   3      0x4     0x18
1592               lh_read                7   0   3   0      0x4     0x18
1592               lh_read                7   0   3   1      0x4     0x18
1592               lh_read                7   0   3   2      0x4     0x18
1592               lh_read                7   0   3   3      0x4     0x18
1594               lh_read                7   0   0   0      0x4     0x19
1594               lh_read                7   0   0   1      0x4     0x19
1594               lh_read                7   0   0   2      0x4     0x19
1594               lh_read                7   0   0   3      0x4     0x19
1594               lh_read                7   0   1   0      0x4     0x19
1594               lh_read                7   0   1   1      0x4     0x19
1594               lh_read                7   0   1   2      0x4     0x19
1594               lh_read                7   0   1   3      0x4     0x19
1594               lh_read                7   0   2   0      0x4     0x19
1594               lh_read                7   0   2   1      0x4     0x19
1594               lh_read                7   0   2   2      0x4     0x19
1594               lh_read                7   0   2   3      0x4     0x19
1594               lh_read                7   0   3   0      0x4     0x19
1594               lh_read                7   0   3   1      0x4     0x19
1594               lh_read                7   0   3   2      0x4     0x19
1594               lh_read                7   0   3   3      0x4     0x19
1596               lh_read                7   0   0   0      0x4     0x1a
1596               lh_read                7   0   0   1      0x4     0x1a
1596               lh_read                7   0   0   2      0x4     0x1a
1596               lh_read                7   0   0   3      0x4     0x1a
1596               lh_read                7   0   1   0      0x4     0x1a
1596               lh_read                7   0   1   1      0x4     0x1a
1596               lh_read                7   0   1   2      0x4     0x1a
1596               lh_read                7   0   1   3      0x4     0x1a
1596               lh_read                7   0   2   0      0x4     0x1a
1596               lh_read                7   0   2   1      0x4     0x1a
1596               lh_read                7   0   2   2      0x4     0x1a
1596               lh_read                7   0   2   3      0x4     0x1a
1596               lh_read                7   0   3   0      0x4     0x1a
1596               lh_read                7   0   3   1      0x4     0x1a
1596               lh_read                7   0   3   2      0x4     0x1a
1596               lh_read                7   0   3   3      0x4     0x1a
1598               lh_read                7   0   0   0      0x4     0x1b
1598               lh_read                7   0   0   1      0x4     0x1b
1598               lh_read                7   0   0   2      0x4     0x1b
1598               lh_read                7   0   0   3      0x4     0x1b
1598               lh_read                7   0   1   0      0x4     0x1b
1598               lh_read                7   0   1   1      0x4     0x1b
1598               lh_read                7   0   1   2      0x4     0x1b
1598               lh_read                7   0   1   3      0x4     0x1b
1598               lh_read                7   0   2   0      0x4     0x1b
1598               lh_read                7   0   2   1      0x4     0x1b
1598               lh_read                7   0   2   2      0x4     0x1b
1598               lh_read                7   0   2   3      0x4     0x1b
1598               lh_read                7   0   3   0      0x4     0x1b
1598               lh_read                7   0   3   1      0x4     0x1b
1598               lh_read                7   0   3   2      0x4     0x1b
1598               lh_read                7   0   3   3      0x4     0x1b
1600               lh_read                7   0   0   0      0x4     0x1c
1600               lh_read                7   0   0   1      0x4     0x1c
1600               lh_read                7   0   0   2      0x4     0x1c
1600               lh_read                7   0   0   3      0x4     0x1c
1600               lh_read                7   0   1   0      0x4     0x1c
1600               lh_read                7   0   1   1      0x4     0x1c
1600               lh_read                7   0   1   2      0x4     0x1c
1600               lh_read                7   0   1   3      0x4     0x1c
1600               lh_read                7   0   2   0      0x4     0x1c
1600               lh_read                7   0   2   1      0x4     0x1c
1600               lh_read                7   0   2   2      0x4     0x1c
1600               lh_read                7   0   2   3      0x4     0x1c
1600               lh_read                7   0   3   0      0x4     0x1c
1600               lh_read                7   0   3   1      0x4     0x1c
1600               lh_read                7   0   3   2      0x4     0x1c
1600               lh_read                7   0   3   3      0x4     0x1c
1602               lh_read                7   0   0   0      0x4     0x1d
1602               lh_read                7   0   0   1      0x4     0x1d
1602               lh_read                7   0   0   2      0x4     0x1d
1602               lh_read                7   0   0   3      0x4     0x1d
1602               lh_read                7   0   1   0      0x4     0x1d
1602               lh_read                7   0   1   1      0x4     0x1d
1602               lh_read                7   0   1   2      0x4     0x1d
1602               lh_read                7   0   1   3      0x4     0x1d
1602               lh_read                7   0   2   0      0x4     0x1d
1602               lh_read                7   0   2   1      0x4     0x1d
1602               lh_read                7   0   2   2      0x4     0x1d
1602               lh_read                7   0   2   3      0x4     0x1d
1602               lh_read                7   0   3   0      0x4     0x1d
1602               lh_read                7   0   3   1      0x4     0x1d
1602               lh_read                7   0   3   2      0x4     0x1d
1602               lh_read                7   0   3   3      0x4     0x1d
1604               lh_read                7   0   0   0      0x4     0x1e
1604               lh_read                7   0   0   1      0x4     0x1e
1604               lh_read                7   0   0   2      0x4     0x1e
1604               lh_read                7   0   0   3      0x4     0x1e
1604               lh_read                7   0   1   0      0x4     0x1e
1604               lh_read                7   0   1   1      0x4     0x1e
1604               lh_read                7   0   1   2      0x4     0x1e
1604               lh_read                7   0   1   3      0x4     0x1e
1604               lh_read                7   0   2   0      0x4     0x1e
1604               lh_read                7   0   2   1      0x4     0x1e
1604               lh_read                7   0   2   2      0x4     0x1e
1604               lh_read                7   0   2   3      0x4     0x1e
1604               lh_read                7   0   3   0      0x4     0x1e
1604               lh_read                7   0   3   1      0x4     0x1e
1604               lh_read                7   0   3   2      0x4     0x1e
1604               lh_read                7   0   3   3      0x4     0x1e
1606               lh_read                7   0   0   0      0x4     0x1f
1606               lh_read                7   0   0   1      0x4     0x1f
1606               lh_read                7   0   0   2      0x4     0x1f
1606               lh_read                7   0   0   3      0x4     0x1f
1606               lh_read                7   0   1   0      0x4     0x1f
1606               lh_read                7   0   1   1      0x4     0x1f
1606               lh_read                7   0   1   2      0x4     0x1f
1606               lh_read                7   0   1   3      0x4     0x1f
1606               lh_read                7   0   2   0      0x4     0x1f
1606               lh_read                7   0   2   1      0x4     0x1f
1606               lh_read                7   0   2   2      0x4     0x1f
1606               lh_read                7   0   2   3      0x4     0x1f
1606               lh_read                7   0   3   0      0x4     0x1f
1606               lh_read                7   0   3   1      0x4     0x1f
1606               lh_read                7   0   3   2      0x4     0x1f
1606               lh_read                7   0   3   3      0x4     0x1f
1608               lh_read                7   0   0   0      0x4     0x20
1608               lh_read                7   0   0   1      0x4     0x20
1608               lh_read                7   0   0   2      0x4     0x20
1608               lh_read                7   0   0   3      0x4     0x20
1608               lh_read                7   0   1   0      0x4     0x20
1608               lh_read                7   0   1   1      0x4     0x20
1608               lh_read                7   0   1   2      0x4     0x20
1608               lh_read                7   0   1   3      0x4     0x20
1608               lh_read                7   0   2   0      0x4     0x20
1608               lh_read                7   0   2   1      0x4     0x20
1608               lh_read                7   0   2   2      0x4     0x20
1608               lh_read                7   0   2   3      0x4     0x20
1608               lh_read                7   0   3   0      0x4     0x20
1608               lh_read                7   0   3   1      0x4     0x20
1608               lh_read                7   0   3   2      0x4     0x20
1608               lh_read                7   0   3   3      0x4     0x20
1610               lh_read                7   0   0   0      0x4     0x21
1610               lh_read                7   0   0   1      0x4     0x21
1610               lh_read                7   0   0   2      0x4     0x21
1610               lh_read                7   0   0   3      0x4     0x21
1610               lh_read                7   0   1   0      0x4     0x21
1610               lh_read                7   0   1   1      0x4     0x21
1610               lh_read                7   0   1   2      0x4     0x21
1610               lh_read                7   0   1   3      0x4     0x21
1610               lh_read                7   0   2   0      0x4     0x21
1610               lh_read                7   0   2   1      0x4     0x21
1610               lh_read                7   0   2   2      0x4     0x21
1610               lh_read                7   0   2   3      0x4     0x21
1610               lh_read                7   0   3   0      0x4     0x21
1610               lh_read                7   0   3   1      0x4     0x21
1610               lh_read                7   0   3   2      0x4     0x21
1610               lh_read                7   0   3   3      0x4     0x21
1612               lh_read                7   0   0   0      0x4     0x22
1612               lh_read                7   0   0   1      0x4     0x22
1612               lh_read                7   0   0   2      0x4     0x22
1612               lh_read                7   0   0   3      0x4     0x22
1612               lh_read                7   0   1   0      0x4     0x22
1612               lh_read                7   0   1   1      0x4     0x22
1612               lh_read                7   0   1   2      0x4     0x22
1612               lh_read                7   0   1   3      0x4     0x22
1612               lh_read                7   0   2   0      0x4     0x22
1612               lh_read                7   0   2   1      0x4     0x22
1612               lh_read                7   0   2   2      0x4     0x22
1612               lh_read                7   0   2   3      0x4     0x22
1612               lh_read                7   0   3   0      0x4     0x22
1612               lh_read                7   0   3   1      0x4     0x22
1612               lh_read                7   0   3   2      0x4     0x22
1612               lh_read                7   0   3   3      0x4     0x22
1614               lh_read                7   0   0   0      0x4     0x23
1614               lh_read                7   0   0   1      0x4     0x23
1614               lh_read                7   0   0   2      0x4     0x23
1614               lh_read                7   0   0   3      0x4     0x23
1614               lh_read                7   0   1   0      0x4     0x23
1614               lh_read                7   0   1   1      0x4     0x23
1614               lh_read                7   0   1   2      0x4     0x23
1614               lh_read                7   0   1   3      0x4     0x23
1614               lh_read                7   0   2   0      0x4     0x23
1614               lh_read                7   0   2   1      0x4     0x23
1614               lh_read                7   0   2   2      0x4     0x23
1614               lh_read                7   0   2   3      0x4     0x23
1614               lh_read                7   0   3   0      0x4     0x23
1614               lh_read                7   0   3   1      0x4     0x23
1614               lh_read                7   0   3   2      0x4     0x23
1614               lh_read                7   0   3   3      0x4     0x23
1616               lh_read                7   0   0   0      0x4     0x24
1616               lh_read                7   0   0   1      0x4     0x24
1616               lh_read                7   0   0   2      0x4     0x24
1616               lh_read                7   0   0   3      0x4     0x24
1616               lh_read                7   0   1   0      0x4     0x24
1616               lh_read                7   0   1   1      0x4     0x24
1616               lh_read                7   0   1   2      0x4     0x24
1616               lh_read                7   0   1   3      0x4     0x24
1616               lh_read                7   0   2   0      0x4     0x24
1616               lh_read                7   0   2   1      0x4     0x24
1616               lh_read                7   0   2   2      0x4     0x24
1616               lh_read                7   0   2   3      0x4     0x24
1616               lh_read                7   0   3   0      0x4     0x24
1616               lh_read                7   0   3   1      0x4     0x24
1616               lh_read                7   0   3   2      0x4     0x24
1616               lh_read                7   0   3   3      0x4     0x24
1618               lh_read                7   0   0   0      0x4     0x25
1618               lh_read                7   0   0   1      0x4     0x25
1618               lh_read                7   0   0   2      0x4     0x25
1618               lh_read                7   0   0   3      0x4     0x25
1618               lh_read                7   0   1   0      0x4     0x25
1618               lh_read                7   0   1   1      0x4     0x25
1618               lh_read                7   0   1   2      0x4     0x25
1618               lh_read                7   0   1   3      0x4     0x25
1618               lh_read                7   0   2   0      0x4     0x25
1618               lh_read                7   0   2   1      0x4     0x25
1618               lh_read                7   0   2   2      0x4     0x25
1618               lh_read                7   0   2   3      0x4     0x25
1618               lh_read                7   0   3   0      0x4     0x25
1618               lh_read                7   0   3   1      0x4     0x25
1618               lh_read                7   0   3   2      0x4     0x25
1618               lh_read                7   0   3   3      0x4     0x25
1620               lh_read                7   0   0   0      0x4     0x26
1620               lh_read                7   0   0   1      0x4     0x26
1620               lh_read                7   0   0   2      0x4     0x26
1620               lh_read                7   0   0   3      0x4     0x26
1620               lh_read                7   0   1   0      0x4     0x26
1620               lh_read                7   0   1   1      0x4     0x26
1620               lh_read                7   0   1   2      0x4     0x26
1620               lh_read                7   0   1   3      0x4     0x26
1620               lh_read                7   0   2   0      0x4     0x26
1620               lh_read                7   0   2   1      0x4     0x26
1620               lh_read                7   0   2   2      0x4     0x26
1620               lh_read                7   0   2   3      0x4     0x26
1620               lh_read                7   0   3   0      0x4     0x26
1620               lh_read                7   0   3   1      0x4     0x26
1620               lh_read                7   0   3   2      0x4     0x26
1620               lh_read                7   0   3   3      0x4     0x26
1622               lh_read                7   0   0   0      0x4     0x27
1622               lh_read                7   0   0   1      0x4     0x27
1622               lh_read                7   0   0   2      0x4     0x27
1622               lh_read                7   0   0   3      0x4     0x27
1622               lh_read                7   0   1   0      0x4     0x27
1622               lh_read                7   0   1   1      0x4     0x27
1622               lh_read                7   0   1   2      0x4     0x27
1622               lh_read                7   0   1   3      0x4     0x27
1622               lh_read                7   0   2   0      0x4     0x27
1622               lh_read                7   0   2   1      0x4     0x27
1622               lh_read                7   0   2   2      0x4     0x27
1622               lh_read                7   0   2   3      0x4     0x27
1622               lh_read                7   0   3   0      0x4     0x27
1622               lh_read                7   0   3   1      0x4     0x27
1622               lh_read                7   0   3   2      0x4     0x27
1622               lh_read                7   0   3   3      0x4     0x27
1624               lh_read                7   0   0   0      0x4     0x28
1624               lh_read                7   0   0   1      0x4     0x28
1624               lh_read                7   0   0   2      0x4     0x28
1624               lh_read                7   0   0   3      0x4     0x28
1624               lh_read                7   0   1   0      0x4     0x28
1624               lh_read                7   0   1   1      0x4     0x28
1624               lh_read                7   0   1   2      0x4     0x28
1624               lh_read                7   0   1   3      0x4     0x28
1624               lh_read                7   0   2   0      0x4     0x28
1624               lh_read                7   0   2   1      0x4     0x28
1624               lh_read                7   0   2   2      0x4     0x28
1624               lh_read                7   0   2   3      0x4     0x28
1624               lh_read                7   0   3   0      0x4     0x28
1624               lh_read                7   0   3   1      0x4     0x28
1624               lh_read                7   0   3   2      0x4     0x28
1624               lh_read                7   0   3   3      0x4     0x28
1626               lh_read                7   0   0   0      0x4     0x29
1626               lh_read                7   0   0   1      0x4     0x29
1626               lh_read                7   0   0   2      0x4     0x29
1626               lh_read                7   0   0   3      0x4     0x29
1626               lh_read                7   0   1   0      0x4     0x29
1626               lh_read                7   0   1   1      0x4     0x29
1626               lh_read                7   0   1   2      0x4     0x29
1626               lh_read                7   0   1   3      0x4     0x29
1626               lh_read                7   0   2   0      0x4     0x29
1626               lh_read                7   0   2   1      0x4     0x29
1626               lh_read                7   0   2   2      0x4     0x29
1626               lh_read                7   0   2   3      0x4     0x29
1626               lh_read                7   0   3   0      0x4     0x29
1626               lh_read                7   0   3   1      0x4     0x29
1626               lh_read                7   0   3   2      0x4     0x29
1626               lh_read                7   0   3   3      0x4     0x29
1628               lh_read                7   0   0   0      0x4     0x2a
1628               lh_read                7   0   0   1      0x4     0x2a
1628               lh_read                7   0   0   2      0x4     0x2a
1628               lh_read                7   0   0   3      0x4     0x2a
1628               lh_read                7   0   1   0      0x4     0x2a
1628               lh_read                7   0   1   1      0x4     0x2a
1628               lh_read                7   0   1   2      0x4     0x2a
1628               lh_read                7   0   1   3      0x4     0x2a
1628               lh_read                7   0   2   0      0x4     0x2a
1628               lh_read                7   0   2   1      0x4     0x2a
1628               lh_read                7   0   2   2      0x4     0x2a
1628               lh_read                7   0   2   3      0x4     0x2a
1628               lh_read                7   0   3   0      0x4     0x2a
1628               lh_read                7   0   3   1      0x4     0x2a
1628               lh_read                7   0   3   2      0x4     0x2a
1628               lh_read                7   0   3   3      0x4     0x2a
1630               lh_read                7   0   0   0      0x4     0x2b
1630               lh_read                7   0   0   1      0x4     0x2b
1630               lh_read                7   0   0   2      0x4     0x2b
1630               lh_read                7   0   0   3      0x4     0x2b
1630               lh_read                7   0   1   0      0x4     0x2b
1630               lh_read                7   0   1   1      0x4     0x2b
1630               lh_read                7   0   1   2      0x4     0x2b
1630               lh_read                7   0   1   3      0x4     0x2b
1630               lh_read                7   0   2   0      0x4     0x2b
1630               lh_read                7   0   2   1      0x4     0x2b
1630               lh_read                7   0   2   2      0x4     0x2b
1630               lh_read                7   0   2   3      0x4     0x2b
1630               lh_read                7   0   3   0      0x4     0x2b
1630               lh_read                7   0   3   1      0x4     0x2b
1630               lh_read                7   0   3   2      0x4     0x2b
1630               lh_read                7   0   3   3      0x4     0x2b
1632               lh_read                7   0   0   0      0x4     0x2c
1632               lh_read                7   0   0   1      0x4     0x2c
1632               lh_read                7   0   0   2      0x4     0x2c
1632               lh_read                7   0   0   3      0x4     0x2c
1632               lh_read                7   0   1   0      0x4     0x2c
1632               lh_read                7   0   1   1      0x4     0x2c
1632               lh_read                7   0   1   2      0x4     0x2c
1632               lh_read                7   0   1   3      0x4     0x2c
1632               lh_read                7   0   2   0      0x4     0x2c
1632               lh_read                7   0   2   1      0x4     0x2c
1632               lh_read                7   0   2   2      0x4     0x2c
1632               lh_read                7   0   2   3      0x4     0x2c
1632               lh_read                7   0   3   0      0x4     0x2c
1632               lh_read                7   0   3   1      0x4     0x2c
1632               lh_read                7   0   3   2      0x4     0x2c
1632               lh_read                7   0   3   3      0x4     0x2c
1634               lh_read                7   0   0   0      0x4     0x2d
1634               lh_read                7   0   0   1      0x4     0x2d
1634               lh_read                7   0   0   2      0x4     0x2d
1634               lh_read                7   0   0   3      0x4     0x2d
1634               lh_read                7   0   1   0      0x4     0x2d
1634               lh_read                7   0   1   1      0x4     0x2d
1634               lh_read                7   0   1   2      0x4     0x2d
1634               lh_read                7   0   1   3      0x4     0x2d
1634               lh_read                7   0   2   0      0x4     0x2d
1634               lh_read                7   0   2   1      0x4     0x2d
1634               lh_read                7   0   2   2      0x4     0x2d
1634               lh_read                7   0   2   3      0x4     0x2d
1634               lh_read                7   0   3   0      0x4     0x2d
1634               lh_read                7   0   3   1      0x4     0x2d
1634               lh_read                7   0   3   2      0x4     0x2d
1634               lh_read                7   0   3   3      0x4     0x2d
1636               lh_read                7   0   0   0      0x4     0x2e
1636               lh_read                7   0   0   1      0x4     0x2e
1636               lh_read                7   0   0   2      0x4     0x2e
1636               lh_read                7   0   0   3      0x4     0x2e
1636               lh_read                7   0   1   0      0x4     0x2e
1636               lh_read                7   0   1   1      0x4     0x2e
1636               lh_read                7   0   1   2      0x4     0x2e
1636               lh_read                7   0   1   3      0x4     0x2e
1636               lh_read                7   0   2   0      0x4     0x2e
1636               lh_read                7   0   2   1      0x4     0x2e
1636               lh_read                7   0   2   2      0x4     0x2e
1636               lh_read                7   0   2   3      0x4     0x2e
1636               lh_read                7   0   3   0      0x4     0x2e
1636               lh_read                7   0   3   1      0x4     0x2e
1636               lh_read                7   0   3   2      0x4     0x2e
1636               lh_read                7   0   3   3      0x4     0x2e
1638               lh_read                7   0   0   0      0x4     0x2f
1638               lh_read                7   0   0   1      0x4     0x2f
1638               lh_read                7   0   0   2      0x4     0x2f
1638               lh_read                7   0   0   3      0x4     0x2f
1638               lh_read                7   0   1   0      0x4     0x2f
1638               lh_read                7   0   1   1      0x4     0x2f
1638               lh_read                7   0   1   2      0x4     0x2f
1638               lh_read                7   0   1   3      0x4     0x2f
1638               lh_read                7   0   2   0      0x4     0x2f
1638               lh_read                7   0   2   1      0x4     0x2f
1638               lh_read                7   0   2   2      0x4     0x2f
1638               lh_read                7   0   2   3      0x4     0x2f
1638               lh_read                7   0   3   0      0x4     0x2f
1638               lh_read                7   0   3   1      0x4     0x2f
1638               lh_read                7   0   3   2      0x4     0x2f
1638               lh_read                7   0   3   3      0x4     0x2f
1640               lh_read                7   0   0   0      0x4     0x30
1640               lh_read                7   0   0   1      0x4     0x30
1640               lh_read                7   0   0   2      0x4     0x30
1640               lh_read                7   0   0   3      0x4     0x30
1640               lh_read                7   0   1   0      0x4     0x30
1640               lh_read                7   0   1   1      0x4     0x30
1640               lh_read                7   0   1   2      0x4     0x30
1640               lh_read                7   0   1   3      0x4     0x30
1640               lh_read                7   0   2   0      0x4     0x30
1640               lh_read                7   0   2   1      0x4     0x30
1640               lh_read                7   0   2   2      0x4     0x30
1640               lh_read                7   0   2   3      0x4     0x30
1640               lh_read                7   0   3   0      0x4     0x30
1640               lh_read                7   0   3   1      0x4     0x30
1640               lh_read                7   0   3   2      0x4     0x30
1640               lh_read                7   0   3   3      0x4     0x30
1642               lh_read                7   0   0   0      0x4     0x31
1642               lh_read                7   0   0   1      0x4     0x31
1642               lh_read                7   0   0   2      0x4     0x31
1642               lh_read                7   0   0   3      0x4     0x31
1642               lh_read                7   0   1   0      0x4     0x31
1642               lh_read                7   0   1   1      0x4     0x31
1642               lh_read                7   0   1   2      0x4     0x31
1642               lh_read                7   0   1   3      0x4     0x31
1642               lh_read                7   0   2   0      0x4     0x31
1642               lh_read                7   0   2   1      0x4     0x31
1642               lh_read                7   0   2   2      0x4     0x31
1642               lh_read                7   0   2   3      0x4     0x31
1642               lh_read                7   0   3   0      0x4     0x31
1642               lh_read                7   0   3   1      0x4     0x31
1642               lh_read                7   0   3   2      0x4     0x31
1642               lh_read                7   0   3   3      0x4     0x31
1644               lh_read                7   0   0   0      0x4     0x32
1644               lh_read                7   0   0   1      0x4     0x32
1644               lh_read                7   0   0   2      0x4     0x32
1644               lh_read                7   0   0   3      0x4     0x32
1644               lh_read                7   0   1   0      0x4     0x32
1644               lh_read                7   0   1   1      0x4     0x32
1644               lh_read                7   0   1   2      0x4     0x32
1644               lh_read                7   0   1   3      0x4     0x32
1644               lh_read                7   0   2   0      0x4     0x32
1644               lh_read                7   0   2   1      0x4     0x32
1644               lh_read                7   0   2   2      0x4     0x32
1644               lh_read                7   0   2   3      0x4     0x32
1644               lh_read                7   0   3   0      0x4     0x32
1644               lh_read                7   0   3   1      0x4     0x32
1644               lh_read                7   0   3   2      0x4     0x32
1644               lh_read                7   0   3   3      0x4     0x32
1646               lh_read                7   0   0   0      0x4     0x33
1646               lh_read                7   0   0   1      0x4     0x33
1646               lh_read                7   0   0   2      0x4     0x33
1646               lh_read                7   0   0   3      0x4     0x33
1646               lh_read                7   0   1   0      0x4     0x33
1646               lh_read                7   0   1   1      0x4     0x33
1646               lh_read                7   0   1   2      0x4     0x33
1646               lh_read                7   0   1   3      0x4     0x33
1646               lh_read                7   0   2   0      0x4     0x33
1646               lh_read                7   0   2   1      0x4     0x33
1646               lh_read                7   0   2   2      0x4     0x33
1646               lh_read                7   0   2   3      0x4     0x33
1646               lh_read                7   0   3   0      0x4     0x33
1646               lh_read                7   0   3   1      0x4     0x33
1646               lh_read                7   0   3   2      0x4     0x33
1646               lh_read                7   0   3   3      0x4     0x33
1648               lh_read                7   0   0   0      0x4     0x34
1648               lh_read                7   0   0   1      0x4     0x34
1648               lh_read                7   0   0   2      0x4     0x34
1648               lh_read                7   0   0   3      0x4     0x34
1648               lh_read                7   0   1   0      0x4     0x34
1648               lh_read                7   0   1   1      0x4     0x34
1648               lh_read                7   0   1   2      0x4     0x34
1648               lh_read                7   0   1   3      0x4     0x34
1648               lh_read                7   0   2   0      0x4     0x34
1648               lh_read                7   0   2   1      0x4     0x34
1648               lh_read                7   0   2   2      0x4     0x34
1648               lh_read                7   0   2   3      0x4     0x34
1648               lh_read                7   0   3   0      0x4     0x34
1648               lh_read                7   0   3   1      0x4     0x34
1648               lh_read                7   0   3   2      0x4     0x34
1648               lh_read                7   0   3   3      0x4     0x34
1650               lh_read                7   0   0   0      0x4     0x35
1650               lh_read                7   0   0   1      0x4     0x35
1650               lh_read                7   0   0   2      0x4     0x35
1650               lh_read                7   0   0   3      0x4     0x35
1650               lh_read                7   0   1   0      0x4     0x35
1650               lh_read                7   0   1   1      0x4     0x35
1650               lh_read                7   0   1   2      0x4     0x35
1650               lh_read                7   0   1   3      0x4     0x35
1650               lh_read                7   0   2   0      0x4     0x35
1650               lh_read                7   0   2   1      0x4     0x35
1650               lh_read                7   0   2   2      0x4     0x35
1650               lh_read                7   0   2   3      0x4     0x35
1650               lh_read                7   0   3   0      0x4     0x35
1650               lh_read                7   0   3   1      0x4     0x35
1650               lh_read                7   0   3   2      0x4     0x35
1650               lh_read                7   0   3   3      0x4     0x35
1652               lh_read                7   0   0   0      0x4     0x36
1652               lh_read                7   0   0   1      0x4     0x36
1652               lh_read                7   0   0   2      0x4     0x36
1652               lh_read                7   0   0   3      0x4     0x36
1652               lh_read                7   0   1   0      0x4     0x36
1652               lh_read                7   0   1   1      0x4     0x36
1652               lh_read                7   0   1   2      0x4     0x36
1652               lh_read                7   0   1   3      0x4     0x36
1652               lh_read                7   0   2   0      0x4     0x36
1652               lh_read                7   0   2   1      0x4     0x36
1652               lh_read                7   0   2   2      0x4     0x36
1652               lh_read                7   0   2   3      0x4     0x36
1652               lh_read                7   0   3   0      0x4     0x36
1652               lh_read                7   0   3   1      0x4     0x36
1652               lh_read                7   0   3   2      0x4     0x36
1652               lh_read                7   0   3   3      0x4     0x36
1654               lh_read                7   0   0   0      0x4     0x37
1654               lh_read                7   0   0   1      0x4     0x37
1654               lh_read                7   0   0   2      0x4     0x37
1654               lh_read                7   0   0   3      0x4     0x37
1654               lh_read                7   0   1   0      0x4     0x37
1654               lh_read                7   0   1   1      0x4     0x37
1654               lh_read                7   0   1   2      0x4     0x37
1654               lh_read                7   0   1   3      0x4     0x37
1654               lh_read                7   0   2   0      0x4     0x37
1654               lh_read                7   0   2   1      0x4     0x37
1654               lh_read                7   0   2   2      0x4     0x37
1654               lh_read                7   0   2   3      0x4     0x37
1654               lh_read                7   0   3   0      0x4     0x37
1654               lh_read                7   0   3   1      0x4     0x37
1654               lh_read                7   0   3   2      0x4     0x37
1654               lh_read                7   0   3   3      0x4     0x37
1656               lh_read                7   0   0   0      0x4     0x38
1656               lh_read                7   0   0   1      0x4     0x38
1656               lh_read                7   0   0   2      0x4     0x38
1656               lh_read                7   0   0   3      0x4     0x38
1656               lh_read                7   0   1   0      0x4     0x38
1656               lh_read                7   0   1   1      0x4     0x38
1656               lh_read                7   0   1   2      0x4     0x38
1656               lh_read                7   0   1   3      0x4     0x38
1656               lh_read                7   0   2   0      0x4     0x38
1656               lh_read                7   0   2   1      0x4     0x38
1656               lh_read                7   0   2   2      0x4     0x38
1656               lh_read                7   0   2   3      0x4     0x38
1656               lh_read                7   0   3   0      0x4     0x38
1656               lh_read                7   0   3   1      0x4     0x38
1656               lh_read                7   0   3   2      0x4     0x38
1656               lh_read                7   0   3   3      0x4     0x38
1658               lh_read                7   0   0   0      0x4     0x39
1658               lh_read                7   0   0   1      0x4     0x39
1658               lh_read                7   0   0   2      0x4     0x39
1658               lh_read                7   0   0   3      0x4     0x39
1658               lh_read                7   0   1   0      0x4     0x39
1658               lh_read                7   0   1   1      0x4     0x39
1658               lh_read                7   0   1   2      0x4     0x39
1658               lh_read                7   0   1   3      0x4     0x39
1658               lh_read                7   0   2   0      0x4     0x39
1658               lh_read                7   0   2   1      0x4     0x39
1658               lh_read                7   0   2   2      0x4     0x39
1658               lh_read                7   0   2   3      0x4     0x39
1658               lh_read                7   0   3   0      0x4     0x39
1658               lh_read                7   0   3   1      0x4     0x39
1658               lh_read                7   0   3   2      0x4     0x39
1658               lh_read                7   0   3   3      0x4     0x39
1660               lh_read                7   0   0   0      0x4     0x3a
1660               lh_read                7   0   0   1      0x4     0x3a
1660               lh_read                7   0   0   2      0x4     0x3a
1660               lh_read                7   0   0   3      0x4     0x3a
1660               lh_read                7   0   1   0      0x4     0x3a
1660               lh_read                7   0   1   1      0x4     0x3a
1660               lh_read                7   0   1   2      0x4     0x3a
1660               lh_read                7   0   1   3      0x4     0x3a
1660               lh_read                7   0   2   0      0x4     0x3a
1660               lh_read                7   0   2   1      0x4     0x3a
1660               lh_read                7   0   2   2      0x4     0x3a
1660               lh_read                7   0   2   3      0x4     0x3a
1660               lh_read                7   0   3   0      0x4     0x3a
1660               lh_read                7   0   3   1      0x4     0x3a
1660               lh_read                7   0   3   2      0x4     0x3a
1660               lh_read                7   0   3   3      0x4     0x3a
1662               lh_read                7   0   0   0      0x4     0x3b
1662               lh_read                7   0   0   1      0x4     0x3b
1662               lh_read                7   0   0   2      0x4     0x3b
1662               lh_read                7   0   0   3      0x4     0x3b
1662               lh_read                7   0   1   0      0x4     0x3b
1662               lh_read                7   0   1   1      0x4     0x3b
1662               lh_read                7   0   1   2      0x4     0x3b
1662               lh_read                7   0   1   3      0x4     0x3b
1662               lh_read                7   0   2   0      0x4     0x3b
1662               lh_read                7   0   2   1      0x4     0x3b
1662               lh_read                7   0   2   2      0x4     0x3b
1662               lh_read                7   0   2   3      0x4     0x3b
1662               lh_read                7   0   3   0      0x4     0x3b
1662               lh_read                7   0   3   1      0x4     0x3b
1662               lh_read                7   0   3   2      0x4     0x3b
1662               lh_read                7   0   3   3      0x4     0x3b
1664               lh_read                7   0   0   0      0x4     0x3c
1664               lh_read                7   0   0   1      0x4     0x3c
1664               lh_read                7   0   0   2      0x4     0x3c
1664               lh_read                7   0   0   3      0x4     0x3c
1664               lh_read                7   0   1   0      0x4     0x3c
1664               lh_read                7   0   1   1      0x4     0x3c
1664               lh_read                7   0   1   2      0x4     0x3c
1664               lh_read                7   0   1   3      0x4     0x3c
1664               lh_read                7   0   2   0      0x4     0x3c
1664               lh_read                7   0   2   1      0x4     0x3c
1664               lh_read                7   0   2   2      0x4     0x3c
1664               lh_read                7   0   2   3      0x4     0x3c
1664               lh_read                7   0   3   0      0x4     0x3c
1664               lh_read                7   0   3   1      0x4     0x3c
1664               lh_read                7   0   3   2      0x4     0x3c
1664               lh_read                7   0   3   3      0x4     0x3c
1666               lh_read                7   0   0   0      0x4     0x3d
1666               lh_read                7   0   0   1      0x4     0x3d
1666               lh_read                7   0   0   2      0x4     0x3d
1666               lh_read                7   0   0   3      0x4     0x3d
1666               lh_read                7   0   1   0      0x4     0x3d
1666               lh_read                7   0   1   1      0x4     0x3d
1666               lh_read                7   0   1   2      0x4     0x3d
1666               lh_read                7   0   1   3      0x4     0x3d
1666               lh_read                7   0   2   0      0x4     0x3d
1666               lh_read                7   0   2   1      0x4     0x3d
1666               lh_read                7   0   2   2      0x4     0x3d
1666               lh_read                7   0   2   3      0x4     0x3d
1666               lh_read                7   0   3   0      0x4     0x3d
1666               lh_read                7   0   3   1      0x4     0x3d
1666               lh_read                7   0   3   2      0x4     0x3d
1666               lh_read                7   0   3   3      0x4     0x3d
1668               lh_read                7   0   0   0      0x4     0x3e
1668               lh_read                7   0   0   1      0x4     0x3e
1668               lh_read                7   0   0   2      0x4     0x3e
1668               lh_read                7   0   0   3      0x4     0x3e
1668               lh_read                7   0   1   0      0x4     0x3e
1668               lh_read                7   0   1   1      0x4     0x3e
1668               lh_read                7   0   1   2      0x4     0x3e
1668               lh_read                7   0   1   3      0x4     0x3e
1668               lh_read                7   0   2   0      0x4     0x3e
1668               lh_read                7   0   2   1      0x4     0x3e
1668               lh_read                7   0   2   2      0x4     0x3e
1668               lh_read                7   0   2   3      0x4     0x3e
1668               lh_read                7   0   3   0      0x4     0x3e
1668               lh_read                7   0   3   1      0x4     0x3e
1668               lh_read                7   0   3   2      0x4     0x3e
1668               lh_read                7   0   3   3      0x4     0x3e
1670               lh_read_p              7   0   0   0      0x4     0x3f
1670               lh_read_p              7   0   0   1      0x4     0x3f
1670               lh_read_p              7   0   0   2      0x4     0x3f
1670               lh_read_p              7   0   0   3      0x4     0x3f
1670               lh_read_p              7   0   1   0      0x4     0x3f
1670               lh_read_p              7   0   1   1      0x4     0x3f
1670               lh_read_p              7   0   1   2      0x4     0x3f
1670               lh_read_p              7   0   1   3      0x4     0x3f
1670               lh_read_p              7   0   2   0      0x4     0x3f
1670               lh_read_p              7   0   2   1      0x4     0x3f
1670               lh_read_p              7   0   2   2      0x4     0x3f
1670               lh_read_p              7   0   2   3      0x4     0x3f
1670               lh_read_p              7   0   3   0      0x4     0x3f
1670               lh_read_p              7   0   3   1      0x4     0x3f
1670               lh_read_p              7   0   3   2      0x4     0x3f
1670               lh_read_p              7   0   3   3      0x4     0x3f
1689               pim_activate           7   0   0   0   0x199f      0x0
1703               gh_read                7   0   0   0   0x199f      0x0
1705               gh_read                7   0   0   0   0x199f      0x1
1707               gh_read                7   0   0   0   0x199f      0x2
1709               gh_read                7   0   0   0   0x199f      0x3
1711               gh_read                7   0   0   0   0x199f      0x4
1713               gh_read                7   0   0   0   0x199f      0x5
1715               gh_read                7   0   0   0   0x199f      0x6
1717               gh_read                7   0   0   0   0x199f      0x7
1719               gh_read                7   0   0   0   0x199f      0x8
1721               gh_read                7   0   0   0   0x199f      0x9
1723               gh_read                7   0   0   0   0x199f      0xa
1725               gh_read                7   0   0   0   0x199f      0xb
1727               gh_read                7   0   0   0   0x199f      0xc
1729               gh_read                7   0   0   0   0x199f      0xd
1731               gh_read                7   0   0   0   0x199f      0xe
1733               gh_read                7   0   0   0   0x199f      0xf
1735               gh_read                7   0   0   0   0x199f     0x10
1737               gh_read                7   0   0   0   0x199f     0x11
1739               gh_read                7   0   0   0   0x199f     0x12
1741               gh_read                7   0   0   0   0x199f     0x13
1743               gh_read                7   0   0   0   0x199f     0x14
1745               gh_read                7   0   0   0   0x199f     0x15
1747               gh_read                7   0   0   0   0x199f     0x16
1749               gh_read                7   0   0   0   0x199f     0x17
1751               gh_read                7   0   0   0   0x199f     0x18
1753               gh_read                7   0   0   0   0x199f     0x19
1755               gh_read                7   0   0   0   0x199f     0x1a
1757               gh_read                7   0   0   0   0x199f     0x1b
1759               gh_read                7   0   0   0   0x199f     0x1c
1761               gh_read                7   0   0   0   0x199f     0x1d
1763               gh_read                7   0   0   0   0x199f     0x1e
1765               gh_read                7   0   0   0   0x199f     0x1f
1767               gh_read                7   0   0   0   0x199f     0x20
1769               gh_read                7   0   0   0   0x199f     0x21
1771               gh_read                7   0   0   0   0x199f     0x22
1773               gh_read                7   0   0   0   0x199f     0x23
1775               gh_read                7   0   0   0   0x199f     0x24
1777               gh_read                7   0   0   0   0x199f     0x25
1779               gh_read                7   0   0   0   0x199f     0x26
1781               gh_read                7   0   0   0   0x199f     0x27
1783               gh_read                7   0   0   0   0x199f     0x28
1785               gh_read                7   0   0   0   0x199f     0x29
1787               gh_read                7   0   0   0   0x199f     0x2a
1789               gh_read                7   0   0   0   0x199f     0x2b
1791               gh_read                7   0   0   0   0x199f     0x2c
1793               gh_read                7   0   0   0   0x199f     0x2d
1795               gh_read                7   0   0   0   0x199f     0x2e
1797               gh_read                7   0   0   0   0x199f     0x2f
1799               gh_read                7   0   0   0   0x199f     0x30
1801               gh_read                7   0   0   0   0x199f     0x31
1803               gh_read                7   0   0   0   0x199f     0x32
1805               gh_read                7   0   0   0   0x199f     0x33
1807               gh_read                7   0   0   0   0x199f     0x34
1809               gh_read                7   0   0   0   0x199f     0x35
1811               gh_read                7   0   0   0   0x199f     0x36
1813               gh_read                7   0   0   0   0x199f     0x37
1815               gh_read                7   0   0   0   0x199f     0x38
1817               gh_read                7   0   0   0   0x199f     0x39
1819               gh_read                7   0   0   0   0x199f     0x3a
1821               gh_read                7   0   0   0   0x199f     0x3b
1823               gh_read                7   0   0   0   0x199f     0x3c
1825               gh_read                7   0   0   0   0x199f     0x3d
1827               gh_read                7   0   0   0   0x199f     0x3e
1829               gh_read_p              7   0   0   0   0x199f     0x3f
1848               pim_activate           7   0   0   0      0x5      0x0
1848               pim_activate           7   0   0   1      0x5      0x0
1848               pim_activate           7   0   0   2      0x5      0x0
1848               pim_activate           7   0   0   3      0x5      0x0
1878               pim_activate           7   0   1   0      0x5      0x0
1878               pim_activate           7   0   1   1      0x5      0x0
1878               pim_activate           7   0   1   2      0x5      0x0
1878               pim_activate           7   0   1   3      0x5      0x0
1908               pim_activate           7   0   2   0      0x5      0x0
1908               pim_activate           7   0   2   1      0x5      0x0
1908               pim_activate           7   0   2   2      0x5      0x0
1908               pim_activate           7   0   2   3      0x5      0x0
1938               pim_activate           7   0   3   0      0x5      0x0
1938               pim_activate           7   0   3   1      0x5      0x0
1938               pim_activate           7   0   3   2      0x5      0x0
1938               pim_activate           7   0   3   3      0x5      0x0
1952               lh_read                7   0   0   0      0x5      0x0
1952               lh_read                7   0   0   1      0x5      0x0
1952               lh_read                7   0   0   2      0x5      0x0
1952               lh_read                7   0   0   3      0x5      0x0
1952               lh_read                7   0   1   0      0x5      0x0
1952               lh_read                7   0   1   1      0x5      0x0
1952               lh_read                7   0   1   2      0x5      0x0
1952               lh_read                7   0   1   3      0x5      0x0
1952               lh_read                7   0   2   0      0x5      0x0
1952               lh_read                7   0   2   1      0x5      0x0
1952               lh_read                7   0   2   2      0x5      0x0
1952               lh_read                7   0   2   3      0x5      0x0
1952               lh_read                7   0   3   0      0x5      0x0
1952               lh_read                7   0   3   1      0x5      0x0
1952               lh_read                7   0   3   2      0x5      0x0
1952               lh_read                7   0   3   3      0x5      0x0
1954               lh_read                7   0   0   0      0x5      0x1
1954               lh_read                7   0   0   1      0x5      0x1
1954               lh_read                7   0   0   2      0x5      0x1
1954               lh_read                7   0   0   3      0x5      0x1
1954               lh_read                7   0   1   0      0x5      0x1
1954               lh_read                7   0   1   1      0x5      0x1
1954               lh_read                7   0   1   2      0x5      0x1
1954               lh_read                7   0   1   3      0x5      0x1
1954               lh_read                7   0   2   0      0x5      0x1
1954               lh_read                7   0   2   1      0x5      0x1
1954               lh_read                7   0   2   2      0x5      0x1
1954               lh_read                7   0   2   3      0x5      0x1
1954               lh_read                7   0   3   0      0x5      0x1
1954               lh_read                7   0   3   1      0x5      0x1
1954               lh_read                7   0   3   2      0x5      0x1
1954               lh_read                7   0   3   3      0x5      0x1
1956               lh_read                7   0   0   0      0x5      0x2
1956               lh_read                7   0   0   1      0x5      0x2
1956               lh_read                7   0   0   2      0x5      0x2
1956               lh_read                7   0   0   3      0x5      0x2
1956               lh_read                7   0   1   0      0x5      0x2
1956               lh_read                7   0   1   1      0x5      0x2
1956               lh_read                7   0   1   2      0x5      0x2
1956               lh_read                7   0   1   3      0x5      0x2
1956               lh_read                7   0   2   0      0x5      0x2
1956               lh_read                7   0   2   1      0x5      0x2
1956               lh_read                7   0   2   2      0x5      0x2
1956               lh_read                7   0   2   3      0x5      0x2
1956               lh_read                7   0   3   0      0x5      0x2
1956               lh_read                7   0   3   1      0x5      0x2
1956               lh_read                7   0   3   2      0x5      0x2
1956               lh_read                7   0   3   3      0x5      0x2
1958               lh_read                7   0   0   0      0x5      0x3
1958               lh_read                7   0   0   1      0x5      0x3
1958               lh_read                7   0   0   2      0x5      0x3
1958               lh_read                7   0   0   3      0x5      0x3
1958               lh_read                7   0   1   0      0x5      0x3
1958               lh_read                7   0   1   1      0x5      0x3
1958               lh_read                7   0   1   2      0x5      0x3
1958               lh_read                7   0   1   3      0x5      0x3
1958               lh_read                7   0   2   0      0x5      0x3
1958               lh_read                7   0   2   1      0x5      0x3
1958               lh_read                7   0   2   2      0x5      0x3
1958               lh_read                7   0   2   3      0x5      0x3
1958               lh_read                7   0   3   0      0x5      0x3
1958               lh_read                7   0   3   1      0x5      0x3
1958               lh_read                7   0   3   2      0x5      0x3
1958               lh_read                7   0   3   3      0x5      0x3
1960               lh_read                7   0   0   0      0x5      0x4
1960               lh_read                7   0   0   1      0x5      0x4
1960               lh_read                7   0   0   2      0x5      0x4
1960               lh_read                7   0   0   3      0x5      0x4
1960               lh_read                7   0   1   0      0x5      0x4
1960               lh_read                7   0   1   1      0x5      0x4
1960               lh_read                7   0   1   2      0x5      0x4
1960               lh_read                7   0   1   3      0x5      0x4
1960               lh_read                7   0   2   0      0x5      0x4
1960               lh_read                7   0   2   1      0x5      0x4
1960               lh_read                7   0   2   2      0x5      0x4
1960               lh_read                7   0   2   3      0x5      0x4
1960               lh_read                7   0   3   0      0x5      0x4
1960               lh_read                7   0   3   1      0x5      0x4
1960               lh_read                7   0   3   2      0x5      0x4
1960               lh_read                7   0   3   3      0x5      0x4
1962               lh_read                7   0   0   0      0x5      0x5
1962               lh_read                7   0   0   1      0x5      0x5
1962               lh_read                7   0   0   2      0x5      0x5
1962               lh_read                7   0   0   3      0x5      0x5
1962               lh_read                7   0   1   0      0x5      0x5
1962               lh_read                7   0   1   1      0x5      0x5
1962               lh_read                7   0   1   2      0x5      0x5
1962               lh_read                7   0   1   3      0x5      0x5
1962               lh_read                7   0   2   0      0x5      0x5
1962               lh_read                7   0   2   1      0x5      0x5
1962               lh_read                7   0   2   2      0x5      0x5
1962               lh_read                7   0   2   3      0x5      0x5
1962               lh_read                7   0   3   0      0x5      0x5
1962               lh_read                7   0   3   1      0x5      0x5
1962               lh_read                7   0   3   2      0x5      0x5
1962               lh_read                7   0   3   3      0x5      0x5
1964               lh_read                7   0   0   0      0x5      0x6
1964               lh_read                7   0   0   1      0x5      0x6
1964               lh_read                7   0   0   2      0x5      0x6
1964               lh_read                7   0   0   3      0x5      0x6
1964               lh_read                7   0   1   0      0x5      0x6
1964               lh_read                7   0   1   1      0x5      0x6
1964               lh_read                7   0   1   2      0x5      0x6
1964               lh_read                7   0   1   3      0x5      0x6
1964               lh_read                7   0   2   0      0x5      0x6
1964               lh_read                7   0   2   1      0x5      0x6
1964               lh_read                7   0   2   2      0x5      0x6
1964               lh_read                7   0   2   3      0x5      0x6
1964               lh_read                7   0   3   0      0x5      0x6
1964               lh_read                7   0   3   1      0x5      0x6
1964               lh_read                7   0   3   2      0x5      0x6
1964               lh_read                7   0   3   3      0x5      0x6
1966               lh_read                7   0   0   0      0x5      0x7
1966               lh_read                7   0   0   1      0x5      0x7
1966               lh_read                7   0   0   2      0x5      0x7
1966               lh_read                7   0   0   3      0x5      0x7
1966               lh_read                7   0   1   0      0x5      0x7
1966               lh_read                7   0   1   1      0x5      0x7
1966               lh_read                7   0   1   2      0x5      0x7
1966               lh_read                7   0   1   3      0x5      0x7
1966               lh_read                7   0   2   0      0x5      0x7
1966               lh_read                7   0   2   1      0x5      0x7
1966               lh_read                7   0   2   2      0x5      0x7
1966               lh_read                7   0   2   3      0x5      0x7
1966               lh_read                7   0   3   0      0x5      0x7
1966               lh_read                7   0   3   1      0x5      0x7
1966               lh_read                7   0   3   2      0x5      0x7
1966               lh_read                7   0   3   3      0x5      0x7
1968               lh_read                7   0   0   0      0x5      0x8
1968               lh_read                7   0   0   1      0x5      0x8
1968               lh_read                7   0   0   2      0x5      0x8
1968               lh_read                7   0   0   3      0x5      0x8
1968               lh_read                7   0   1   0      0x5      0x8
1968               lh_read                7   0   1   1      0x5      0x8
1968               lh_read                7   0   1   2      0x5      0x8
1968               lh_read                7   0   1   3      0x5      0x8
1968               lh_read                7   0   2   0      0x5      0x8
1968               lh_read                7   0   2   1      0x5      0x8
1968               lh_read                7   0   2   2      0x5      0x8
1968               lh_read                7   0   2   3      0x5      0x8
1968               lh_read                7   0   3   0      0x5      0x8
1968               lh_read                7   0   3   1      0x5      0x8
1968               lh_read                7   0   3   2      0x5      0x8
1968               lh_read                7   0   3   3      0x5      0x8
1970               lh_read                7   0   0   0      0x5      0x9
1970               lh_read                7   0   0   1      0x5      0x9
1970               lh_read                7   0   0   2      0x5      0x9
1970               lh_read                7   0   0   3      0x5      0x9
1970               lh_read                7   0   1   0      0x5      0x9
1970               lh_read                7   0   1   1      0x5      0x9
1970               lh_read                7   0   1   2      0x5      0x9
1970               lh_read                7   0   1   3      0x5      0x9
1970               lh_read                7   0   2   0      0x5      0x9
1970               lh_read                7   0   2   1      0x5      0x9
1970               lh_read                7   0   2   2      0x5      0x9
1970               lh_read                7   0   2   3      0x5      0x9
1970               lh_read                7   0   3   0      0x5      0x9
1970               lh_read                7   0   3   1      0x5      0x9
1970               lh_read                7   0   3   2      0x5      0x9
1970               lh_read                7   0   3   3      0x5      0x9
1972               lh_read                7   0   0   0      0x5      0xa
1972               lh_read                7   0   0   1      0x5      0xa
1972               lh_read                7   0   0   2      0x5      0xa
1972               lh_read                7   0   0   3      0x5      0xa
1972               lh_read                7   0   1   0      0x5      0xa
1972               lh_read                7   0   1   1      0x5      0xa
1972               lh_read                7   0   1   2      0x5      0xa
1972               lh_read                7   0   1   3      0x5      0xa
1972               lh_read                7   0   2   0      0x5      0xa
1972               lh_read                7   0   2   1      0x5      0xa
1972               lh_read                7   0   2   2      0x5      0xa
1972               lh_read                7   0   2   3      0x5      0xa
1972               lh_read                7   0   3   0      0x5      0xa
1972               lh_read                7   0   3   1      0x5      0xa
1972               lh_read                7   0   3   2      0x5      0xa
1972               lh_read                7   0   3   3      0x5      0xa
1974               lh_read                7   0   0   0      0x5      0xb
1974               lh_read                7   0   0   1      0x5      0xb
1974               lh_read                7   0   0   2      0x5      0xb
1974               lh_read                7   0   0   3      0x5      0xb
1974               lh_read                7   0   1   0      0x5      0xb
1974               lh_read                7   0   1   1      0x5      0xb
1974               lh_read                7   0   1   2      0x5      0xb
1974               lh_read                7   0   1   3      0x5      0xb
1974               lh_read                7   0   2   0      0x5      0xb
1974               lh_read                7   0   2   1      0x5      0xb
1974               lh_read                7   0   2   2      0x5      0xb
1974               lh_read                7   0   2   3      0x5      0xb
1974               lh_read                7   0   3   0      0x5      0xb
1974               lh_read                7   0   3   1      0x5      0xb
1974               lh_read                7   0   3   2      0x5      0xb
1974               lh_read                7   0   3   3      0x5      0xb
1976               lh_read                7   0   0   0      0x5      0xc
1976               lh_read                7   0   0   1      0x5      0xc
1976               lh_read                7   0   0   2      0x5      0xc
1976               lh_read                7   0   0   3      0x5      0xc
1976               lh_read                7   0   1   0      0x5      0xc
1976               lh_read                7   0   1   1      0x5      0xc
1976               lh_read                7   0   1   2      0x5      0xc
1976               lh_read                7   0   1   3      0x5      0xc
1976               lh_read                7   0   2   0      0x5      0xc
1976               lh_read                7   0   2   1      0x5      0xc
1976               lh_read                7   0   2   2      0x5      0xc
1976               lh_read                7   0   2   3      0x5      0xc
1976               lh_read                7   0   3   0      0x5      0xc
1976               lh_read                7   0   3   1      0x5      0xc
1976               lh_read                7   0   3   2      0x5      0xc
1976               lh_read                7   0   3   3      0x5      0xc
1978               lh_read                7   0   0   0      0x5      0xd
1978               lh_read                7   0   0   1      0x5      0xd
1978               lh_read                7   0   0   2      0x5      0xd
1978               lh_read                7   0   0   3      0x5      0xd
1978               lh_read                7   0   1   0      0x5      0xd
1978               lh_read                7   0   1   1      0x5      0xd
1978               lh_read                7   0   1   2      0x5      0xd
1978               lh_read                7   0   1   3      0x5      0xd
1978               lh_read                7   0   2   0      0x5      0xd
1978               lh_read                7   0   2   1      0x5      0xd
1978               lh_read                7   0   2   2      0x5      0xd
1978               lh_read                7   0   2   3      0x5      0xd
1978               lh_read                7   0   3   0      0x5      0xd
1978               lh_read                7   0   3   1      0x5      0xd
1978               lh_read                7   0   3   2      0x5      0xd
1978               lh_read                7   0   3   3      0x5      0xd
1980               lh_read                7   0   0   0      0x5      0xe
1980               lh_read                7   0   0   1      0x5      0xe
1980               lh_read                7   0   0   2      0x5      0xe
1980               lh_read                7   0   0   3      0x5      0xe
1980               lh_read                7   0   1   0      0x5      0xe
1980               lh_read                7   0   1   1      0x5      0xe
1980               lh_read                7   0   1   2      0x5      0xe
1980               lh_read                7   0   1   3      0x5      0xe
1980               lh_read                7   0   2   0      0x5      0xe
1980               lh_read                7   0   2   1      0x5      0xe
1980               lh_read                7   0   2   2      0x5      0xe
1980               lh_read                7   0   2   3      0x5      0xe
1980               lh_read                7   0   3   0      0x5      0xe
1980               lh_read                7   0   3   1      0x5      0xe
1980               lh_read                7   0   3   2      0x5      0xe
1980               lh_read                7   0   3   3      0x5      0xe
1982               lh_read                7   0   0   0      0x5      0xf
1982               lh_read                7   0   0   1      0x5      0xf
1982               lh_read                7   0   0   2      0x5      0xf
1982               lh_read                7   0   0   3      0x5      0xf
1982               lh_read                7   0   1   0      0x5      0xf
1982               lh_read                7   0   1   1      0x5      0xf
1982               lh_read                7   0   1   2      0x5      0xf
1982               lh_read                7   0   1   3      0x5      0xf
1982               lh_read                7   0   2   0      0x5      0xf
1982               lh_read                7   0   2   1      0x5      0xf
1982               lh_read                7   0   2   2      0x5      0xf
1982               lh_read                7   0   2   3      0x5      0xf
1982               lh_read                7   0   3   0      0x5      0xf
1982               lh_read                7   0   3   1      0x5      0xf
1982               lh_read                7   0   3   2      0x5      0xf
1982               lh_read                7   0   3   3      0x5      0xf
1984               lh_read                7   0   0   0      0x5     0x10
1984               lh_read                7   0   0   1      0x5     0x10
1984               lh_read                7   0   0   2      0x5     0x10
1984               lh_read                7   0   0   3      0x5     0x10
1984               lh_read                7   0   1   0      0x5     0x10
1984               lh_read                7   0   1   1      0x5     0x10
1984               lh_read                7   0   1   2      0x5     0x10
1984               lh_read                7   0   1   3      0x5     0x10
1984               lh_read                7   0   2   0      0x5     0x10
1984               lh_read                7   0   2   1      0x5     0x10
1984               lh_read                7   0   2   2      0x5     0x10
1984               lh_read                7   0   2   3      0x5     0x10
1984               lh_read                7   0   3   0      0x5     0x10
1984               lh_read                7   0   3   1      0x5     0x10
1984               lh_read                7   0   3   2      0x5     0x10
1984               lh_read                7   0   3   3      0x5     0x10
1986               lh_read                7   0   0   0      0x5     0x11
1986               lh_read                7   0   0   1      0x5     0x11
1986               lh_read                7   0   0   2      0x5     0x11
1986               lh_read                7   0   0   3      0x5     0x11
1986               lh_read                7   0   1   0      0x5     0x11
1986               lh_read                7   0   1   1      0x5     0x11
1986               lh_read                7   0   1   2      0x5     0x11
1986               lh_read                7   0   1   3      0x5     0x11
1986               lh_read                7   0   2   0      0x5     0x11
1986               lh_read                7   0   2   1      0x5     0x11
1986               lh_read                7   0   2   2      0x5     0x11
1986               lh_read                7   0   2   3      0x5     0x11
1986               lh_read                7   0   3   0      0x5     0x11
1986               lh_read                7   0   3   1      0x5     0x11
1986               lh_read                7   0   3   2      0x5     0x11
1986               lh_read                7   0   3   3      0x5     0x11
1988               lh_read                7   0   0   0      0x5     0x12
1988               lh_read                7   0   0   1      0x5     0x12
1988               lh_read                7   0   0   2      0x5     0x12
1988               lh_read                7   0   0   3      0x5     0x12
1988               lh_read                7   0   1   0      0x5     0x12
1988               lh_read                7   0   1   1      0x5     0x12
1988               lh_read                7   0   1   2      0x5     0x12
1988               lh_read                7   0   1   3      0x5     0x12
1988               lh_read                7   0   2   0      0x5     0x12
1988               lh_read                7   0   2   1      0x5     0x12
1988               lh_read                7   0   2   2      0x5     0x12
1988               lh_read                7   0   2   3      0x5     0x12
1988               lh_read                7   0   3   0      0x5     0x12
1988               lh_read                7   0   3   1      0x5     0x12
1988               lh_read                7   0   3   2      0x5     0x12
1988               lh_read                7   0   3   3      0x5     0x12
1990               lh_read                7   0   0   0      0x5     0x13
1990               lh_read                7   0   0   1      0x5     0x13
1990               lh_read                7   0   0   2      0x5     0x13
1990               lh_read                7   0   0   3      0x5     0x13
1990               lh_read                7   0   1   0      0x5     0x13
1990               lh_read                7   0   1   1      0x5     0x13
1990               lh_read                7   0   1   2      0x5     0x13
1990               lh_read                7   0   1   3      0x5     0x13
1990               lh_read                7   0   2   0      0x5     0x13
1990               lh_read                7   0   2   1      0x5     0x13
1990               lh_read                7   0   2   2      0x5     0x13
1990               lh_read                7   0   2   3      0x5     0x13
1990               lh_read                7   0   3   0      0x5     0x13
1990               lh_read                7   0   3   1      0x5     0x13
1990               lh_read                7   0   3   2      0x5     0x13
1990               lh_read                7   0   3   3      0x5     0x13
1992               lh_read                7   0   0   0      0x5     0x14
1992               lh_read                7   0   0   1      0x5     0x14
1992               lh_read                7   0   0   2      0x5     0x14
1992               lh_read                7   0   0   3      0x5     0x14
1992               lh_read                7   0   1   0      0x5     0x14
1992               lh_read                7   0   1   1      0x5     0x14
1992               lh_read                7   0   1   2      0x5     0x14
1992               lh_read                7   0   1   3      0x5     0x14
1992               lh_read                7   0   2   0      0x5     0x14
1992               lh_read                7   0   2   1      0x5     0x14
1992               lh_read                7   0   2   2      0x5     0x14
1992               lh_read                7   0   2   3      0x5     0x14
1992               lh_read                7   0   3   0      0x5     0x14
1992               lh_read                7   0   3   1      0x5     0x14
1992               lh_read                7   0   3   2      0x5     0x14
1992               lh_read                7   0   3   3      0x5     0x14
1994               lh_read                7   0   0   0      0x5     0x15
1994               lh_read                7   0   0   1      0x5     0x15
1994               lh_read                7   0   0   2      0x5     0x15
1994               lh_read                7   0   0   3      0x5     0x15
1994               lh_read                7   0   1   0      0x5     0x15
1994               lh_read                7   0   1   1      0x5     0x15
1994               lh_read                7   0   1   2      0x5     0x15
1994               lh_read                7   0   1   3      0x5     0x15
1994               lh_read                7   0   2   0      0x5     0x15
1994               lh_read                7   0   2   1      0x5     0x15
1994               lh_read                7   0   2   2      0x5     0x15
1994               lh_read                7   0   2   3      0x5     0x15
1994               lh_read                7   0   3   0      0x5     0x15
1994               lh_read                7   0   3   1      0x5     0x15
1994               lh_read                7   0   3   2      0x5     0x15
1994               lh_read                7   0   3   3      0x5     0x15
1996               lh_read                7   0   0   0      0x5     0x16
1996               lh_read                7   0   0   1      0x5     0x16
1996               lh_read                7   0   0   2      0x5     0x16
1996               lh_read                7   0   0   3      0x5     0x16
1996               lh_read                7   0   1   0      0x5     0x16
1996               lh_read                7   0   1   1      0x5     0x16
1996               lh_read                7   0   1   2      0x5     0x16
1996               lh_read                7   0   1   3      0x5     0x16
1996               lh_read                7   0   2   0      0x5     0x16
1996               lh_read                7   0   2   1      0x5     0x16
1996               lh_read                7   0   2   2      0x5     0x16
1996               lh_read                7   0   2   3      0x5     0x16
1996               lh_read                7   0   3   0      0x5     0x16
1996               lh_read                7   0   3   1      0x5     0x16
1996               lh_read                7   0   3   2      0x5     0x16
1996               lh_read                7   0   3   3      0x5     0x16
1998               lh_read                7   0   0   0      0x5     0x17
1998               lh_read                7   0   0   1      0x5     0x17
1998               lh_read                7   0   0   2      0x5     0x17
1998               lh_read                7   0   0   3      0x5     0x17
1998               lh_read                7   0   1   0      0x5     0x17
1998               lh_read                7   0   1   1      0x5     0x17
1998               lh_read                7   0   1   2      0x5     0x17
1998               lh_read                7   0   1   3      0x5     0x17
1998               lh_read                7   0   2   0      0x5     0x17
1998               lh_read                7   0   2   1      0x5     0x17
1998               lh_read                7   0   2   2      0x5     0x17
1998               lh_read                7   0   2   3      0x5     0x17
1998               lh_read                7   0   3   0      0x5     0x17
1998               lh_read                7   0   3   1      0x5     0x17
1998               lh_read                7   0   3   2      0x5     0x17
1998               lh_read                7   0   3   3      0x5     0x17
2000               lh_read                7   0   0   0      0x5     0x18
2000               lh_read                7   0   0   1      0x5     0x18
2000               lh_read                7   0   0   2      0x5     0x18
2000               lh_read                7   0   0   3      0x5     0x18
2000               lh_read                7   0   1   0      0x5     0x18
2000               lh_read                7   0   1   1      0x5     0x18
2000               lh_read                7   0   1   2      0x5     0x18
2000               lh_read                7   0   1   3      0x5     0x18
2000               lh_read                7   0   2   0      0x5     0x18
2000               lh_read                7   0   2   1      0x5     0x18
2000               lh_read                7   0   2   2      0x5     0x18
2000               lh_read                7   0   2   3      0x5     0x18
2000               lh_read                7   0   3   0      0x5     0x18
2000               lh_read                7   0   3   1      0x5     0x18
2000               lh_read                7   0   3   2      0x5     0x18
2000               lh_read                7   0   3   3      0x5     0x18
2002               lh_read                7   0   0   0      0x5     0x19
2002               lh_read                7   0   0   1      0x5     0x19
2002               lh_read                7   0   0   2      0x5     0x19
2002               lh_read                7   0   0   3      0x5     0x19
2002               lh_read                7   0   1   0      0x5     0x19
2002               lh_read                7   0   1   1      0x5     0x19
2002               lh_read                7   0   1   2      0x5     0x19
2002               lh_read                7   0   1   3      0x5     0x19
2002               lh_read                7   0   2   0      0x5     0x19
2002               lh_read                7   0   2   1      0x5     0x19
2002               lh_read                7   0   2   2      0x5     0x19
2002               lh_read                7   0   2   3      0x5     0x19
2002               lh_read                7   0   3   0      0x5     0x19
2002               lh_read                7   0   3   1      0x5     0x19
2002               lh_read                7   0   3   2      0x5     0x19
2002               lh_read                7   0   3   3      0x5     0x19
2004               lh_read                7   0   0   0      0x5     0x1a
2004               lh_read                7   0   0   1      0x5     0x1a
2004               lh_read                7   0   0   2      0x5     0x1a
2004               lh_read                7   0   0   3      0x5     0x1a
2004               lh_read                7   0   1   0      0x5     0x1a
2004               lh_read                7   0   1   1      0x5     0x1a
2004               lh_read                7   0   1   2      0x5     0x1a
2004               lh_read                7   0   1   3      0x5     0x1a
2004               lh_read                7   0   2   0      0x5     0x1a
2004               lh_read                7   0   2   1      0x5     0x1a
2004               lh_read                7   0   2   2      0x5     0x1a
2004               lh_read                7   0   2   3      0x5     0x1a
2004               lh_read                7   0   3   0      0x5     0x1a
2004               lh_read                7   0   3   1      0x5     0x1a
2004               lh_read                7   0   3   2      0x5     0x1a
2004               lh_read                7   0   3   3      0x5     0x1a
2006               lh_read                7   0   0   0      0x5     0x1b
2006               lh_read                7   0   0   1      0x5     0x1b
2006               lh_read                7   0   0   2      0x5     0x1b
2006               lh_read                7   0   0   3      0x5     0x1b
2006               lh_read                7   0   1   0      0x5     0x1b
2006               lh_read                7   0   1   1      0x5     0x1b
2006               lh_read                7   0   1   2      0x5     0x1b
2006               lh_read                7   0   1   3      0x5     0x1b
2006               lh_read                7   0   2   0      0x5     0x1b
2006               lh_read                7   0   2   1      0x5     0x1b
2006               lh_read                7   0   2   2      0x5     0x1b
2006               lh_read                7   0   2   3      0x5     0x1b
2006               lh_read                7   0   3   0      0x5     0x1b
2006               lh_read                7   0   3   1      0x5     0x1b
2006               lh_read                7   0   3   2      0x5     0x1b
2006               lh_read                7   0   3   3      0x5     0x1b
2008               lh_read                7   0   0   0      0x5     0x1c
2008               lh_read                7   0   0   1      0x5     0x1c
2008               lh_read                7   0   0   2      0x5     0x1c
2008               lh_read                7   0   0   3      0x5     0x1c
2008               lh_read                7   0   1   0      0x5     0x1c
2008               lh_read                7   0   1   1      0x5     0x1c
2008               lh_read                7   0   1   2      0x5     0x1c
2008               lh_read                7   0   1   3      0x5     0x1c
2008               lh_read                7   0   2   0      0x5     0x1c
2008               lh_read                7   0   2   1      0x5     0x1c
2008               lh_read                7   0   2   2      0x5     0x1c
2008               lh_read                7   0   2   3      0x5     0x1c
2008               lh_read                7   0   3   0      0x5     0x1c
2008               lh_read                7   0   3   1      0x5     0x1c
2008               lh_read                7   0   3   2      0x5     0x1c
2008               lh_read                7   0   3   3      0x5     0x1c
2010               lh_read                7   0   0   0      0x5     0x1d
2010               lh_read                7   0   0   1      0x5     0x1d
2010               lh_read                7   0   0   2      0x5     0x1d
2010               lh_read                7   0   0   3      0x5     0x1d
2010               lh_read                7   0   1   0      0x5     0x1d
2010               lh_read                7   0   1   1      0x5     0x1d
2010               lh_read                7   0   1   2      0x5     0x1d
2010               lh_read                7   0   1   3      0x5     0x1d
2010               lh_read                7   0   2   0      0x5     0x1d
2010               lh_read                7   0   2   1      0x5     0x1d
2010               lh_read                7   0   2   2      0x5     0x1d
2010               lh_read                7   0   2   3      0x5     0x1d
2010               lh_read                7   0   3   0      0x5     0x1d
2010               lh_read                7   0   3   1      0x5     0x1d
2010               lh_read                7   0   3   2      0x5     0x1d
2010               lh_read                7   0   3   3      0x5     0x1d
2012               lh_read                7   0   0   0      0x5     0x1e
2012               lh_read                7   0   0   1      0x5     0x1e
2012               lh_read                7   0   0   2      0x5     0x1e
2012               lh_read                7   0   0   3      0x5     0x1e
2012               lh_read                7   0   1   0      0x5     0x1e
2012               lh_read                7   0   1   1      0x5     0x1e
2012               lh_read                7   0   1   2      0x5     0x1e
2012               lh_read                7   0   1   3      0x5     0x1e
2012               lh_read                7   0   2   0      0x5     0x1e
2012               lh_read                7   0   2   1      0x5     0x1e
2012               lh_read                7   0   2   2      0x5     0x1e
2012               lh_read                7   0   2   3      0x5     0x1e
2012               lh_read                7   0   3   0      0x5     0x1e
2012               lh_read                7   0   3   1      0x5     0x1e
2012               lh_read                7   0   3   2      0x5     0x1e
2012               lh_read                7   0   3   3      0x5     0x1e
2014               lh_read                7   0   0   0      0x5     0x1f
2014               lh_read                7   0   0   1      0x5     0x1f
2014               lh_read                7   0   0   2      0x5     0x1f
2014               lh_read                7   0   0   3      0x5     0x1f
2014               lh_read                7   0   1   0      0x5     0x1f
2014               lh_read                7   0   1   1      0x5     0x1f
2014               lh_read                7   0   1   2      0x5     0x1f
2014               lh_read                7   0   1   3      0x5     0x1f
2014               lh_read                7   0   2   0      0x5     0x1f
2014               lh_read                7   0   2   1      0x5     0x1f
2014               lh_read                7   0   2   2      0x5     0x1f
2014               lh_read                7   0   2   3      0x5     0x1f
2014               lh_read                7   0   3   0      0x5     0x1f
2014               lh_read                7   0   3   1      0x5     0x1f
2014               lh_read                7   0   3   2      0x5     0x1f
2014               lh_read                7   0   3   3      0x5     0x1f
2016               lh_read                7   0   0   0      0x5     0x20
2016               lh_read                7   0   0   1      0x5     0x20
2016               lh_read                7   0   0   2      0x5     0x20
2016               lh_read                7   0   0   3      0x5     0x20
2016               lh_read                7   0   1   0      0x5     0x20
2016               lh_read                7   0   1   1      0x5     0x20
2016               lh_read                7   0   1   2      0x5     0x20
2016               lh_read                7   0   1   3      0x5     0x20
2016               lh_read                7   0   2   0      0x5     0x20
2016               lh_read                7   0   2   1      0x5     0x20
2016               lh_read                7   0   2   2      0x5     0x20
2016               lh_read                7   0   2   3      0x5     0x20
2016               lh_read                7   0   3   0      0x5     0x20
2016               lh_read                7   0   3   1      0x5     0x20
2016               lh_read                7   0   3   2      0x5     0x20
2016               lh_read                7   0   3   3      0x5     0x20
2018               lh_read                7   0   0   0      0x5     0x21
2018               lh_read                7   0   0   1      0x5     0x21
2018               lh_read                7   0   0   2      0x5     0x21
2018               lh_read                7   0   0   3      0x5     0x21
2018               lh_read                7   0   1   0      0x5     0x21
2018               lh_read                7   0   1   1      0x5     0x21
2018               lh_read                7   0   1   2      0x5     0x21
2018               lh_read                7   0   1   3      0x5     0x21
2018               lh_read                7   0   2   0      0x5     0x21
2018               lh_read                7   0   2   1      0x5     0x21
2018               lh_read                7   0   2   2      0x5     0x21
2018               lh_read                7   0   2   3      0x5     0x21
2018               lh_read                7   0   3   0      0x5     0x21
2018               lh_read                7   0   3   1      0x5     0x21
2018               lh_read                7   0   3   2      0x5     0x21
2018               lh_read                7   0   3   3      0x5     0x21
2020               lh_read                7   0   0   0      0x5     0x22
2020               lh_read                7   0   0   1      0x5     0x22
2020               lh_read                7   0   0   2      0x5     0x22
2020               lh_read                7   0   0   3      0x5     0x22
2020               lh_read                7   0   1   0      0x5     0x22
2020               lh_read                7   0   1   1      0x5     0x22
2020               lh_read                7   0   1   2      0x5     0x22
2020               lh_read                7   0   1   3      0x5     0x22
2020               lh_read                7   0   2   0      0x5     0x22
2020               lh_read                7   0   2   1      0x5     0x22
2020               lh_read                7   0   2   2      0x5     0x22
2020               lh_read                7   0   2   3      0x5     0x22
2020               lh_read                7   0   3   0      0x5     0x22
2020               lh_read                7   0   3   1      0x5     0x22
2020               lh_read                7   0   3   2      0x5     0x22
2020               lh_read                7   0   3   3      0x5     0x22
2022               lh_read                7   0   0   0      0x5     0x23
2022               lh_read                7   0   0   1      0x5     0x23
2022               lh_read                7   0   0   2      0x5     0x23
2022               lh_read                7   0   0   3      0x5     0x23
2022               lh_read                7   0   1   0      0x5     0x23
2022               lh_read                7   0   1   1      0x5     0x23
2022               lh_read                7   0   1   2      0x5     0x23
2022               lh_read                7   0   1   3      0x5     0x23
2022               lh_read                7   0   2   0      0x5     0x23
2022               lh_read                7   0   2   1      0x5     0x23
2022               lh_read                7   0   2   2      0x5     0x23
2022               lh_read                7   0   2   3      0x5     0x23
2022               lh_read                7   0   3   0      0x5     0x23
2022               lh_read                7   0   3   1      0x5     0x23
2022               lh_read                7   0   3   2      0x5     0x23
2022               lh_read                7   0   3   3      0x5     0x23
2024               lh_read                7   0   0   0      0x5     0x24
2024               lh_read                7   0   0   1      0x5     0x24
2024               lh_read                7   0   0   2      0x5     0x24
2024               lh_read                7   0   0   3      0x5     0x24
2024               lh_read                7   0   1   0      0x5     0x24
2024               lh_read                7   0   1   1      0x5     0x24
2024               lh_read                7   0   1   2      0x5     0x24
2024               lh_read                7   0   1   3      0x5     0x24
2024               lh_read                7   0   2   0      0x5     0x24
2024               lh_read                7   0   2   1      0x5     0x24
2024               lh_read                7   0   2   2      0x5     0x24
2024               lh_read                7   0   2   3      0x5     0x24
2024               lh_read                7   0   3   0      0x5     0x24
2024               lh_read                7   0   3   1      0x5     0x24
2024               lh_read                7   0   3   2      0x5     0x24
2024               lh_read                7   0   3   3      0x5     0x24
2026               lh_read                7   0   0   0      0x5     0x25
2026               lh_read                7   0   0   1      0x5     0x25
2026               lh_read                7   0   0   2      0x5     0x25
2026               lh_read                7   0   0   3      0x5     0x25
2026               lh_read                7   0   1   0      0x5     0x25
2026               lh_read                7   0   1   1      0x5     0x25
2026               lh_read                7   0   1   2      0x5     0x25
2026               lh_read                7   0   1   3      0x5     0x25
2026               lh_read                7   0   2   0      0x5     0x25
2026               lh_read                7   0   2   1      0x5     0x25
2026               lh_read                7   0   2   2      0x5     0x25
2026               lh_read                7   0   2   3      0x5     0x25
2026               lh_read                7   0   3   0      0x5     0x25
2026               lh_read                7   0   3   1      0x5     0x25
2026               lh_read                7   0   3   2      0x5     0x25
2026               lh_read                7   0   3   3      0x5     0x25
2028               lh_read                7   0   0   0      0x5     0x26
2028               lh_read                7   0   0   1      0x5     0x26
2028               lh_read                7   0   0   2      0x5     0x26
2028               lh_read                7   0   0   3      0x5     0x26
2028               lh_read                7   0   1   0      0x5     0x26
2028               lh_read                7   0   1   1      0x5     0x26
2028               lh_read                7   0   1   2      0x5     0x26
2028               lh_read                7   0   1   3      0x5     0x26
2028               lh_read                7   0   2   0      0x5     0x26
2028               lh_read                7   0   2   1      0x5     0x26
2028               lh_read                7   0   2   2      0x5     0x26
2028               lh_read                7   0   2   3      0x5     0x26
2028               lh_read                7   0   3   0      0x5     0x26
2028               lh_read                7   0   3   1      0x5     0x26
2028               lh_read                7   0   3   2      0x5     0x26
2028               lh_read                7   0   3   3      0x5     0x26
2030               lh_read                7   0   0   0      0x5     0x27
2030               lh_read                7   0   0   1      0x5     0x27
2030               lh_read                7   0   0   2      0x5     0x27
2030               lh_read                7   0   0   3      0x5     0x27
2030               lh_read                7   0   1   0      0x5     0x27
2030               lh_read                7   0   1   1      0x5     0x27
2030               lh_read                7   0   1   2      0x5     0x27
2030               lh_read                7   0   1   3      0x5     0x27
2030               lh_read                7   0   2   0      0x5     0x27
2030               lh_read                7   0   2   1      0x5     0x27
2030               lh_read                7   0   2   2      0x5     0x27
2030               lh_read                7   0   2   3      0x5     0x27
2030               lh_read                7   0   3   0      0x5     0x27
2030               lh_read                7   0   3   1      0x5     0x27
2030               lh_read                7   0   3   2      0x5     0x27
2030               lh_read                7   0   3   3      0x5     0x27
2032               lh_read                7   0   0   0      0x5     0x28
2032               lh_read                7   0   0   1      0x5     0x28
2032               lh_read                7   0   0   2      0x5     0x28
2032               lh_read                7   0   0   3      0x5     0x28
2032               lh_read                7   0   1   0      0x5     0x28
2032               lh_read                7   0   1   1      0x5     0x28
2032               lh_read                7   0   1   2      0x5     0x28
2032               lh_read                7   0   1   3      0x5     0x28
2032               lh_read                7   0   2   0      0x5     0x28
2032               lh_read                7   0   2   1      0x5     0x28
2032               lh_read                7   0   2   2      0x5     0x28
2032               lh_read                7   0   2   3      0x5     0x28
2032               lh_read                7   0   3   0      0x5     0x28
2032               lh_read                7   0   3   1      0x5     0x28
2032               lh_read                7   0   3   2      0x5     0x28
2032               lh_read                7   0   3   3      0x5     0x28
2034               lh_read                7   0   0   0      0x5     0x29
2034               lh_read                7   0   0   1      0x5     0x29
2034               lh_read                7   0   0   2      0x5     0x29
2034               lh_read                7   0   0   3      0x5     0x29
2034               lh_read                7   0   1   0      0x5     0x29
2034               lh_read                7   0   1   1      0x5     0x29
2034               lh_read                7   0   1   2      0x5     0x29
2034               lh_read                7   0   1   3      0x5     0x29
2034               lh_read                7   0   2   0      0x5     0x29
2034               lh_read                7   0   2   1      0x5     0x29
2034               lh_read                7   0   2   2      0x5     0x29
2034               lh_read                7   0   2   3      0x5     0x29
2034               lh_read                7   0   3   0      0x5     0x29
2034               lh_read                7   0   3   1      0x5     0x29
2034               lh_read                7   0   3   2      0x5     0x29
2034               lh_read                7   0   3   3      0x5     0x29
2036               lh_read                7   0   0   0      0x5     0x2a
2036               lh_read                7   0   0   1      0x5     0x2a
2036               lh_read                7   0   0   2      0x5     0x2a
2036               lh_read                7   0   0   3      0x5     0x2a
2036               lh_read                7   0   1   0      0x5     0x2a
2036               lh_read                7   0   1   1      0x5     0x2a
2036               lh_read                7   0   1   2      0x5     0x2a
2036               lh_read                7   0   1   3      0x5     0x2a
2036               lh_read                7   0   2   0      0x5     0x2a
2036               lh_read                7   0   2   1      0x5     0x2a
2036               lh_read                7   0   2   2      0x5     0x2a
2036               lh_read                7   0   2   3      0x5     0x2a
2036               lh_read                7   0   3   0      0x5     0x2a
2036               lh_read                7   0   3   1      0x5     0x2a
2036               lh_read                7   0   3   2      0x5     0x2a
2036               lh_read                7   0   3   3      0x5     0x2a
2038               lh_read                7   0   0   0      0x5     0x2b
2038               lh_read                7   0   0   1      0x5     0x2b
2038               lh_read                7   0   0   2      0x5     0x2b
2038               lh_read                7   0   0   3      0x5     0x2b
2038               lh_read                7   0   1   0      0x5     0x2b
2038               lh_read                7   0   1   1      0x5     0x2b
2038               lh_read                7   0   1   2      0x5     0x2b
2038               lh_read                7   0   1   3      0x5     0x2b
2038               lh_read                7   0   2   0      0x5     0x2b
2038               lh_read                7   0   2   1      0x5     0x2b
2038               lh_read                7   0   2   2      0x5     0x2b
2038               lh_read                7   0   2   3      0x5     0x2b
2038               lh_read                7   0   3   0      0x5     0x2b
2038               lh_read                7   0   3   1      0x5     0x2b
2038               lh_read                7   0   3   2      0x5     0x2b
2038               lh_read                7   0   3   3      0x5     0x2b
2040               lh_read                7   0   0   0      0x5     0x2c
2040               lh_read                7   0   0   1      0x5     0x2c
2040               lh_read                7   0   0   2      0x5     0x2c
2040               lh_read                7   0   0   3      0x5     0x2c
2040               lh_read                7   0   1   0      0x5     0x2c
2040               lh_read                7   0   1   1      0x5     0x2c
2040               lh_read                7   0   1   2      0x5     0x2c
2040               lh_read                7   0   1   3      0x5     0x2c
2040               lh_read                7   0   2   0      0x5     0x2c
2040               lh_read                7   0   2   1      0x5     0x2c
2040               lh_read                7   0   2   2      0x5     0x2c
2040               lh_read                7   0   2   3      0x5     0x2c
2040               lh_read                7   0   3   0      0x5     0x2c
2040               lh_read                7   0   3   1      0x5     0x2c
2040               lh_read                7   0   3   2      0x5     0x2c
2040               lh_read                7   0   3   3      0x5     0x2c
2042               lh_read                7   0   0   0      0x5     0x2d
2042               lh_read                7   0   0   1      0x5     0x2d
2042               lh_read                7   0   0   2      0x5     0x2d
2042               lh_read                7   0   0   3      0x5     0x2d
2042               lh_read                7   0   1   0      0x5     0x2d
2042               lh_read                7   0   1   1      0x5     0x2d
2042               lh_read                7   0   1   2      0x5     0x2d
2042               lh_read                7   0   1   3      0x5     0x2d
2042               lh_read                7   0   2   0      0x5     0x2d
2042               lh_read                7   0   2   1      0x5     0x2d
2042               lh_read                7   0   2   2      0x5     0x2d
2042               lh_read                7   0   2   3      0x5     0x2d
2042               lh_read                7   0   3   0      0x5     0x2d
2042               lh_read                7   0   3   1      0x5     0x2d
2042               lh_read                7   0   3   2      0x5     0x2d
2042               lh_read                7   0   3   3      0x5     0x2d
2044               lh_read                7   0   0   0      0x5     0x2e
2044               lh_read                7   0   0   1      0x5     0x2e
2044               lh_read                7   0   0   2      0x5     0x2e
2044               lh_read                7   0   0   3      0x5     0x2e
2044               lh_read                7   0   1   0      0x5     0x2e
2044               lh_read                7   0   1   1      0x5     0x2e
2044               lh_read                7   0   1   2      0x5     0x2e
2044               lh_read                7   0   1   3      0x5     0x2e
2044               lh_read                7   0   2   0      0x5     0x2e
2044               lh_read                7   0   2   1      0x5     0x2e
2044               lh_read                7   0   2   2      0x5     0x2e
2044               lh_read                7   0   2   3      0x5     0x2e
2044               lh_read                7   0   3   0      0x5     0x2e
2044               lh_read                7   0   3   1      0x5     0x2e
2044               lh_read                7   0   3   2      0x5     0x2e
2044               lh_read                7   0   3   3      0x5     0x2e
2046               lh_read                7   0   0   0      0x5     0x2f
2046               lh_read                7   0   0   1      0x5     0x2f
2046               lh_read                7   0   0   2      0x5     0x2f
2046               lh_read                7   0   0   3      0x5     0x2f
2046               lh_read                7   0   1   0      0x5     0x2f
2046               lh_read                7   0   1   1      0x5     0x2f
2046               lh_read                7   0   1   2      0x5     0x2f
2046               lh_read                7   0   1   3      0x5     0x2f
2046               lh_read                7   0   2   0      0x5     0x2f
2046               lh_read                7   0   2   1      0x5     0x2f
2046               lh_read                7   0   2   2      0x5     0x2f
2046               lh_read                7   0   2   3      0x5     0x2f
2046               lh_read                7   0   3   0      0x5     0x2f
2046               lh_read                7   0   3   1      0x5     0x2f
2046               lh_read                7   0   3   2      0x5     0x2f
2046               lh_read                7   0   3   3      0x5     0x2f
2048               lh_read                7   0   0   0      0x5     0x30
2048               lh_read                7   0   0   1      0x5     0x30
2048               lh_read                7   0   0   2      0x5     0x30
2048               lh_read                7   0   0   3      0x5     0x30
2048               lh_read                7   0   1   0      0x5     0x30
2048               lh_read                7   0   1   1      0x5     0x30
2048               lh_read                7   0   1   2      0x5     0x30
2048               lh_read                7   0   1   3      0x5     0x30
2048               lh_read                7   0   2   0      0x5     0x30
2048               lh_read                7   0   2   1      0x5     0x30
2048               lh_read                7   0   2   2      0x5     0x30
2048               lh_read                7   0   2   3      0x5     0x30
2048               lh_read                7   0   3   0      0x5     0x30
2048               lh_read                7   0   3   1      0x5     0x30
2048               lh_read                7   0   3   2      0x5     0x30
2048               lh_read                7   0   3   3      0x5     0x30
2050               lh_read                7   0   0   0      0x5     0x31
2050               lh_read                7   0   0   1      0x5     0x31
2050               lh_read                7   0   0   2      0x5     0x31
2050               lh_read                7   0   0   3      0x5     0x31
2050               lh_read                7   0   1   0      0x5     0x31
2050               lh_read                7   0   1   1      0x5     0x31
2050               lh_read                7   0   1   2      0x5     0x31
2050               lh_read                7   0   1   3      0x5     0x31
2050               lh_read                7   0   2   0      0x5     0x31
2050               lh_read                7   0   2   1      0x5     0x31
2050               lh_read                7   0   2   2      0x5     0x31
2050               lh_read                7   0   2   3      0x5     0x31
2050               lh_read                7   0   3   0      0x5     0x31
2050               lh_read                7   0   3   1      0x5     0x31
2050               lh_read                7   0   3   2      0x5     0x31
2050               lh_read                7   0   3   3      0x5     0x31
2052               lh_read                7   0   0   0      0x5     0x32
2052               lh_read                7   0   0   1      0x5     0x32
2052               lh_read                7   0   0   2      0x5     0x32
2052               lh_read                7   0   0   3      0x5     0x32
2052               lh_read                7   0   1   0      0x5     0x32
2052               lh_read                7   0   1   1      0x5     0x32
2052               lh_read                7   0   1   2      0x5     0x32
2052               lh_read                7   0   1   3      0x5     0x32
2052               lh_read                7   0   2   0      0x5     0x32
2052               lh_read                7   0   2   1      0x5     0x32
2052               lh_read                7   0   2   2      0x5     0x32
2052               lh_read                7   0   2   3      0x5     0x32
2052               lh_read                7   0   3   0      0x5     0x32
2052               lh_read                7   0   3   1      0x5     0x32
2052               lh_read                7   0   3   2      0x5     0x32
2052               lh_read                7   0   3   3      0x5     0x32
2054               lh_read                7   0   0   0      0x5     0x33
2054               lh_read                7   0   0   1      0x5     0x33
2054               lh_read                7   0   0   2      0x5     0x33
2054               lh_read                7   0   0   3      0x5     0x33
2054               lh_read                7   0   1   0      0x5     0x33
2054               lh_read                7   0   1   1      0x5     0x33
2054               lh_read                7   0   1   2      0x5     0x33
2054               lh_read                7   0   1   3      0x5     0x33
2054               lh_read                7   0   2   0      0x5     0x33
2054               lh_read                7   0   2   1      0x5     0x33
2054               lh_read                7   0   2   2      0x5     0x33
2054               lh_read                7   0   2   3      0x5     0x33
2054               lh_read                7   0   3   0      0x5     0x33
2054               lh_read                7   0   3   1      0x5     0x33
2054               lh_read                7   0   3   2      0x5     0x33
2054               lh_read                7   0   3   3      0x5     0x33
2056               lh_read                7   0   0   0      0x5     0x34
2056               lh_read                7   0   0   1      0x5     0x34
2056               lh_read                7   0   0   2      0x5     0x34
2056               lh_read                7   0   0   3      0x5     0x34
2056               lh_read                7   0   1   0      0x5     0x34
2056               lh_read                7   0   1   1      0x5     0x34
2056               lh_read                7   0   1   2      0x5     0x34
2056               lh_read                7   0   1   3      0x5     0x34
2056               lh_read                7   0   2   0      0x5     0x34
2056               lh_read                7   0   2   1      0x5     0x34
2056               lh_read                7   0   2   2      0x5     0x34
2056               lh_read                7   0   2   3      0x5     0x34
2056               lh_read                7   0   3   0      0x5     0x34
2056               lh_read                7   0   3   1      0x5     0x34
2056               lh_read                7   0   3   2      0x5     0x34
2056               lh_read                7   0   3   3      0x5     0x34
2058               lh_read                7   0   0   0      0x5     0x35
2058               lh_read                7   0   0   1      0x5     0x35
2058               lh_read                7   0   0   2      0x5     0x35
2058               lh_read                7   0   0   3      0x5     0x35
2058               lh_read                7   0   1   0      0x5     0x35
2058               lh_read                7   0   1   1      0x5     0x35
2058               lh_read                7   0   1   2      0x5     0x35
2058               lh_read                7   0   1   3      0x5     0x35
2058               lh_read                7   0   2   0      0x5     0x35
2058               lh_read                7   0   2   1      0x5     0x35
2058               lh_read                7   0   2   2      0x5     0x35
2058               lh_read                7   0   2   3      0x5     0x35
2058               lh_read                7   0   3   0      0x5     0x35
2058               lh_read                7   0   3   1      0x5     0x35
2058               lh_read                7   0   3   2      0x5     0x35
2058               lh_read                7   0   3   3      0x5     0x35
2060               lh_read                7   0   0   0      0x5     0x36
2060               lh_read                7   0   0   1      0x5     0x36
2060               lh_read                7   0   0   2      0x5     0x36
2060               lh_read                7   0   0   3      0x5     0x36
2060               lh_read                7   0   1   0      0x5     0x36
2060               lh_read                7   0   1   1      0x5     0x36
2060               lh_read                7   0   1   2      0x5     0x36
2060               lh_read                7   0   1   3      0x5     0x36
2060               lh_read                7   0   2   0      0x5     0x36
2060               lh_read                7   0   2   1      0x5     0x36
2060               lh_read                7   0   2   2      0x5     0x36
2060               lh_read                7   0   2   3      0x5     0x36
2060               lh_read                7   0   3   0      0x5     0x36
2060               lh_read                7   0   3   1      0x5     0x36
2060               lh_read                7   0   3   2      0x5     0x36
2060               lh_read                7   0   3   3      0x5     0x36
2062               lh_read                7   0   0   0      0x5     0x37
2062               lh_read                7   0   0   1      0x5     0x37
2062               lh_read                7   0   0   2      0x5     0x37
2062               lh_read                7   0   0   3      0x5     0x37
2062               lh_read                7   0   1   0      0x5     0x37
2062               lh_read                7   0   1   1      0x5     0x37
2062               lh_read                7   0   1   2      0x5     0x37
2062               lh_read                7   0   1   3      0x5     0x37
2062               lh_read                7   0   2   0      0x5     0x37
2062               lh_read                7   0   2   1      0x5     0x37
2062               lh_read                7   0   2   2      0x5     0x37
2062               lh_read                7   0   2   3      0x5     0x37
2062               lh_read                7   0   3   0      0x5     0x37
2062               lh_read                7   0   3   1      0x5     0x37
2062               lh_read                7   0   3   2      0x5     0x37
2062               lh_read                7   0   3   3      0x5     0x37
2064               lh_read                7   0   0   0      0x5     0x38
2064               lh_read                7   0   0   1      0x5     0x38
2064               lh_read                7   0   0   2      0x5     0x38
2064               lh_read                7   0   0   3      0x5     0x38
2064               lh_read                7   0   1   0      0x5     0x38
2064               lh_read                7   0   1   1      0x5     0x38
2064               lh_read                7   0   1   2      0x5     0x38
2064               lh_read                7   0   1   3      0x5     0x38
2064               lh_read                7   0   2   0      0x5     0x38
2064               lh_read                7   0   2   1      0x5     0x38
2064               lh_read                7   0   2   2      0x5     0x38
2064               lh_read                7   0   2   3      0x5     0x38
2064               lh_read                7   0   3   0      0x5     0x38
2064               lh_read                7   0   3   1      0x5     0x38
2064               lh_read                7   0   3   2      0x5     0x38
2064               lh_read                7   0   3   3      0x5     0x38
2066               lh_read                7   0   0   0      0x5     0x39
2066               lh_read                7   0   0   1      0x5     0x39
2066               lh_read                7   0   0   2      0x5     0x39
2066               lh_read                7   0   0   3      0x5     0x39
2066               lh_read                7   0   1   0      0x5     0x39
2066               lh_read                7   0   1   1      0x5     0x39
2066               lh_read                7   0   1   2      0x5     0x39
2066               lh_read                7   0   1   3      0x5     0x39
2066               lh_read                7   0   2   0      0x5     0x39
2066               lh_read                7   0   2   1      0x5     0x39
2066               lh_read                7   0   2   2      0x5     0x39
2066               lh_read                7   0   2   3      0x5     0x39
2066               lh_read                7   0   3   0      0x5     0x39
2066               lh_read                7   0   3   1      0x5     0x39
2066               lh_read                7   0   3   2      0x5     0x39
2066               lh_read                7   0   3   3      0x5     0x39
2068               lh_read                7   0   0   0      0x5     0x3a
2068               lh_read                7   0   0   1      0x5     0x3a
2068               lh_read                7   0   0   2      0x5     0x3a
2068               lh_read                7   0   0   3      0x5     0x3a
2068               lh_read                7   0   1   0      0x5     0x3a
2068               lh_read                7   0   1   1      0x5     0x3a
2068               lh_read                7   0   1   2      0x5     0x3a
2068               lh_read                7   0   1   3      0x5     0x3a
2068               lh_read                7   0   2   0      0x5     0x3a
2068               lh_read                7   0   2   1      0x5     0x3a
2068               lh_read                7   0   2   2      0x5     0x3a
2068               lh_read                7   0   2   3      0x5     0x3a
2068               lh_read                7   0   3   0      0x5     0x3a
2068               lh_read                7   0   3   1      0x5     0x3a
2068               lh_read                7   0   3   2      0x5     0x3a
2068               lh_read                7   0   3   3      0x5     0x3a
2070               lh_read                7   0   0   0      0x5     0x3b
2070               lh_read                7   0   0   1      0x5     0x3b
2070               lh_read                7   0   0   2      0x5     0x3b
2070               lh_read                7   0   0   3      0x5     0x3b
2070               lh_read                7   0   1   0      0x5     0x3b
2070               lh_read                7   0   1   1      0x5     0x3b
2070               lh_read                7   0   1   2      0x5     0x3b
2070               lh_read                7   0   1   3      0x5     0x3b
2070               lh_read                7   0   2   0      0x5     0x3b
2070               lh_read                7   0   2   1      0x5     0x3b
2070               lh_read                7   0   2   2      0x5     0x3b
2070               lh_read                7   0   2   3      0x5     0x3b
2070               lh_read                7   0   3   0      0x5     0x3b
2070               lh_read                7   0   3   1      0x5     0x3b
2070               lh_read                7   0   3   2      0x5     0x3b
2070               lh_read                7   0   3   3      0x5     0x3b
2072               lh_read                7   0   0   0      0x5     0x3c
2072               lh_read                7   0   0   1      0x5     0x3c
2072               lh_read                7   0   0   2      0x5     0x3c
2072               lh_read                7   0   0   3      0x5     0x3c
2072               lh_read                7   0   1   0      0x5     0x3c
2072               lh_read                7   0   1   1      0x5     0x3c
2072               lh_read                7   0   1   2      0x5     0x3c
2072               lh_read                7   0   1   3      0x5     0x3c
2072               lh_read                7   0   2   0      0x5     0x3c
2072               lh_read                7   0   2   1      0x5     0x3c
2072               lh_read                7   0   2   2      0x5     0x3c
2072               lh_read                7   0   2   3      0x5     0x3c
2072               lh_read                7   0   3   0      0x5     0x3c
2072               lh_read                7   0   3   1      0x5     0x3c
2072               lh_read                7   0   3   2      0x5     0x3c
2072               lh_read                7   0   3   3      0x5     0x3c
2074               lh_read                7   0   0   0      0x5     0x3d
2074               lh_read                7   0   0   1      0x5     0x3d
2074               lh_read                7   0   0   2      0x5     0x3d
2074               lh_read                7   0   0   3      0x5     0x3d
2074               lh_read                7   0   1   0      0x5     0x3d
2074               lh_read                7   0   1   1      0x5     0x3d
2074               lh_read                7   0   1   2      0x5     0x3d
2074               lh_read                7   0   1   3      0x5     0x3d
2074               lh_read                7   0   2   0      0x5     0x3d
2074               lh_read                7   0   2   1      0x5     0x3d
2074               lh_read                7   0   2   2      0x5     0x3d
2074               lh_read                7   0   2   3      0x5     0x3d
2074               lh_read                7   0   3   0      0x5     0x3d
2074               lh_read                7   0   3   1      0x5     0x3d
2074               lh_read                7   0   3   2      0x5     0x3d
2074               lh_read                7   0   3   3      0x5     0x3d
2076               lh_read                7   0   0   0      0x5     0x3e
2076               lh_read                7   0   0   1      0x5     0x3e
2076               lh_read                7   0   0   2      0x5     0x3e
2076               lh_read                7   0   0   3      0x5     0x3e
2076               lh_read                7   0   1   0      0x5     0x3e
2076               lh_read                7   0   1   1      0x5     0x3e
2076               lh_read                7   0   1   2      0x5     0x3e
2076               lh_read                7   0   1   3      0x5     0x3e
2076               lh_read                7   0   2   0      0x5     0x3e
2076               lh_read                7   0   2   1      0x5     0x3e
2076               lh_read                7   0   2   2      0x5     0x3e
2076               lh_read                7   0   2   3      0x5     0x3e
2076               lh_read                7   0   3   0      0x5     0x3e
2076               lh_read                7   0   3   1      0x5     0x3e
2076               lh_read                7   0   3   2      0x5     0x3e
2076               lh_read                7   0   3   3      0x5     0x3e
2078               lh_read_p              7   0   0   0      0x5     0x3f
2078               lh_read_p              7   0   0   1      0x5     0x3f
2078               lh_read_p              7   0   0   2      0x5     0x3f
2078               lh_read_p              7   0   0   3      0x5     0x3f
2078               lh_read_p              7   0   1   0      0x5     0x3f
2078               lh_read_p              7   0   1   1      0x5     0x3f
2078               lh_read_p              7   0   1   2      0x5     0x3f
2078               lh_read_p              7   0   1   3      0x5     0x3f
2078               lh_read_p              7   0   2   0      0x5     0x3f
2078               lh_read_p              7   0   2   1      0x5     0x3f
2078               lh_read_p              7   0   2   2      0x5     0x3f
2078               lh_read_p              7   0   2   3      0x5     0x3f
2078               lh_read_p              7   0   3   0      0x5     0x3f
2078               lh_read_p              7   0   3   1      0x5     0x3f
2078               lh_read_p              7   0   3   2      0x5     0x3f
2078               lh_read_p              7   0   3   3      0x5     0x3f
2097               pim_activate           7   0   0   0      0x6      0x0
2097               pim_activate           7   0   0   1      0x6      0x0
2097               pim_activate           7   0   0   2      0x6      0x0
2097               pim_activate           7   0   0   3      0x6      0x0
2127               pim_activate           7   0   1   0      0x6      0x0
2127               pim_activate           7   0   1   1      0x6      0x0
2127               pim_activate           7   0   1   2      0x6      0x0
2127               pim_activate           7   0   1   3      0x6      0x0
2157               pim_activate           7   0   2   0      0x6      0x0
2157               pim_activate           7   0   2   1      0x6      0x0
2157               pim_activate           7   0   2   2      0x6      0x0
2157               pim_activate           7   0   2   3      0x6      0x0
2187               pim_activate           7   0   3   0      0x6      0x0
2187               pim_activate           7   0   3   1      0x6      0x0
2187               pim_activate           7   0   3   2      0x6      0x0
2187               pim_activate           7   0   3   3      0x6      0x0
2201               lh_read                7   0   0   0      0x6      0x0
2201               lh_read                7   0   0   1      0x6      0x0
2201               lh_read                7   0   0   2      0x6      0x0
2201               lh_read                7   0   0   3      0x6      0x0
2201               lh_read                7   0   1   0      0x6      0x0
2201               lh_read                7   0   1   1      0x6      0x0
2201               lh_read                7   0   1   2      0x6      0x0
2201               lh_read                7   0   1   3      0x6      0x0
2201               lh_read                7   0   2   0      0x6      0x0
2201               lh_read                7   0   2   1      0x6      0x0
2201               lh_read                7   0   2   2      0x6      0x0
2201               lh_read                7   0   2   3      0x6      0x0
2201               lh_read                7   0   3   0      0x6      0x0
2201               lh_read                7   0   3   1      0x6      0x0
2201               lh_read                7   0   3   2      0x6      0x0
2201               lh_read                7   0   3   3      0x6      0x0
2203               lh_read                7   0   0   0      0x6      0x1
2203               lh_read                7   0   0   1      0x6      0x1
2203               lh_read                7   0   0   2      0x6      0x1
2203               lh_read                7   0   0   3      0x6      0x1
2203               lh_read                7   0   1   0      0x6      0x1
2203               lh_read                7   0   1   1      0x6      0x1
2203               lh_read                7   0   1   2      0x6      0x1
2203               lh_read                7   0   1   3      0x6      0x1
2203               lh_read                7   0   2   0      0x6      0x1
2203               lh_read                7   0   2   1      0x6      0x1
2203               lh_read                7   0   2   2      0x6      0x1
2203               lh_read                7   0   2   3      0x6      0x1
2203               lh_read                7   0   3   0      0x6      0x1
2203               lh_read                7   0   3   1      0x6      0x1
2203               lh_read                7   0   3   2      0x6      0x1
2203               lh_read                7   0   3   3      0x6      0x1
2205               lh_read                7   0   0   0      0x6      0x2
2205               lh_read                7   0   0   1      0x6      0x2
2205               lh_read                7   0   0   2      0x6      0x2
2205               lh_read                7   0   0   3      0x6      0x2
2205               lh_read                7   0   1   0      0x6      0x2
2205               lh_read                7   0   1   1      0x6      0x2
2205               lh_read                7   0   1   2      0x6      0x2
2205               lh_read                7   0   1   3      0x6      0x2
2205               lh_read                7   0   2   0      0x6      0x2
2205               lh_read                7   0   2   1      0x6      0x2
2205               lh_read                7   0   2   2      0x6      0x2
2205               lh_read                7   0   2   3      0x6      0x2
2205               lh_read                7   0   3   0      0x6      0x2
2205               lh_read                7   0   3   1      0x6      0x2
2205               lh_read                7   0   3   2      0x6      0x2
2205               lh_read                7   0   3   3      0x6      0x2
2207               lh_read                7   0   0   0      0x6      0x3
2207               lh_read                7   0   0   1      0x6      0x3
2207               lh_read                7   0   0   2      0x6      0x3
2207               lh_read                7   0   0   3      0x6      0x3
2207               lh_read                7   0   1   0      0x6      0x3
2207               lh_read                7   0   1   1      0x6      0x3
2207               lh_read                7   0   1   2      0x6      0x3
2207               lh_read                7   0   1   3      0x6      0x3
2207               lh_read                7   0   2   0      0x6      0x3
2207               lh_read                7   0   2   1      0x6      0x3
2207               lh_read                7   0   2   2      0x6      0x3
2207               lh_read                7   0   2   3      0x6      0x3
2207               lh_read                7   0   3   0      0x6      0x3
2207               lh_read                7   0   3   1      0x6      0x3
2207               lh_read                7   0   3   2      0x6      0x3
2207               lh_read                7   0   3   3      0x6      0x3
2209               lh_read                7   0   0   0      0x6      0x4
2209               lh_read                7   0   0   1      0x6      0x4
2209               lh_read                7   0   0   2      0x6      0x4
2209               lh_read                7   0   0   3      0x6      0x4
2209               lh_read                7   0   1   0      0x6      0x4
2209               lh_read                7   0   1   1      0x6      0x4
2209               lh_read                7   0   1   2      0x6      0x4
2209               lh_read                7   0   1   3      0x6      0x4
2209               lh_read                7   0   2   0      0x6      0x4
2209               lh_read                7   0   2   1      0x6      0x4
2209               lh_read                7   0   2   2      0x6      0x4
2209               lh_read                7   0   2   3      0x6      0x4
2209               lh_read                7   0   3   0      0x6      0x4
2209               lh_read                7   0   3   1      0x6      0x4
2209               lh_read                7   0   3   2      0x6      0x4
2209               lh_read                7   0   3   3      0x6      0x4
2211               lh_read                7   0   0   0      0x6      0x5
2211               lh_read                7   0   0   1      0x6      0x5
2211               lh_read                7   0   0   2      0x6      0x5
2211               lh_read                7   0   0   3      0x6      0x5
2211               lh_read                7   0   1   0      0x6      0x5
2211               lh_read                7   0   1   1      0x6      0x5
2211               lh_read                7   0   1   2      0x6      0x5
2211               lh_read                7   0   1   3      0x6      0x5
2211               lh_read                7   0   2   0      0x6      0x5
2211               lh_read                7   0   2   1      0x6      0x5
2211               lh_read                7   0   2   2      0x6      0x5
2211               lh_read                7   0   2   3      0x6      0x5
2211               lh_read                7   0   3   0      0x6      0x5
2211               lh_read                7   0   3   1      0x6      0x5
2211               lh_read                7   0   3   2      0x6      0x5
2211               lh_read                7   0   3   3      0x6      0x5
2213               lh_read                7   0   0   0      0x6      0x6
2213               lh_read                7   0   0   1      0x6      0x6
2213               lh_read                7   0   0   2      0x6      0x6
2213               lh_read                7   0   0   3      0x6      0x6
2213               lh_read                7   0   1   0      0x6      0x6
2213               lh_read                7   0   1   1      0x6      0x6
2213               lh_read                7   0   1   2      0x6      0x6
2213               lh_read                7   0   1   3      0x6      0x6
2213               lh_read                7   0   2   0      0x6      0x6
2213               lh_read                7   0   2   1      0x6      0x6
2213               lh_read                7   0   2   2      0x6      0x6
2213               lh_read                7   0   2   3      0x6      0x6
2213               lh_read                7   0   3   0      0x6      0x6
2213               lh_read                7   0   3   1      0x6      0x6
2213               lh_read                7   0   3   2      0x6      0x6
2213               lh_read                7   0   3   3      0x6      0x6
2215               lh_read                7   0   0   0      0x6      0x7
2215               lh_read                7   0   0   1      0x6      0x7
2215               lh_read                7   0   0   2      0x6      0x7
2215               lh_read                7   0   0   3      0x6      0x7
2215               lh_read                7   0   1   0      0x6      0x7
2215               lh_read                7   0   1   1      0x6      0x7
2215               lh_read                7   0   1   2      0x6      0x7
2215               lh_read                7   0   1   3      0x6      0x7
2215               lh_read                7   0   2   0      0x6      0x7
2215               lh_read                7   0   2   1      0x6      0x7
2215               lh_read                7   0   2   2      0x6      0x7
2215               lh_read                7   0   2   3      0x6      0x7
2215               lh_read                7   0   3   0      0x6      0x7
2215               lh_read                7   0   3   1      0x6      0x7
2215               lh_read                7   0   3   2      0x6      0x7
2215               lh_read                7   0   3   3      0x6      0x7
2217               lh_read                7   0   0   0      0x6      0x8
2217               lh_read                7   0   0   1      0x6      0x8
2217               lh_read                7   0   0   2      0x6      0x8
2217               lh_read                7   0   0   3      0x6      0x8
2217               lh_read                7   0   1   0      0x6      0x8
2217               lh_read                7   0   1   1      0x6      0x8
2217               lh_read                7   0   1   2      0x6      0x8
2217               lh_read                7   0   1   3      0x6      0x8
2217               lh_read                7   0   2   0      0x6      0x8
2217               lh_read                7   0   2   1      0x6      0x8
2217               lh_read                7   0   2   2      0x6      0x8
2217               lh_read                7   0   2   3      0x6      0x8
2217               lh_read                7   0   3   0      0x6      0x8
2217               lh_read                7   0   3   1      0x6      0x8
2217               lh_read                7   0   3   2      0x6      0x8
2217               lh_read                7   0   3   3      0x6      0x8
2219               lh_read                7   0   0   0      0x6      0x9
2219               lh_read                7   0   0   1      0x6      0x9
2219               lh_read                7   0   0   2      0x6      0x9
2219               lh_read                7   0   0   3      0x6      0x9
2219               lh_read                7   0   1   0      0x6      0x9
2219               lh_read                7   0   1   1      0x6      0x9
2219               lh_read                7   0   1   2      0x6      0x9
2219               lh_read                7   0   1   3      0x6      0x9
2219               lh_read                7   0   2   0      0x6      0x9
2219               lh_read                7   0   2   1      0x6      0x9
2219               lh_read                7   0   2   2      0x6      0x9
2219               lh_read                7   0   2   3      0x6      0x9
2219               lh_read                7   0   3   0      0x6      0x9
2219               lh_read                7   0   3   1      0x6      0x9
2219               lh_read                7   0   3   2      0x6      0x9
2219               lh_read                7   0   3   3      0x6      0x9
2221               lh_read                7   0   0   0      0x6      0xa
2221               lh_read                7   0   0   1      0x6      0xa
2221               lh_read                7   0   0   2      0x6      0xa
2221               lh_read                7   0   0   3      0x6      0xa
2221               lh_read                7   0   1   0      0x6      0xa
2221               lh_read                7   0   1   1      0x6      0xa
2221               lh_read                7   0   1   2      0x6      0xa
2221               lh_read                7   0   1   3      0x6      0xa
2221               lh_read                7   0   2   0      0x6      0xa
2221               lh_read                7   0   2   1      0x6      0xa
2221               lh_read                7   0   2   2      0x6      0xa
2221               lh_read                7   0   2   3      0x6      0xa
2221               lh_read                7   0   3   0      0x6      0xa
2221               lh_read                7   0   3   1      0x6      0xa
2221               lh_read                7   0   3   2      0x6      0xa
2221               lh_read                7   0   3   3      0x6      0xa
2223               lh_read                7   0   0   0      0x6      0xb
2223               lh_read                7   0   0   1      0x6      0xb
2223               lh_read                7   0   0   2      0x6      0xb
2223               lh_read                7   0   0   3      0x6      0xb
2223               lh_read                7   0   1   0      0x6      0xb
2223               lh_read                7   0   1   1      0x6      0xb
2223               lh_read                7   0   1   2      0x6      0xb
2223               lh_read                7   0   1   3      0x6      0xb
2223               lh_read                7   0   2   0      0x6      0xb
2223               lh_read                7   0   2   1      0x6      0xb
2223               lh_read                7   0   2   2      0x6      0xb
2223               lh_read                7   0   2   3      0x6      0xb
2223               lh_read                7   0   3   0      0x6      0xb
2223               lh_read                7   0   3   1      0x6      0xb
2223               lh_read                7   0   3   2      0x6      0xb
2223               lh_read                7   0   3   3      0x6      0xb
2225               lh_read                7   0   0   0      0x6      0xc
2225               lh_read                7   0   0   1      0x6      0xc
2225               lh_read                7   0   0   2      0x6      0xc
2225               lh_read                7   0   0   3      0x6      0xc
2225               lh_read                7   0   1   0      0x6      0xc
2225               lh_read                7   0   1   1      0x6      0xc
2225               lh_read                7   0   1   2      0x6      0xc
2225               lh_read                7   0   1   3      0x6      0xc
2225               lh_read                7   0   2   0      0x6      0xc
2225               lh_read                7   0   2   1      0x6      0xc
2225               lh_read                7   0   2   2      0x6      0xc
2225               lh_read                7   0   2   3      0x6      0xc
2225               lh_read                7   0   3   0      0x6      0xc
2225               lh_read                7   0   3   1      0x6      0xc
2225               lh_read                7   0   3   2      0x6      0xc
2225               lh_read                7   0   3   3      0x6      0xc
2227               lh_read                7   0   0   0      0x6      0xd
2227               lh_read                7   0   0   1      0x6      0xd
2227               lh_read                7   0   0   2      0x6      0xd
2227               lh_read                7   0   0   3      0x6      0xd
2227               lh_read                7   0   1   0      0x6      0xd
2227               lh_read                7   0   1   1      0x6      0xd
2227               lh_read                7   0   1   2      0x6      0xd
2227               lh_read                7   0   1   3      0x6      0xd
2227               lh_read                7   0   2   0      0x6      0xd
2227               lh_read                7   0   2   1      0x6      0xd
2227               lh_read                7   0   2   2      0x6      0xd
2227               lh_read                7   0   2   3      0x6      0xd
2227               lh_read                7   0   3   0      0x6      0xd
2227               lh_read                7   0   3   1      0x6      0xd
2227               lh_read                7   0   3   2      0x6      0xd
2227               lh_read                7   0   3   3      0x6      0xd
2229               lh_read                7   0   0   0      0x6      0xe
2229               lh_read                7   0   0   1      0x6      0xe
2229               lh_read                7   0   0   2      0x6      0xe
2229               lh_read                7   0   0   3      0x6      0xe
2229               lh_read                7   0   1   0      0x6      0xe
2229               lh_read                7   0   1   1      0x6      0xe
2229               lh_read                7   0   1   2      0x6      0xe
2229               lh_read                7   0   1   3      0x6      0xe
2229               lh_read                7   0   2   0      0x6      0xe
2229               lh_read                7   0   2   1      0x6      0xe
2229               lh_read                7   0   2   2      0x6      0xe
2229               lh_read                7   0   2   3      0x6      0xe
2229               lh_read                7   0   3   0      0x6      0xe
2229               lh_read                7   0   3   1      0x6      0xe
2229               lh_read                7   0   3   2      0x6      0xe
2229               lh_read                7   0   3   3      0x6      0xe
2231               lh_read                7   0   0   0      0x6      0xf
2231               lh_read                7   0   0   1      0x6      0xf
2231               lh_read                7   0   0   2      0x6      0xf
2231               lh_read                7   0   0   3      0x6      0xf
2231               lh_read                7   0   1   0      0x6      0xf
2231               lh_read                7   0   1   1      0x6      0xf
2231               lh_read                7   0   1   2      0x6      0xf
2231               lh_read                7   0   1   3      0x6      0xf
2231               lh_read                7   0   2   0      0x6      0xf
2231               lh_read                7   0   2   1      0x6      0xf
2231               lh_read                7   0   2   2      0x6      0xf
2231               lh_read                7   0   2   3      0x6      0xf
2231               lh_read                7   0   3   0      0x6      0xf
2231               lh_read                7   0   3   1      0x6      0xf
2231               lh_read                7   0   3   2      0x6      0xf
2231               lh_read                7   0   3   3      0x6      0xf
2233               lh_read                7   0   0   0      0x6     0x10
2233               lh_read                7   0   0   1      0x6     0x10
2233               lh_read                7   0   0   2      0x6     0x10
2233               lh_read                7   0   0   3      0x6     0x10
2233               lh_read                7   0   1   0      0x6     0x10
2233               lh_read                7   0   1   1      0x6     0x10
2233               lh_read                7   0   1   2      0x6     0x10
2233               lh_read                7   0   1   3      0x6     0x10
2233               lh_read                7   0   2   0      0x6     0x10
2233               lh_read                7   0   2   1      0x6     0x10
2233               lh_read                7   0   2   2      0x6     0x10
2233               lh_read                7   0   2   3      0x6     0x10
2233               lh_read                7   0   3   0      0x6     0x10
2233               lh_read                7   0   3   1      0x6     0x10
2233               lh_read                7   0   3   2      0x6     0x10
2233               lh_read                7   0   3   3      0x6     0x10
2235               lh_read                7   0   0   0      0x6     0x11
2235               lh_read                7   0   0   1      0x6     0x11
2235               lh_read                7   0   0   2      0x6     0x11
2235               lh_read                7   0   0   3      0x6     0x11
2235               lh_read                7   0   1   0      0x6     0x11
2235               lh_read                7   0   1   1      0x6     0x11
2235               lh_read                7   0   1   2      0x6     0x11
2235               lh_read                7   0   1   3      0x6     0x11
2235               lh_read                7   0   2   0      0x6     0x11
2235               lh_read                7   0   2   1      0x6     0x11
2235               lh_read                7   0   2   2      0x6     0x11
2235               lh_read                7   0   2   3      0x6     0x11
2235               lh_read                7   0   3   0      0x6     0x11
2235               lh_read                7   0   3   1      0x6     0x11
2235               lh_read                7   0   3   2      0x6     0x11
2235               lh_read                7   0   3   3      0x6     0x11
2237               lh_read                7   0   0   0      0x6     0x12
2237               lh_read                7   0   0   1      0x6     0x12
2237               lh_read                7   0   0   2      0x6     0x12
2237               lh_read                7   0   0   3      0x6     0x12
2237               lh_read                7   0   1   0      0x6     0x12
2237               lh_read                7   0   1   1      0x6     0x12
2237               lh_read                7   0   1   2      0x6     0x12
2237               lh_read                7   0   1   3      0x6     0x12
2237               lh_read                7   0   2   0      0x6     0x12
2237               lh_read                7   0   2   1      0x6     0x12
2237               lh_read                7   0   2   2      0x6     0x12
2237               lh_read                7   0   2   3      0x6     0x12
2237               lh_read                7   0   3   0      0x6     0x12
2237               lh_read                7   0   3   1      0x6     0x12
2237               lh_read                7   0   3   2      0x6     0x12
2237               lh_read                7   0   3   3      0x6     0x12
2239               lh_read                7   0   0   0      0x6     0x13
2239               lh_read                7   0   0   1      0x6     0x13
2239               lh_read                7   0   0   2      0x6     0x13
2239               lh_read                7   0   0   3      0x6     0x13
2239               lh_read                7   0   1   0      0x6     0x13
2239               lh_read                7   0   1   1      0x6     0x13
2239               lh_read                7   0   1   2      0x6     0x13
2239               lh_read                7   0   1   3      0x6     0x13
2239               lh_read                7   0   2   0      0x6     0x13
2239               lh_read                7   0   2   1      0x6     0x13
2239               lh_read                7   0   2   2      0x6     0x13
2239               lh_read                7   0   2   3      0x6     0x13
2239               lh_read                7   0   3   0      0x6     0x13
2239               lh_read                7   0   3   1      0x6     0x13
2239               lh_read                7   0   3   2      0x6     0x13
2239               lh_read                7   0   3   3      0x6     0x13
2241               lh_read                7   0   0   0      0x6     0x14
2241               lh_read                7   0   0   1      0x6     0x14
2241               lh_read                7   0   0   2      0x6     0x14
2241               lh_read                7   0   0   3      0x6     0x14
2241               lh_read                7   0   1   0      0x6     0x14
2241               lh_read                7   0   1   1      0x6     0x14
2241               lh_read                7   0   1   2      0x6     0x14
2241               lh_read                7   0   1   3      0x6     0x14
2241               lh_read                7   0   2   0      0x6     0x14
2241               lh_read                7   0   2   1      0x6     0x14
2241               lh_read                7   0   2   2      0x6     0x14
2241               lh_read                7   0   2   3      0x6     0x14
2241               lh_read                7   0   3   0      0x6     0x14
2241               lh_read                7   0   3   1      0x6     0x14
2241               lh_read                7   0   3   2      0x6     0x14
2241               lh_read                7   0   3   3      0x6     0x14
2243               lh_read                7   0   0   0      0x6     0x15
2243               lh_read                7   0   0   1      0x6     0x15
2243               lh_read                7   0   0   2      0x6     0x15
2243               lh_read                7   0   0   3      0x6     0x15
2243               lh_read                7   0   1   0      0x6     0x15
2243               lh_read                7   0   1   1      0x6     0x15
2243               lh_read                7   0   1   2      0x6     0x15
2243               lh_read                7   0   1   3      0x6     0x15
2243               lh_read                7   0   2   0      0x6     0x15
2243               lh_read                7   0   2   1      0x6     0x15
2243               lh_read                7   0   2   2      0x6     0x15
2243               lh_read                7   0   2   3      0x6     0x15
2243               lh_read                7   0   3   0      0x6     0x15
2243               lh_read                7   0   3   1      0x6     0x15
2243               lh_read                7   0   3   2      0x6     0x15
2243               lh_read                7   0   3   3      0x6     0x15
2245               lh_read                7   0   0   0      0x6     0x16
2245               lh_read                7   0   0   1      0x6     0x16
2245               lh_read                7   0   0   2      0x6     0x16
2245               lh_read                7   0   0   3      0x6     0x16
2245               lh_read                7   0   1   0      0x6     0x16
2245               lh_read                7   0   1   1      0x6     0x16
2245               lh_read                7   0   1   2      0x6     0x16
2245               lh_read                7   0   1   3      0x6     0x16
2245               lh_read                7   0   2   0      0x6     0x16
2245               lh_read                7   0   2   1      0x6     0x16
2245               lh_read                7   0   2   2      0x6     0x16
2245               lh_read                7   0   2   3      0x6     0x16
2245               lh_read                7   0   3   0      0x6     0x16
2245               lh_read                7   0   3   1      0x6     0x16
2245               lh_read                7   0   3   2      0x6     0x16
2245               lh_read                7   0   3   3      0x6     0x16
2247               lh_read                7   0   0   0      0x6     0x17
2247               lh_read                7   0   0   1      0x6     0x17
2247               lh_read                7   0   0   2      0x6     0x17
2247               lh_read                7   0   0   3      0x6     0x17
2247               lh_read                7   0   1   0      0x6     0x17
2247               lh_read                7   0   1   1      0x6     0x17
2247               lh_read                7   0   1   2      0x6     0x17
2247               lh_read                7   0   1   3      0x6     0x17
2247               lh_read                7   0   2   0      0x6     0x17
2247               lh_read                7   0   2   1      0x6     0x17
2247               lh_read                7   0   2   2      0x6     0x17
2247               lh_read                7   0   2   3      0x6     0x17
2247               lh_read                7   0   3   0      0x6     0x17
2247               lh_read                7   0   3   1      0x6     0x17
2247               lh_read                7   0   3   2      0x6     0x17
2247               lh_read                7   0   3   3      0x6     0x17
2249               lh_read                7   0   0   0      0x6     0x18
2249               lh_read                7   0   0   1      0x6     0x18
2249               lh_read                7   0   0   2      0x6     0x18
2249               lh_read                7   0   0   3      0x6     0x18
2249               lh_read                7   0   1   0      0x6     0x18
2249               lh_read                7   0   1   1      0x6     0x18
2249               lh_read                7   0   1   2      0x6     0x18
2249               lh_read                7   0   1   3      0x6     0x18
2249               lh_read                7   0   2   0      0x6     0x18
2249               lh_read                7   0   2   1      0x6     0x18
2249               lh_read                7   0   2   2      0x6     0x18
2249               lh_read                7   0   2   3      0x6     0x18
2249               lh_read                7   0   3   0      0x6     0x18
2249               lh_read                7   0   3   1      0x6     0x18
2249               lh_read                7   0   3   2      0x6     0x18
2249               lh_read                7   0   3   3      0x6     0x18
2251               lh_read                7   0   0   0      0x6     0x19
2251               lh_read                7   0   0   1      0x6     0x19
2251               lh_read                7   0   0   2      0x6     0x19
2251               lh_read                7   0   0   3      0x6     0x19
2251               lh_read                7   0   1   0      0x6     0x19
2251               lh_read                7   0   1   1      0x6     0x19
2251               lh_read                7   0   1   2      0x6     0x19
2251               lh_read                7   0   1   3      0x6     0x19
2251               lh_read                7   0   2   0      0x6     0x19
2251               lh_read                7   0   2   1      0x6     0x19
2251               lh_read                7   0   2   2      0x6     0x19
2251               lh_read                7   0   2   3      0x6     0x19
2251               lh_read                7   0   3   0      0x6     0x19
2251               lh_read                7   0   3   1      0x6     0x19
2251               lh_read                7   0   3   2      0x6     0x19
2251               lh_read                7   0   3   3      0x6     0x19
2253               lh_read                7   0   0   0      0x6     0x1a
2253               lh_read                7   0   0   1      0x6     0x1a
2253               lh_read                7   0   0   2      0x6     0x1a
2253               lh_read                7   0   0   3      0x6     0x1a
2253               lh_read                7   0   1   0      0x6     0x1a
2253               lh_read                7   0   1   1      0x6     0x1a
2253               lh_read                7   0   1   2      0x6     0x1a
2253               lh_read                7   0   1   3      0x6     0x1a
2253               lh_read                7   0   2   0      0x6     0x1a
2253               lh_read                7   0   2   1      0x6     0x1a
2253               lh_read                7   0   2   2      0x6     0x1a
2253               lh_read                7   0   2   3      0x6     0x1a
2253               lh_read                7   0   3   0      0x6     0x1a
2253               lh_read                7   0   3   1      0x6     0x1a
2253               lh_read                7   0   3   2      0x6     0x1a
2253               lh_read                7   0   3   3      0x6     0x1a
2255               lh_read                7   0   0   0      0x6     0x1b
2255               lh_read                7   0   0   1      0x6     0x1b
2255               lh_read                7   0   0   2      0x6     0x1b
2255               lh_read                7   0   0   3      0x6     0x1b
2255               lh_read                7   0   1   0      0x6     0x1b
2255               lh_read                7   0   1   1      0x6     0x1b
2255               lh_read                7   0   1   2      0x6     0x1b
2255               lh_read                7   0   1   3      0x6     0x1b
2255               lh_read                7   0   2   0      0x6     0x1b
2255               lh_read                7   0   2   1      0x6     0x1b
2255               lh_read                7   0   2   2      0x6     0x1b
2255               lh_read                7   0   2   3      0x6     0x1b
2255               lh_read                7   0   3   0      0x6     0x1b
2255               lh_read                7   0   3   1      0x6     0x1b
2255               lh_read                7   0   3   2      0x6     0x1b
2255               lh_read                7   0   3   3      0x6     0x1b
2257               lh_read                7   0   0   0      0x6     0x1c
2257               lh_read                7   0   0   1      0x6     0x1c
2257               lh_read                7   0   0   2      0x6     0x1c
2257               lh_read                7   0   0   3      0x6     0x1c
2257               lh_read                7   0   1   0      0x6     0x1c
2257               lh_read                7   0   1   1      0x6     0x1c
2257               lh_read                7   0   1   2      0x6     0x1c
2257               lh_read                7   0   1   3      0x6     0x1c
2257               lh_read                7   0   2   0      0x6     0x1c
2257               lh_read                7   0   2   1      0x6     0x1c
2257               lh_read                7   0   2   2      0x6     0x1c
2257               lh_read                7   0   2   3      0x6     0x1c
2257               lh_read                7   0   3   0      0x6     0x1c
2257               lh_read                7   0   3   1      0x6     0x1c
2257               lh_read                7   0   3   2      0x6     0x1c
2257               lh_read                7   0   3   3      0x6     0x1c
2259               lh_read                7   0   0   0      0x6     0x1d
2259               lh_read                7   0   0   1      0x6     0x1d
2259               lh_read                7   0   0   2      0x6     0x1d
2259               lh_read                7   0   0   3      0x6     0x1d
2259               lh_read                7   0   1   0      0x6     0x1d
2259               lh_read                7   0   1   1      0x6     0x1d
2259               lh_read                7   0   1   2      0x6     0x1d
2259               lh_read                7   0   1   3      0x6     0x1d
2259               lh_read                7   0   2   0      0x6     0x1d
2259               lh_read                7   0   2   1      0x6     0x1d
2259               lh_read                7   0   2   2      0x6     0x1d
2259               lh_read                7   0   2   3      0x6     0x1d
2259               lh_read                7   0   3   0      0x6     0x1d
2259               lh_read                7   0   3   1      0x6     0x1d
2259               lh_read                7   0   3   2      0x6     0x1d
2259               lh_read                7   0   3   3      0x6     0x1d
2261               lh_read                7   0   0   0      0x6     0x1e
2261               lh_read                7   0   0   1      0x6     0x1e
2261               lh_read                7   0   0   2      0x6     0x1e
2261               lh_read                7   0   0   3      0x6     0x1e
2261               lh_read                7   0   1   0      0x6     0x1e
2261               lh_read                7   0   1   1      0x6     0x1e
2261               lh_read                7   0   1   2      0x6     0x1e
2261               lh_read                7   0   1   3      0x6     0x1e
2261               lh_read                7   0   2   0      0x6     0x1e
2261               lh_read                7   0   2   1      0x6     0x1e
2261               lh_read                7   0   2   2      0x6     0x1e
2261               lh_read                7   0   2   3      0x6     0x1e
2261               lh_read                7   0   3   0      0x6     0x1e
2261               lh_read                7   0   3   1      0x6     0x1e
2261               lh_read                7   0   3   2      0x6     0x1e
2261               lh_read                7   0   3   3      0x6     0x1e
2263               lh_read                7   0   0   0      0x6     0x1f
2263               lh_read                7   0   0   1      0x6     0x1f
2263               lh_read                7   0   0   2      0x6     0x1f
2263               lh_read                7   0   0   3      0x6     0x1f
2263               lh_read                7   0   1   0      0x6     0x1f
2263               lh_read                7   0   1   1      0x6     0x1f
2263               lh_read                7   0   1   2      0x6     0x1f
2263               lh_read                7   0   1   3      0x6     0x1f
2263               lh_read                7   0   2   0      0x6     0x1f
2263               lh_read                7   0   2   1      0x6     0x1f
2263               lh_read                7   0   2   2      0x6     0x1f
2263               lh_read                7   0   2   3      0x6     0x1f
2263               lh_read                7   0   3   0      0x6     0x1f
2263               lh_read                7   0   3   1      0x6     0x1f
2263               lh_read                7   0   3   2      0x6     0x1f
2263               lh_read                7   0   3   3      0x6     0x1f
2265               lh_read                7   0   0   0      0x6     0x20
2265               lh_read                7   0   0   1      0x6     0x20
2265               lh_read                7   0   0   2      0x6     0x20
2265               lh_read                7   0   0   3      0x6     0x20
2265               lh_read                7   0   1   0      0x6     0x20
2265               lh_read                7   0   1   1      0x6     0x20
2265               lh_read                7   0   1   2      0x6     0x20
2265               lh_read                7   0   1   3      0x6     0x20
2265               lh_read                7   0   2   0      0x6     0x20
2265               lh_read                7   0   2   1      0x6     0x20
2265               lh_read                7   0   2   2      0x6     0x20
2265               lh_read                7   0   2   3      0x6     0x20
2265               lh_read                7   0   3   0      0x6     0x20
2265               lh_read                7   0   3   1      0x6     0x20
2265               lh_read                7   0   3   2      0x6     0x20
2265               lh_read                7   0   3   3      0x6     0x20
2267               lh_read                7   0   0   0      0x6     0x21
2267               lh_read                7   0   0   1      0x6     0x21
2267               lh_read                7   0   0   2      0x6     0x21
2267               lh_read                7   0   0   3      0x6     0x21
2267               lh_read                7   0   1   0      0x6     0x21
2267               lh_read                7   0   1   1      0x6     0x21
2267               lh_read                7   0   1   2      0x6     0x21
2267               lh_read                7   0   1   3      0x6     0x21
2267               lh_read                7   0   2   0      0x6     0x21
2267               lh_read                7   0   2   1      0x6     0x21
2267               lh_read                7   0   2   2      0x6     0x21
2267               lh_read                7   0   2   3      0x6     0x21
2267               lh_read                7   0   3   0      0x6     0x21
2267               lh_read                7   0   3   1      0x6     0x21
2267               lh_read                7   0   3   2      0x6     0x21
2267               lh_read                7   0   3   3      0x6     0x21
2269               lh_read                7   0   0   0      0x6     0x22
2269               lh_read                7   0   0   1      0x6     0x22
2269               lh_read                7   0   0   2      0x6     0x22
2269               lh_read                7   0   0   3      0x6     0x22
2269               lh_read                7   0   1   0      0x6     0x22
2269               lh_read                7   0   1   1      0x6     0x22
2269               lh_read                7   0   1   2      0x6     0x22
2269               lh_read                7   0   1   3      0x6     0x22
2269               lh_read                7   0   2   0      0x6     0x22
2269               lh_read                7   0   2   1      0x6     0x22
2269               lh_read                7   0   2   2      0x6     0x22
2269               lh_read                7   0   2   3      0x6     0x22
2269               lh_read                7   0   3   0      0x6     0x22
2269               lh_read                7   0   3   1      0x6     0x22
2269               lh_read                7   0   3   2      0x6     0x22
2269               lh_read                7   0   3   3      0x6     0x22
2271               lh_read                7   0   0   0      0x6     0x23
2271               lh_read                7   0   0   1      0x6     0x23
2271               lh_read                7   0   0   2      0x6     0x23
2271               lh_read                7   0   0   3      0x6     0x23
2271               lh_read                7   0   1   0      0x6     0x23
2271               lh_read                7   0   1   1      0x6     0x23
2271               lh_read                7   0   1   2      0x6     0x23
2271               lh_read                7   0   1   3      0x6     0x23
2271               lh_read                7   0   2   0      0x6     0x23
2271               lh_read                7   0   2   1      0x6     0x23
2271               lh_read                7   0   2   2      0x6     0x23
2271               lh_read                7   0   2   3      0x6     0x23
2271               lh_read                7   0   3   0      0x6     0x23
2271               lh_read                7   0   3   1      0x6     0x23
2271               lh_read                7   0   3   2      0x6     0x23
2271               lh_read                7   0   3   3      0x6     0x23
2273               lh_read                7   0   0   0      0x6     0x24
2273               lh_read                7   0   0   1      0x6     0x24
2273               lh_read                7   0   0   2      0x6     0x24
2273               lh_read                7   0   0   3      0x6     0x24
2273               lh_read                7   0   1   0      0x6     0x24
2273               lh_read                7   0   1   1      0x6     0x24
2273               lh_read                7   0   1   2      0x6     0x24
2273               lh_read                7   0   1   3      0x6     0x24
2273               lh_read                7   0   2   0      0x6     0x24
2273               lh_read                7   0   2   1      0x6     0x24
2273               lh_read                7   0   2   2      0x6     0x24
2273               lh_read                7   0   2   3      0x6     0x24
2273               lh_read                7   0   3   0      0x6     0x24
2273               lh_read                7   0   3   1      0x6     0x24
2273               lh_read                7   0   3   2      0x6     0x24
2273               lh_read                7   0   3   3      0x6     0x24
2275               lh_read                7   0   0   0      0x6     0x25
2275               lh_read                7   0   0   1      0x6     0x25
2275               lh_read                7   0   0   2      0x6     0x25
2275               lh_read                7   0   0   3      0x6     0x25
2275               lh_read                7   0   1   0      0x6     0x25
2275               lh_read                7   0   1   1      0x6     0x25
2275               lh_read                7   0   1   2      0x6     0x25
2275               lh_read                7   0   1   3      0x6     0x25
2275               lh_read                7   0   2   0      0x6     0x25
2275               lh_read                7   0   2   1      0x6     0x25
2275               lh_read                7   0   2   2      0x6     0x25
2275               lh_read                7   0   2   3      0x6     0x25
2275               lh_read                7   0   3   0      0x6     0x25
2275               lh_read                7   0   3   1      0x6     0x25
2275               lh_read                7   0   3   2      0x6     0x25
2275               lh_read                7   0   3   3      0x6     0x25
2277               lh_read                7   0   0   0      0x6     0x26
2277               lh_read                7   0   0   1      0x6     0x26
2277               lh_read                7   0   0   2      0x6     0x26
2277               lh_read                7   0   0   3      0x6     0x26
2277               lh_read                7   0   1   0      0x6     0x26
2277               lh_read                7   0   1   1      0x6     0x26
2277               lh_read                7   0   1   2      0x6     0x26
2277               lh_read                7   0   1   3      0x6     0x26
2277               lh_read                7   0   2   0      0x6     0x26
2277               lh_read                7   0   2   1      0x6     0x26
2277               lh_read                7   0   2   2      0x6     0x26
2277               lh_read                7   0   2   3      0x6     0x26
2277               lh_read                7   0   3   0      0x6     0x26
2277               lh_read                7   0   3   1      0x6     0x26
2277               lh_read                7   0   3   2      0x6     0x26
2277               lh_read                7   0   3   3      0x6     0x26
2279               lh_read                7   0   0   0      0x6     0x27
2279               lh_read                7   0   0   1      0x6     0x27
2279               lh_read                7   0   0   2      0x6     0x27
2279               lh_read                7   0   0   3      0x6     0x27
2279               lh_read                7   0   1   0      0x6     0x27
2279               lh_read                7   0   1   1      0x6     0x27
2279               lh_read                7   0   1   2      0x6     0x27
2279               lh_read                7   0   1   3      0x6     0x27
2279               lh_read                7   0   2   0      0x6     0x27
2279               lh_read                7   0   2   1      0x6     0x27
2279               lh_read                7   0   2   2      0x6     0x27
2279               lh_read                7   0   2   3      0x6     0x27
2279               lh_read                7   0   3   0      0x6     0x27
2279               lh_read                7   0   3   1      0x6     0x27
2279               lh_read                7   0   3   2      0x6     0x27
2279               lh_read                7   0   3   3      0x6     0x27
2281               lh_read                7   0   0   0      0x6     0x28
2281               lh_read                7   0   0   1      0x6     0x28
2281               lh_read                7   0   0   2      0x6     0x28
2281               lh_read                7   0   0   3      0x6     0x28
2281               lh_read                7   0   1   0      0x6     0x28
2281               lh_read                7   0   1   1      0x6     0x28
2281               lh_read                7   0   1   2      0x6     0x28
2281               lh_read                7   0   1   3      0x6     0x28
2281               lh_read                7   0   2   0      0x6     0x28
2281               lh_read                7   0   2   1      0x6     0x28
2281               lh_read                7   0   2   2      0x6     0x28
2281               lh_read                7   0   2   3      0x6     0x28
2281               lh_read                7   0   3   0      0x6     0x28
2281               lh_read                7   0   3   1      0x6     0x28
2281               lh_read                7   0   3   2      0x6     0x28
2281               lh_read                7   0   3   3      0x6     0x28
2283               lh_read                7   0   0   0      0x6     0x29
2283               lh_read                7   0   0   1      0x6     0x29
2283               lh_read                7   0   0   2      0x6     0x29
2283               lh_read                7   0   0   3      0x6     0x29
2283               lh_read                7   0   1   0      0x6     0x29
2283               lh_read                7   0   1   1      0x6     0x29
2283               lh_read                7   0   1   2      0x6     0x29
2283               lh_read                7   0   1   3      0x6     0x29
2283               lh_read                7   0   2   0      0x6     0x29
2283               lh_read                7   0   2   1      0x6     0x29
2283               lh_read                7   0   2   2      0x6     0x29
2283               lh_read                7   0   2   3      0x6     0x29
2283               lh_read                7   0   3   0      0x6     0x29
2283               lh_read                7   0   3   1      0x6     0x29
2283               lh_read                7   0   3   2      0x6     0x29
2283               lh_read                7   0   3   3      0x6     0x29
2285               lh_read                7   0   0   0      0x6     0x2a
2285               lh_read                7   0   0   1      0x6     0x2a
2285               lh_read                7   0   0   2      0x6     0x2a
2285               lh_read                7   0   0   3      0x6     0x2a
2285               lh_read                7   0   1   0      0x6     0x2a
2285               lh_read                7   0   1   1      0x6     0x2a
2285               lh_read                7   0   1   2      0x6     0x2a
2285               lh_read                7   0   1   3      0x6     0x2a
2285               lh_read                7   0   2   0      0x6     0x2a
2285               lh_read                7   0   2   1      0x6     0x2a
2285               lh_read                7   0   2   2      0x6     0x2a
2285               lh_read                7   0   2   3      0x6     0x2a
2285               lh_read                7   0   3   0      0x6     0x2a
2285               lh_read                7   0   3   1      0x6     0x2a
2285               lh_read                7   0   3   2      0x6     0x2a
2285               lh_read                7   0   3   3      0x6     0x2a
2287               lh_read                7   0   0   0      0x6     0x2b
2287               lh_read                7   0   0   1      0x6     0x2b
2287               lh_read                7   0   0   2      0x6     0x2b
2287               lh_read                7   0   0   3      0x6     0x2b
2287               lh_read                7   0   1   0      0x6     0x2b
2287               lh_read                7   0   1   1      0x6     0x2b
2287               lh_read                7   0   1   2      0x6     0x2b
2287               lh_read                7   0   1   3      0x6     0x2b
2287               lh_read                7   0   2   0      0x6     0x2b
2287               lh_read                7   0   2   1      0x6     0x2b
2287               lh_read                7   0   2   2      0x6     0x2b
2287               lh_read                7   0   2   3      0x6     0x2b
2287               lh_read                7   0   3   0      0x6     0x2b
2287               lh_read                7   0   3   1      0x6     0x2b
2287               lh_read                7   0   3   2      0x6     0x2b
2287               lh_read                7   0   3   3      0x6     0x2b
2289               lh_read                7   0   0   0      0x6     0x2c
2289               lh_read                7   0   0   1      0x6     0x2c
2289               lh_read                7   0   0   2      0x6     0x2c
2289               lh_read                7   0   0   3      0x6     0x2c
2289               lh_read                7   0   1   0      0x6     0x2c
2289               lh_read                7   0   1   1      0x6     0x2c
2289               lh_read                7   0   1   2      0x6     0x2c
2289               lh_read                7   0   1   3      0x6     0x2c
2289               lh_read                7   0   2   0      0x6     0x2c
2289               lh_read                7   0   2   1      0x6     0x2c
2289               lh_read                7   0   2   2      0x6     0x2c
2289               lh_read                7   0   2   3      0x6     0x2c
2289               lh_read                7   0   3   0      0x6     0x2c
2289               lh_read                7   0   3   1      0x6     0x2c
2289               lh_read                7   0   3   2      0x6     0x2c
2289               lh_read                7   0   3   3      0x6     0x2c
2291               lh_read                7   0   0   0      0x6     0x2d
2291               lh_read                7   0   0   1      0x6     0x2d
2291               lh_read                7   0   0   2      0x6     0x2d
2291               lh_read                7   0   0   3      0x6     0x2d
2291               lh_read                7   0   1   0      0x6     0x2d
2291               lh_read                7   0   1   1      0x6     0x2d
2291               lh_read                7   0   1   2      0x6     0x2d
2291               lh_read                7   0   1   3      0x6     0x2d
2291               lh_read                7   0   2   0      0x6     0x2d
2291               lh_read                7   0   2   1      0x6     0x2d
2291               lh_read                7   0   2   2      0x6     0x2d
2291               lh_read                7   0   2   3      0x6     0x2d
2291               lh_read                7   0   3   0      0x6     0x2d
2291               lh_read                7   0   3   1      0x6     0x2d
2291               lh_read                7   0   3   2      0x6     0x2d
2291               lh_read                7   0   3   3      0x6     0x2d
2293               lh_read                7   0   0   0      0x6     0x2e
2293               lh_read                7   0   0   1      0x6     0x2e
2293               lh_read                7   0   0   2      0x6     0x2e
2293               lh_read                7   0   0   3      0x6     0x2e
2293               lh_read                7   0   1   0      0x6     0x2e
2293               lh_read                7   0   1   1      0x6     0x2e
2293               lh_read                7   0   1   2      0x6     0x2e
2293               lh_read                7   0   1   3      0x6     0x2e
2293               lh_read                7   0   2   0      0x6     0x2e
2293               lh_read                7   0   2   1      0x6     0x2e
2293               lh_read                7   0   2   2      0x6     0x2e
2293               lh_read                7   0   2   3      0x6     0x2e
2293               lh_read                7   0   3   0      0x6     0x2e
2293               lh_read                7   0   3   1      0x6     0x2e
2293               lh_read                7   0   3   2      0x6     0x2e
2293               lh_read                7   0   3   3      0x6     0x2e
2295               lh_read                7   0   0   0      0x6     0x2f
2295               lh_read                7   0   0   1      0x6     0x2f
2295               lh_read                7   0   0   2      0x6     0x2f
2295               lh_read                7   0   0   3      0x6     0x2f
2295               lh_read                7   0   1   0      0x6     0x2f
2295               lh_read                7   0   1   1      0x6     0x2f
2295               lh_read                7   0   1   2      0x6     0x2f
2295               lh_read                7   0   1   3      0x6     0x2f
2295               lh_read                7   0   2   0      0x6     0x2f
2295               lh_read                7   0   2   1      0x6     0x2f
2295               lh_read                7   0   2   2      0x6     0x2f
2295               lh_read                7   0   2   3      0x6     0x2f
2295               lh_read                7   0   3   0      0x6     0x2f
2295               lh_read                7   0   3   1      0x6     0x2f
2295               lh_read                7   0   3   2      0x6     0x2f
2295               lh_read                7   0   3   3      0x6     0x2f
2297               lh_read                7   0   0   0      0x6     0x30
2297               lh_read                7   0   0   1      0x6     0x30
2297               lh_read                7   0   0   2      0x6     0x30
2297               lh_read                7   0   0   3      0x6     0x30
2297               lh_read                7   0   1   0      0x6     0x30
2297               lh_read                7   0   1   1      0x6     0x30
2297               lh_read                7   0   1   2      0x6     0x30
2297               lh_read                7   0   1   3      0x6     0x30
2297               lh_read                7   0   2   0      0x6     0x30
2297               lh_read                7   0   2   1      0x6     0x30
2297               lh_read                7   0   2   2      0x6     0x30
2297               lh_read                7   0   2   3      0x6     0x30
2297               lh_read                7   0   3   0      0x6     0x30
2297               lh_read                7   0   3   1      0x6     0x30
2297               lh_read                7   0   3   2      0x6     0x30
2297               lh_read                7   0   3   3      0x6     0x30
2299               lh_read                7   0   0   0      0x6     0x31
2299               lh_read                7   0   0   1      0x6     0x31
2299               lh_read                7   0   0   2      0x6     0x31
2299               lh_read                7   0   0   3      0x6     0x31
2299               lh_read                7   0   1   0      0x6     0x31
2299               lh_read                7   0   1   1      0x6     0x31
2299               lh_read                7   0   1   2      0x6     0x31
2299               lh_read                7   0   1   3      0x6     0x31
2299               lh_read                7   0   2   0      0x6     0x31
2299               lh_read                7   0   2   1      0x6     0x31
2299               lh_read                7   0   2   2      0x6     0x31
2299               lh_read                7   0   2   3      0x6     0x31
2299               lh_read                7   0   3   0      0x6     0x31
2299               lh_read                7   0   3   1      0x6     0x31
2299               lh_read                7   0   3   2      0x6     0x31
2299               lh_read                7   0   3   3      0x6     0x31
2301               lh_read                7   0   0   0      0x6     0x32
2301               lh_read                7   0   0   1      0x6     0x32
2301               lh_read                7   0   0   2      0x6     0x32
2301               lh_read                7   0   0   3      0x6     0x32
2301               lh_read                7   0   1   0      0x6     0x32
2301               lh_read                7   0   1   1      0x6     0x32
2301               lh_read                7   0   1   2      0x6     0x32
2301               lh_read                7   0   1   3      0x6     0x32
2301               lh_read                7   0   2   0      0x6     0x32
2301               lh_read                7   0   2   1      0x6     0x32
2301               lh_read                7   0   2   2      0x6     0x32
2301               lh_read                7   0   2   3      0x6     0x32
2301               lh_read                7   0   3   0      0x6     0x32
2301               lh_read                7   0   3   1      0x6     0x32
2301               lh_read                7   0   3   2      0x6     0x32
2301               lh_read                7   0   3   3      0x6     0x32
2303               lh_read                7   0   0   0      0x6     0x33
2303               lh_read                7   0   0   1      0x6     0x33
2303               lh_read                7   0   0   2      0x6     0x33
2303               lh_read                7   0   0   3      0x6     0x33
2303               lh_read                7   0   1   0      0x6     0x33
2303               lh_read                7   0   1   1      0x6     0x33
2303               lh_read                7   0   1   2      0x6     0x33
2303               lh_read                7   0   1   3      0x6     0x33
2303               lh_read                7   0   2   0      0x6     0x33
2303               lh_read                7   0   2   1      0x6     0x33
2303               lh_read                7   0   2   2      0x6     0x33
2303               lh_read                7   0   2   3      0x6     0x33
2303               lh_read                7   0   3   0      0x6     0x33
2303               lh_read                7   0   3   1      0x6     0x33
2303               lh_read                7   0   3   2      0x6     0x33
2303               lh_read                7   0   3   3      0x6     0x33
2305               lh_read                7   0   0   0      0x6     0x34
2305               lh_read                7   0   0   1      0x6     0x34
2305               lh_read                7   0   0   2      0x6     0x34
2305               lh_read                7   0   0   3      0x6     0x34
2305               lh_read                7   0   1   0      0x6     0x34
2305               lh_read                7   0   1   1      0x6     0x34
2305               lh_read                7   0   1   2      0x6     0x34
2305               lh_read                7   0   1   3      0x6     0x34
2305               lh_read                7   0   2   0      0x6     0x34
2305               lh_read                7   0   2   1      0x6     0x34
2305               lh_read                7   0   2   2      0x6     0x34
2305               lh_read                7   0   2   3      0x6     0x34
2305               lh_read                7   0   3   0      0x6     0x34
2305               lh_read                7   0   3   1      0x6     0x34
2305               lh_read                7   0   3   2      0x6     0x34
2305               lh_read                7   0   3   3      0x6     0x34
2307               lh_read                7   0   0   0      0x6     0x35
2307               lh_read                7   0   0   1      0x6     0x35
2307               lh_read                7   0   0   2      0x6     0x35
2307               lh_read                7   0   0   3      0x6     0x35
2307               lh_read                7   0   1   0      0x6     0x35
2307               lh_read                7   0   1   1      0x6     0x35
2307               lh_read                7   0   1   2      0x6     0x35
2307               lh_read                7   0   1   3      0x6     0x35
2307               lh_read                7   0   2   0      0x6     0x35
2307               lh_read                7   0   2   1      0x6     0x35
2307               lh_read                7   0   2   2      0x6     0x35
2307               lh_read                7   0   2   3      0x6     0x35
2307               lh_read                7   0   3   0      0x6     0x35
2307               lh_read                7   0   3   1      0x6     0x35
2307               lh_read                7   0   3   2      0x6     0x35
2307               lh_read                7   0   3   3      0x6     0x35
2309               lh_read                7   0   0   0      0x6     0x36
2309               lh_read                7   0   0   1      0x6     0x36
2309               lh_read                7   0   0   2      0x6     0x36
2309               lh_read                7   0   0   3      0x6     0x36
2309               lh_read                7   0   1   0      0x6     0x36
2309               lh_read                7   0   1   1      0x6     0x36
2309               lh_read                7   0   1   2      0x6     0x36
2309               lh_read                7   0   1   3      0x6     0x36
2309               lh_read                7   0   2   0      0x6     0x36
2309               lh_read                7   0   2   1      0x6     0x36
2309               lh_read                7   0   2   2      0x6     0x36
2309               lh_read                7   0   2   3      0x6     0x36
2309               lh_read                7   0   3   0      0x6     0x36
2309               lh_read                7   0   3   1      0x6     0x36
2309               lh_read                7   0   3   2      0x6     0x36
2309               lh_read                7   0   3   3      0x6     0x36
2311               lh_read                7   0   0   0      0x6     0x37
2311               lh_read                7   0   0   1      0x6     0x37
2311               lh_read                7   0   0   2      0x6     0x37
2311               lh_read                7   0   0   3      0x6     0x37
2311               lh_read                7   0   1   0      0x6     0x37
2311               lh_read                7   0   1   1      0x6     0x37
2311               lh_read                7   0   1   2      0x6     0x37
2311               lh_read                7   0   1   3      0x6     0x37
2311               lh_read                7   0   2   0      0x6     0x37
2311               lh_read                7   0   2   1      0x6     0x37
2311               lh_read                7   0   2   2      0x6     0x37
2311               lh_read                7   0   2   3      0x6     0x37
2311               lh_read                7   0   3   0      0x6     0x37
2311               lh_read                7   0   3   1      0x6     0x37
2311               lh_read                7   0   3   2      0x6     0x37
2311               lh_read                7   0   3   3      0x6     0x37
2313               lh_read                7   0   0   0      0x6     0x38
2313               lh_read                7   0   0   1      0x6     0x38
2313               lh_read                7   0   0   2      0x6     0x38
2313               lh_read                7   0   0   3      0x6     0x38
2313               lh_read                7   0   1   0      0x6     0x38
2313               lh_read                7   0   1   1      0x6     0x38
2313               lh_read                7   0   1   2      0x6     0x38
2313               lh_read                7   0   1   3      0x6     0x38
2313               lh_read                7   0   2   0      0x6     0x38
2313               lh_read                7   0   2   1      0x6     0x38
2313               lh_read                7   0   2   2      0x6     0x38
2313               lh_read                7   0   2   3      0x6     0x38
2313               lh_read                7   0   3   0      0x6     0x38
2313               lh_read                7   0   3   1      0x6     0x38
2313               lh_read                7   0   3   2      0x6     0x38
2313               lh_read                7   0   3   3      0x6     0x38
2315               lh_read                7   0   0   0      0x6     0x39
2315               lh_read                7   0   0   1      0x6     0x39
2315               lh_read                7   0   0   2      0x6     0x39
2315               lh_read                7   0   0   3      0x6     0x39
2315               lh_read                7   0   1   0      0x6     0x39
2315               lh_read                7   0   1   1      0x6     0x39
2315               lh_read                7   0   1   2      0x6     0x39
2315               lh_read                7   0   1   3      0x6     0x39
2315               lh_read                7   0   2   0      0x6     0x39
2315               lh_read                7   0   2   1      0x6     0x39
2315               lh_read                7   0   2   2      0x6     0x39
2315               lh_read                7   0   2   3      0x6     0x39
2315               lh_read                7   0   3   0      0x6     0x39
2315               lh_read                7   0   3   1      0x6     0x39
2315               lh_read                7   0   3   2      0x6     0x39
2315               lh_read                7   0   3   3      0x6     0x39
2317               lh_read                7   0   0   0      0x6     0x3a
2317               lh_read                7   0   0   1      0x6     0x3a
2317               lh_read                7   0   0   2      0x6     0x3a
2317               lh_read                7   0   0   3      0x6     0x3a
2317               lh_read                7   0   1   0      0x6     0x3a
2317               lh_read                7   0   1   1      0x6     0x3a
2317               lh_read                7   0   1   2      0x6     0x3a
2317               lh_read                7   0   1   3      0x6     0x3a
2317               lh_read                7   0   2   0      0x6     0x3a
2317               lh_read                7   0   2   1      0x6     0x3a
2317               lh_read                7   0   2   2      0x6     0x3a
2317               lh_read                7   0   2   3      0x6     0x3a
2317               lh_read                7   0   3   0      0x6     0x3a
2317               lh_read                7   0   3   1      0x6     0x3a
2317               lh_read                7   0   3   2      0x6     0x3a
2317               lh_read                7   0   3   3      0x6     0x3a
2319               lh_read                7   0   0   0      0x6     0x3b
2319               lh_read                7   0   0   1      0x6     0x3b
2319               lh_read                7   0   0   2      0x6     0x3b
2319               lh_read                7   0   0   3      0x6     0x3b
2319               lh_read                7   0   1   0      0x6     0x3b
2319               lh_read                7   0   1   1      0x6     0x3b
2319               lh_read                7   0   1   2      0x6     0x3b
2319               lh_read                7   0   1   3      0x6     0x3b
2319               lh_read                7   0   2   0      0x6     0x3b
2319               lh_read                7   0   2   1      0x6     0x3b
2319               lh_read                7   0   2   2      0x6     0x3b
2319               lh_read                7   0   2   3      0x6     0x3b
2319               lh_read                7   0   3   0      0x6     0x3b
2319               lh_read                7   0   3   1      0x6     0x3b
2319               lh_read                7   0   3   2      0x6     0x3b
2319               lh_read                7   0   3   3      0x6     0x3b
2321               lh_read                7   0   0   0      0x6     0x3c
2321               lh_read                7   0   0   1      0x6     0x3c
2321               lh_read                7   0   0   2      0x6     0x3c
2321               lh_read                7   0   0   3      0x6     0x3c
2321               lh_read                7   0   1   0      0x6     0x3c
2321               lh_read                7   0   1   1      0x6     0x3c
2321               lh_read                7   0   1   2      0x6     0x3c
2321               lh_read                7   0   1   3      0x6     0x3c
2321               lh_read                7   0   2   0      0x6     0x3c
2321               lh_read                7   0   2   1      0x6     0x3c
2321               lh_read                7   0   2   2      0x6     0x3c
2321               lh_read                7   0   2   3      0x6     0x3c
2321               lh_read                7   0   3   0      0x6     0x3c
2321               lh_read                7   0   3   1      0x6     0x3c
2321               lh_read                7   0   3   2      0x6     0x3c
2321               lh_read                7   0   3   3      0x6     0x3c
2323               lh_read                7   0   0   0      0x6     0x3d
2323               lh_read                7   0   0   1      0x6     0x3d
2323               lh_read                7   0   0   2      0x6     0x3d
2323               lh_read                7   0   0   3      0x6     0x3d
2323               lh_read                7   0   1   0      0x6     0x3d
2323               lh_read                7   0   1   1      0x6     0x3d
2323               lh_read                7   0   1   2      0x6     0x3d
2323               lh_read                7   0   1   3      0x6     0x3d
2323               lh_read                7   0   2   0      0x6     0x3d
2323               lh_read                7   0   2   1      0x6     0x3d
2323               lh_read                7   0   2   2      0x6     0x3d
2323               lh_read                7   0   2   3      0x6     0x3d
2323               lh_read                7   0   3   0      0x6     0x3d
2323               lh_read                7   0   3   1      0x6     0x3d
2323               lh_read                7   0   3   2      0x6     0x3d
2323               lh_read                7   0   3   3      0x6     0x3d
2325               lh_read                7   0   0   0      0x6     0x3e
2325               lh_read                7   0   0   1      0x6     0x3e
2325               lh_read                7   0   0   2      0x6     0x3e
2325               lh_read                7   0   0   3      0x6     0x3e
2325               lh_read                7   0   1   0      0x6     0x3e
2325               lh_read                7   0   1   1      0x6     0x3e
2325               lh_read                7   0   1   2      0x6     0x3e
2325               lh_read                7   0   1   3      0x6     0x3e
2325               lh_read                7   0   2   0      0x6     0x3e
2325               lh_read                7   0   2   1      0x6     0x3e
2325               lh_read                7   0   2   2      0x6     0x3e
2325               lh_read                7   0   2   3      0x6     0x3e
2325               lh_read                7   0   3   0      0x6     0x3e
2325               lh_read                7   0   3   1      0x6     0x3e
2325               lh_read                7   0   3   2      0x6     0x3e
2325               lh_read                7   0   3   3      0x6     0x3e
2327               lh_read_p              7   0   0   0      0x6     0x3f
2327               lh_read_p              7   0   0   1      0x6     0x3f
2327               lh_read_p              7   0   0   2      0x6     0x3f
2327               lh_read_p              7   0   0   3      0x6     0x3f
2327               lh_read_p              7   0   1   0      0x6     0x3f
2327               lh_read_p              7   0   1   1      0x6     0x3f
2327               lh_read_p              7   0   1   2      0x6     0x3f
2327               lh_read_p              7   0   1   3      0x6     0x3f
2327               lh_read_p              7   0   2   0      0x6     0x3f
2327               lh_read_p              7   0   2   1      0x6     0x3f
2327               lh_read_p              7   0   2   2      0x6     0x3f
2327               lh_read_p              7   0   2   3      0x6     0x3f
2327               lh_read_p              7   0   3   0      0x6     0x3f
2327               lh_read_p              7   0   3   1      0x6     0x3f
2327               lh_read_p              7   0   3   2      0x6     0x3f
2327               lh_read_p              7   0   3   3      0x6     0x3f
2346               pim_activate           7   0   0   0      0x7      0x0
2346               pim_activate           7   0   0   1      0x7      0x0
2346               pim_activate           7   0   0   2      0x7      0x0
2346               pim_activate           7   0   0   3      0x7      0x0
2376               pim_activate           7   0   1   0      0x7      0x0
2376               pim_activate           7   0   1   1      0x7      0x0
2376               pim_activate           7   0   1   2      0x7      0x0
2376               pim_activate           7   0   1   3      0x7      0x0
2406               pim_activate           7   0   2   0      0x7      0x0
2406               pim_activate           7   0   2   1      0x7      0x0
2406               pim_activate           7   0   2   2      0x7      0x0
2406               pim_activate           7   0   2   3      0x7      0x0
2436               pim_activate           7   0   3   0      0x7      0x0
2436               pim_activate           7   0   3   1      0x7      0x0
2436               pim_activate           7   0   3   2      0x7      0x0
2436               pim_activate           7   0   3   3      0x7      0x0
2450               lh_read                7   0   0   0      0x7      0x0
2450               lh_read                7   0   0   1      0x7      0x0
2450               lh_read                7   0   0   2      0x7      0x0
2450               lh_read                7   0   0   3      0x7      0x0
2450               lh_read                7   0   1   0      0x7      0x0
2450               lh_read                7   0   1   1      0x7      0x0
2450               lh_read                7   0   1   2      0x7      0x0
2450               lh_read                7   0   1   3      0x7      0x0
2450               lh_read                7   0   2   0      0x7      0x0
2450               lh_read                7   0   2   1      0x7      0x0
2450               lh_read                7   0   2   2      0x7      0x0
2450               lh_read                7   0   2   3      0x7      0x0
2450               lh_read                7   0   3   0      0x7      0x0
2450               lh_read                7   0   3   1      0x7      0x0
2450               lh_read                7   0   3   2      0x7      0x0
2450               lh_read                7   0   3   3      0x7      0x0
2452               lh_read                7   0   0   0      0x7      0x1
2452               lh_read                7   0   0   1      0x7      0x1
2452               lh_read                7   0   0   2      0x7      0x1
2452               lh_read                7   0   0   3      0x7      0x1
2452               lh_read                7   0   1   0      0x7      0x1
2452               lh_read                7   0   1   1      0x7      0x1
2452               lh_read                7   0   1   2      0x7      0x1
2452               lh_read                7   0   1   3      0x7      0x1
2452               lh_read                7   0   2   0      0x7      0x1
2452               lh_read                7   0   2   1      0x7      0x1
2452               lh_read                7   0   2   2      0x7      0x1
2452               lh_read                7   0   2   3      0x7      0x1
2452               lh_read                7   0   3   0      0x7      0x1
2452               lh_read                7   0   3   1      0x7      0x1
2452               lh_read                7   0   3   2      0x7      0x1
2452               lh_read                7   0   3   3      0x7      0x1
2454               lh_read                7   0   0   0      0x7      0x2
2454               lh_read                7   0   0   1      0x7      0x2
2454               lh_read                7   0   0   2      0x7      0x2
2454               lh_read                7   0   0   3      0x7      0x2
2454               lh_read                7   0   1   0      0x7      0x2
2454               lh_read                7   0   1   1      0x7      0x2
2454               lh_read                7   0   1   2      0x7      0x2
2454               lh_read                7   0   1   3      0x7      0x2
2454               lh_read                7   0   2   0      0x7      0x2
2454               lh_read                7   0   2   1      0x7      0x2
2454               lh_read                7   0   2   2      0x7      0x2
2454               lh_read                7   0   2   3      0x7      0x2
2454               lh_read                7   0   3   0      0x7      0x2
2454               lh_read                7   0   3   1      0x7      0x2
2454               lh_read                7   0   3   2      0x7      0x2
2454               lh_read                7   0   3   3      0x7      0x2
2456               lh_read                7   0   0   0      0x7      0x3
2456               lh_read                7   0   0   1      0x7      0x3
2456               lh_read                7   0   0   2      0x7      0x3
2456               lh_read                7   0   0   3      0x7      0x3
2456               lh_read                7   0   1   0      0x7      0x3
2456               lh_read                7   0   1   1      0x7      0x3
2456               lh_read                7   0   1   2      0x7      0x3
2456               lh_read                7   0   1   3      0x7      0x3
2456               lh_read                7   0   2   0      0x7      0x3
2456               lh_read                7   0   2   1      0x7      0x3
2456               lh_read                7   0   2   2      0x7      0x3
2456               lh_read                7   0   2   3      0x7      0x3
2456               lh_read                7   0   3   0      0x7      0x3
2456               lh_read                7   0   3   1      0x7      0x3
2456               lh_read                7   0   3   2      0x7      0x3
2456               lh_read                7   0   3   3      0x7      0x3
2458               lh_read                7   0   0   0      0x7      0x4
2458               lh_read                7   0   0   1      0x7      0x4
2458               lh_read                7   0   0   2      0x7      0x4
2458               lh_read                7   0   0   3      0x7      0x4
2458               lh_read                7   0   1   0      0x7      0x4
2458               lh_read                7   0   1   1      0x7      0x4
2458               lh_read                7   0   1   2      0x7      0x4
2458               lh_read                7   0   1   3      0x7      0x4
2458               lh_read                7   0   2   0      0x7      0x4
2458               lh_read                7   0   2   1      0x7      0x4
2458               lh_read                7   0   2   2      0x7      0x4
2458               lh_read                7   0   2   3      0x7      0x4
2458               lh_read                7   0   3   0      0x7      0x4
2458               lh_read                7   0   3   1      0x7      0x4
2458               lh_read                7   0   3   2      0x7      0x4
2458               lh_read                7   0   3   3      0x7      0x4
2460               lh_read                7   0   0   0      0x7      0x5
2460               lh_read                7   0   0   1      0x7      0x5
2460               lh_read                7   0   0   2      0x7      0x5
2460               lh_read                7   0   0   3      0x7      0x5
2460               lh_read                7   0   1   0      0x7      0x5
2460               lh_read                7   0   1   1      0x7      0x5
2460               lh_read                7   0   1   2      0x7      0x5
2460               lh_read                7   0   1   3      0x7      0x5
2460               lh_read                7   0   2   0      0x7      0x5
2460               lh_read                7   0   2   1      0x7      0x5
2460               lh_read                7   0   2   2      0x7      0x5
2460               lh_read                7   0   2   3      0x7      0x5
2460               lh_read                7   0   3   0      0x7      0x5
2460               lh_read                7   0   3   1      0x7      0x5
2460               lh_read                7   0   3   2      0x7      0x5
2460               lh_read                7   0   3   3      0x7      0x5
2462               lh_read                7   0   0   0      0x7      0x6
2462               lh_read                7   0   0   1      0x7      0x6
2462               lh_read                7   0   0   2      0x7      0x6
2462               lh_read                7   0   0   3      0x7      0x6
2462               lh_read                7   0   1   0      0x7      0x6
2462               lh_read                7   0   1   1      0x7      0x6
2462               lh_read                7   0   1   2      0x7      0x6
2462               lh_read                7   0   1   3      0x7      0x6
2462               lh_read                7   0   2   0      0x7      0x6
2462               lh_read                7   0   2   1      0x7      0x6
2462               lh_read                7   0   2   2      0x7      0x6
2462               lh_read                7   0   2   3      0x7      0x6
2462               lh_read                7   0   3   0      0x7      0x6
2462               lh_read                7   0   3   1      0x7      0x6
2462               lh_read                7   0   3   2      0x7      0x6
2462               lh_read                7   0   3   3      0x7      0x6
2464               lh_read                7   0   0   0      0x7      0x7
2464               lh_read                7   0   0   1      0x7      0x7
2464               lh_read                7   0   0   2      0x7      0x7
2464               lh_read                7   0   0   3      0x7      0x7
2464               lh_read                7   0   1   0      0x7      0x7
2464               lh_read                7   0   1   1      0x7      0x7
2464               lh_read                7   0   1   2      0x7      0x7
2464               lh_read                7   0   1   3      0x7      0x7
2464               lh_read                7   0   2   0      0x7      0x7
2464               lh_read                7   0   2   1      0x7      0x7
2464               lh_read                7   0   2   2      0x7      0x7
2464               lh_read                7   0   2   3      0x7      0x7
2464               lh_read                7   0   3   0      0x7      0x7
2464               lh_read                7   0   3   1      0x7      0x7
2464               lh_read                7   0   3   2      0x7      0x7
2464               lh_read                7   0   3   3      0x7      0x7
2466               lh_read                7   0   0   0      0x7      0x8
2466               lh_read                7   0   0   1      0x7      0x8
2466               lh_read                7   0   0   2      0x7      0x8
2466               lh_read                7   0   0   3      0x7      0x8
2466               lh_read                7   0   1   0      0x7      0x8
2466               lh_read                7   0   1   1      0x7      0x8
2466               lh_read                7   0   1   2      0x7      0x8
2466               lh_read                7   0   1   3      0x7      0x8
2466               lh_read                7   0   2   0      0x7      0x8
2466               lh_read                7   0   2   1      0x7      0x8
2466               lh_read                7   0   2   2      0x7      0x8
2466               lh_read                7   0   2   3      0x7      0x8
2466               lh_read                7   0   3   0      0x7      0x8
2466               lh_read                7   0   3   1      0x7      0x8
2466               lh_read                7   0   3   2      0x7      0x8
2466               lh_read                7   0   3   3      0x7      0x8
2468               lh_read                7   0   0   0      0x7      0x9
2468               lh_read                7   0   0   1      0x7      0x9
2468               lh_read                7   0   0   2      0x7      0x9
2468               lh_read                7   0   0   3      0x7      0x9
2468               lh_read                7   0   1   0      0x7      0x9
2468               lh_read                7   0   1   1      0x7      0x9
2468               lh_read                7   0   1   2      0x7      0x9
2468               lh_read                7   0   1   3      0x7      0x9
2468               lh_read                7   0   2   0      0x7      0x9
2468               lh_read                7   0   2   1      0x7      0x9
2468               lh_read                7   0   2   2      0x7      0x9
2468               lh_read                7   0   2   3      0x7      0x9
2468               lh_read                7   0   3   0      0x7      0x9
2468               lh_read                7   0   3   1      0x7      0x9
2468               lh_read                7   0   3   2      0x7      0x9
2468               lh_read                7   0   3   3      0x7      0x9
2470               lh_read                7   0   0   0      0x7      0xa
2470               lh_read                7   0   0   1      0x7      0xa
2470               lh_read                7   0   0   2      0x7      0xa
2470               lh_read                7   0   0   3      0x7      0xa
2470               lh_read                7   0   1   0      0x7      0xa
2470               lh_read                7   0   1   1      0x7      0xa
2470               lh_read                7   0   1   2      0x7      0xa
2470               lh_read                7   0   1   3      0x7      0xa
2470               lh_read                7   0   2   0      0x7      0xa
2470               lh_read                7   0   2   1      0x7      0xa
2470               lh_read                7   0   2   2      0x7      0xa
2470               lh_read                7   0   2   3      0x7      0xa
2470               lh_read                7   0   3   0      0x7      0xa
2470               lh_read                7   0   3   1      0x7      0xa
2470               lh_read                7   0   3   2      0x7      0xa
2470               lh_read                7   0   3   3      0x7      0xa
2472               lh_read                7   0   0   0      0x7      0xb
2472               lh_read                7   0   0   1      0x7      0xb
2472               lh_read                7   0   0   2      0x7      0xb
2472               lh_read                7   0   0   3      0x7      0xb
2472               lh_read                7   0   1   0      0x7      0xb
2472               lh_read                7   0   1   1      0x7      0xb
2472               lh_read                7   0   1   2      0x7      0xb
2472               lh_read                7   0   1   3      0x7      0xb
2472               lh_read                7   0   2   0      0x7      0xb
2472               lh_read                7   0   2   1      0x7      0xb
2472               lh_read                7   0   2   2      0x7      0xb
2472               lh_read                7   0   2   3      0x7      0xb
2472               lh_read                7   0   3   0      0x7      0xb
2472               lh_read                7   0   3   1      0x7      0xb
2472               lh_read                7   0   3   2      0x7      0xb
2472               lh_read                7   0   3   3      0x7      0xb
2474               lh_read                7   0   0   0      0x7      0xc
2474               lh_read                7   0   0   1      0x7      0xc
2474               lh_read                7   0   0   2      0x7      0xc
2474               lh_read                7   0   0   3      0x7      0xc
2474               lh_read                7   0   1   0      0x7      0xc
2474               lh_read                7   0   1   1      0x7      0xc
2474               lh_read                7   0   1   2      0x7      0xc
2474               lh_read                7   0   1   3      0x7      0xc
2474               lh_read                7   0   2   0      0x7      0xc
2474               lh_read                7   0   2   1      0x7      0xc
2474               lh_read                7   0   2   2      0x7      0xc
2474               lh_read                7   0   2   3      0x7      0xc
2474               lh_read                7   0   3   0      0x7      0xc
2474               lh_read                7   0   3   1      0x7      0xc
2474               lh_read                7   0   3   2      0x7      0xc
2474               lh_read                7   0   3   3      0x7      0xc
2476               lh_read                7   0   0   0      0x7      0xd
2476               lh_read                7   0   0   1      0x7      0xd
2476               lh_read                7   0   0   2      0x7      0xd
2476               lh_read                7   0   0   3      0x7      0xd
2476               lh_read                7   0   1   0      0x7      0xd
2476               lh_read                7   0   1   1      0x7      0xd
2476               lh_read                7   0   1   2      0x7      0xd
2476               lh_read                7   0   1   3      0x7      0xd
2476               lh_read                7   0   2   0      0x7      0xd
2476               lh_read                7   0   2   1      0x7      0xd
2476               lh_read                7   0   2   2      0x7      0xd
2476               lh_read                7   0   2   3      0x7      0xd
2476               lh_read                7   0   3   0      0x7      0xd
2476               lh_read                7   0   3   1      0x7      0xd
2476               lh_read                7   0   3   2      0x7      0xd
2476               lh_read                7   0   3   3      0x7      0xd
2478               lh_read                7   0   0   0      0x7      0xe
2478               lh_read                7   0   0   1      0x7      0xe
2478               lh_read                7   0   0   2      0x7      0xe
2478               lh_read                7   0   0   3      0x7      0xe
2478               lh_read                7   0   1   0      0x7      0xe
2478               lh_read                7   0   1   1      0x7      0xe
2478               lh_read                7   0   1   2      0x7      0xe
2478               lh_read                7   0   1   3      0x7      0xe
2478               lh_read                7   0   2   0      0x7      0xe
2478               lh_read                7   0   2   1      0x7      0xe
2478               lh_read                7   0   2   2      0x7      0xe
2478               lh_read                7   0   2   3      0x7      0xe
2478               lh_read                7   0   3   0      0x7      0xe
2478               lh_read                7   0   3   1      0x7      0xe
2478               lh_read                7   0   3   2      0x7      0xe
2478               lh_read                7   0   3   3      0x7      0xe
2480               lh_read                7   0   0   0      0x7      0xf
2480               lh_read                7   0   0   1      0x7      0xf
2480               lh_read                7   0   0   2      0x7      0xf
2480               lh_read                7   0   0   3      0x7      0xf
2480               lh_read                7   0   1   0      0x7      0xf
2480               lh_read                7   0   1   1      0x7      0xf
2480               lh_read                7   0   1   2      0x7      0xf
2480               lh_read                7   0   1   3      0x7      0xf
2480               lh_read                7   0   2   0      0x7      0xf
2480               lh_read                7   0   2   1      0x7      0xf
2480               lh_read                7   0   2   2      0x7      0xf
2480               lh_read                7   0   2   3      0x7      0xf
2480               lh_read                7   0   3   0      0x7      0xf
2480               lh_read                7   0   3   1      0x7      0xf
2480               lh_read                7   0   3   2      0x7      0xf
2480               lh_read                7   0   3   3      0x7      0xf
2482               lh_read                7   0   0   0      0x7     0x10
2482               lh_read                7   0   0   1      0x7     0x10
2482               lh_read                7   0   0   2      0x7     0x10
2482               lh_read                7   0   0   3      0x7     0x10
2482               lh_read                7   0   1   0      0x7     0x10
2482               lh_read                7   0   1   1      0x7     0x10
2482               lh_read                7   0   1   2      0x7     0x10
2482               lh_read                7   0   1   3      0x7     0x10
2482               lh_read                7   0   2   0      0x7     0x10
2482               lh_read                7   0   2   1      0x7     0x10
2482               lh_read                7   0   2   2      0x7     0x10
2482               lh_read                7   0   2   3      0x7     0x10
2482               lh_read                7   0   3   0      0x7     0x10
2482               lh_read                7   0   3   1      0x7     0x10
2482               lh_read                7   0   3   2      0x7     0x10
2482               lh_read                7   0   3   3      0x7     0x10
2484               lh_read                7   0   0   0      0x7     0x11
2484               lh_read                7   0   0   1      0x7     0x11
2484               lh_read                7   0   0   2      0x7     0x11
2484               lh_read                7   0   0   3      0x7     0x11
2484               lh_read                7   0   1   0      0x7     0x11
2484               lh_read                7   0   1   1      0x7     0x11
2484               lh_read                7   0   1   2      0x7     0x11
2484               lh_read                7   0   1   3      0x7     0x11
2484               lh_read                7   0   2   0      0x7     0x11
2484               lh_read                7   0   2   1      0x7     0x11
2484               lh_read                7   0   2   2      0x7     0x11
2484               lh_read                7   0   2   3      0x7     0x11
2484               lh_read                7   0   3   0      0x7     0x11
2484               lh_read                7   0   3   1      0x7     0x11
2484               lh_read                7   0   3   2      0x7     0x11
2484               lh_read                7   0   3   3      0x7     0x11
2486               lh_read                7   0   0   0      0x7     0x12
2486               lh_read                7   0   0   1      0x7     0x12
2486               lh_read                7   0   0   2      0x7     0x12
2486               lh_read                7   0   0   3      0x7     0x12
2486               lh_read                7   0   1   0      0x7     0x12
2486               lh_read                7   0   1   1      0x7     0x12
2486               lh_read                7   0   1   2      0x7     0x12
2486               lh_read                7   0   1   3      0x7     0x12
2486               lh_read                7   0   2   0      0x7     0x12
2486               lh_read                7   0   2   1      0x7     0x12
2486               lh_read                7   0   2   2      0x7     0x12
2486               lh_read                7   0   2   3      0x7     0x12
2486               lh_read                7   0   3   0      0x7     0x12
2486               lh_read                7   0   3   1      0x7     0x12
2486               lh_read                7   0   3   2      0x7     0x12
2486               lh_read                7   0   3   3      0x7     0x12
2488               lh_read                7   0   0   0      0x7     0x13
2488               lh_read                7   0   0   1      0x7     0x13
2488               lh_read                7   0   0   2      0x7     0x13
2488               lh_read                7   0   0   3      0x7     0x13
2488               lh_read                7   0   1   0      0x7     0x13
2488               lh_read                7   0   1   1      0x7     0x13
2488               lh_read                7   0   1   2      0x7     0x13
2488               lh_read                7   0   1   3      0x7     0x13
2488               lh_read                7   0   2   0      0x7     0x13
2488               lh_read                7   0   2   1      0x7     0x13
2488               lh_read                7   0   2   2      0x7     0x13
2488               lh_read                7   0   2   3      0x7     0x13
2488               lh_read                7   0   3   0      0x7     0x13
2488               lh_read                7   0   3   1      0x7     0x13
2488               lh_read                7   0   3   2      0x7     0x13
2488               lh_read                7   0   3   3      0x7     0x13
2490               lh_read                7   0   0   0      0x7     0x14
2490               lh_read                7   0   0   1      0x7     0x14
2490               lh_read                7   0   0   2      0x7     0x14
2490               lh_read                7   0   0   3      0x7     0x14
2490               lh_read                7   0   1   0      0x7     0x14
2490               lh_read                7   0   1   1      0x7     0x14
2490               lh_read                7   0   1   2      0x7     0x14
2490               lh_read                7   0   1   3      0x7     0x14
2490               lh_read                7   0   2   0      0x7     0x14
2490               lh_read                7   0   2   1      0x7     0x14
2490               lh_read                7   0   2   2      0x7     0x14
2490               lh_read                7   0   2   3      0x7     0x14
2490               lh_read                7   0   3   0      0x7     0x14
2490               lh_read                7   0   3   1      0x7     0x14
2490               lh_read                7   0   3   2      0x7     0x14
2490               lh_read                7   0   3   3      0x7     0x14
2492               lh_read                7   0   0   0      0x7     0x15
2492               lh_read                7   0   0   1      0x7     0x15
2492               lh_read                7   0   0   2      0x7     0x15
2492               lh_read                7   0   0   3      0x7     0x15
2492               lh_read                7   0   1   0      0x7     0x15
2492               lh_read                7   0   1   1      0x7     0x15
2492               lh_read                7   0   1   2      0x7     0x15
2492               lh_read                7   0   1   3      0x7     0x15
2492               lh_read                7   0   2   0      0x7     0x15
2492               lh_read                7   0   2   1      0x7     0x15
2492               lh_read                7   0   2   2      0x7     0x15
2492               lh_read                7   0   2   3      0x7     0x15
2492               lh_read                7   0   3   0      0x7     0x15
2492               lh_read                7   0   3   1      0x7     0x15
2492               lh_read                7   0   3   2      0x7     0x15
2492               lh_read                7   0   3   3      0x7     0x15
2494               lh_read                7   0   0   0      0x7     0x16
2494               lh_read                7   0   0   1      0x7     0x16
2494               lh_read                7   0   0   2      0x7     0x16
2494               lh_read                7   0   0   3      0x7     0x16
2494               lh_read                7   0   1   0      0x7     0x16
2494               lh_read                7   0   1   1      0x7     0x16
2494               lh_read                7   0   1   2      0x7     0x16
2494               lh_read                7   0   1   3      0x7     0x16
2494               lh_read                7   0   2   0      0x7     0x16
2494               lh_read                7   0   2   1      0x7     0x16
2494               lh_read                7   0   2   2      0x7     0x16
2494               lh_read                7   0   2   3      0x7     0x16
2494               lh_read                7   0   3   0      0x7     0x16
2494               lh_read                7   0   3   1      0x7     0x16
2494               lh_read                7   0   3   2      0x7     0x16
2494               lh_read                7   0   3   3      0x7     0x16
2496               lh_read                7   0   0   0      0x7     0x17
2496               lh_read                7   0   0   1      0x7     0x17
2496               lh_read                7   0   0   2      0x7     0x17
2496               lh_read                7   0   0   3      0x7     0x17
2496               lh_read                7   0   1   0      0x7     0x17
2496               lh_read                7   0   1   1      0x7     0x17
2496               lh_read                7   0   1   2      0x7     0x17
2496               lh_read                7   0   1   3      0x7     0x17
2496               lh_read                7   0   2   0      0x7     0x17
2496               lh_read                7   0   2   1      0x7     0x17
2496               lh_read                7   0   2   2      0x7     0x17
2496               lh_read                7   0   2   3      0x7     0x17
2496               lh_read                7   0   3   0      0x7     0x17
2496               lh_read                7   0   3   1      0x7     0x17
2496               lh_read                7   0   3   2      0x7     0x17
2496               lh_read                7   0   3   3      0x7     0x17
2498               lh_read                7   0   0   0      0x7     0x18
2498               lh_read                7   0   0   1      0x7     0x18
2498               lh_read                7   0   0   2      0x7     0x18
2498               lh_read                7   0   0   3      0x7     0x18
2498               lh_read                7   0   1   0      0x7     0x18
2498               lh_read                7   0   1   1      0x7     0x18
2498               lh_read                7   0   1   2      0x7     0x18
2498               lh_read                7   0   1   3      0x7     0x18
2498               lh_read                7   0   2   0      0x7     0x18
2498               lh_read                7   0   2   1      0x7     0x18
2498               lh_read                7   0   2   2      0x7     0x18
2498               lh_read                7   0   2   3      0x7     0x18
2498               lh_read                7   0   3   0      0x7     0x18
2498               lh_read                7   0   3   1      0x7     0x18
2498               lh_read                7   0   3   2      0x7     0x18
2498               lh_read                7   0   3   3      0x7     0x18
2500               lh_read                7   0   0   0      0x7     0x19
2500               lh_read                7   0   0   1      0x7     0x19
2500               lh_read                7   0   0   2      0x7     0x19
2500               lh_read                7   0   0   3      0x7     0x19
2500               lh_read                7   0   1   0      0x7     0x19
2500               lh_read                7   0   1   1      0x7     0x19
2500               lh_read                7   0   1   2      0x7     0x19
2500               lh_read                7   0   1   3      0x7     0x19
2500               lh_read                7   0   2   0      0x7     0x19
2500               lh_read                7   0   2   1      0x7     0x19
2500               lh_read                7   0   2   2      0x7     0x19
2500               lh_read                7   0   2   3      0x7     0x19
2500               lh_read                7   0   3   0      0x7     0x19
2500               lh_read                7   0   3   1      0x7     0x19
2500               lh_read                7   0   3   2      0x7     0x19
2500               lh_read                7   0   3   3      0x7     0x19
2502               lh_read                7   0   0   0      0x7     0x1a
2502               lh_read                7   0   0   1      0x7     0x1a
2502               lh_read                7   0   0   2      0x7     0x1a
2502               lh_read                7   0   0   3      0x7     0x1a
2502               lh_read                7   0   1   0      0x7     0x1a
2502               lh_read                7   0   1   1      0x7     0x1a
2502               lh_read                7   0   1   2      0x7     0x1a
2502               lh_read                7   0   1   3      0x7     0x1a
2502               lh_read                7   0   2   0      0x7     0x1a
2502               lh_read                7   0   2   1      0x7     0x1a
2502               lh_read                7   0   2   2      0x7     0x1a
2502               lh_read                7   0   2   3      0x7     0x1a
2502               lh_read                7   0   3   0      0x7     0x1a
2502               lh_read                7   0   3   1      0x7     0x1a
2502               lh_read                7   0   3   2      0x7     0x1a
2502               lh_read                7   0   3   3      0x7     0x1a
2504               lh_read                7   0   0   0      0x7     0x1b
2504               lh_read                7   0   0   1      0x7     0x1b
2504               lh_read                7   0   0   2      0x7     0x1b
2504               lh_read                7   0   0   3      0x7     0x1b
2504               lh_read                7   0   1   0      0x7     0x1b
2504               lh_read                7   0   1   1      0x7     0x1b
2504               lh_read                7   0   1   2      0x7     0x1b
2504               lh_read                7   0   1   3      0x7     0x1b
2504               lh_read                7   0   2   0      0x7     0x1b
2504               lh_read                7   0   2   1      0x7     0x1b
2504               lh_read                7   0   2   2      0x7     0x1b
2504               lh_read                7   0   2   3      0x7     0x1b
2504               lh_read                7   0   3   0      0x7     0x1b
2504               lh_read                7   0   3   1      0x7     0x1b
2504               lh_read                7   0   3   2      0x7     0x1b
2504               lh_read                7   0   3   3      0x7     0x1b
2506               lh_read                7   0   0   0      0x7     0x1c
2506               lh_read                7   0   0   1      0x7     0x1c
2506               lh_read                7   0   0   2      0x7     0x1c
2506               lh_read                7   0   0   3      0x7     0x1c
2506               lh_read                7   0   1   0      0x7     0x1c
2506               lh_read                7   0   1   1      0x7     0x1c
2506               lh_read                7   0   1   2      0x7     0x1c
2506               lh_read                7   0   1   3      0x7     0x1c
2506               lh_read                7   0   2   0      0x7     0x1c
2506               lh_read                7   0   2   1      0x7     0x1c
2506               lh_read                7   0   2   2      0x7     0x1c
2506               lh_read                7   0   2   3      0x7     0x1c
2506               lh_read                7   0   3   0      0x7     0x1c
2506               lh_read                7   0   3   1      0x7     0x1c
2506               lh_read                7   0   3   2      0x7     0x1c
2506               lh_read                7   0   3   3      0x7     0x1c
2508               lh_read                7   0   0   0      0x7     0x1d
2508               lh_read                7   0   0   1      0x7     0x1d
2508               lh_read                7   0   0   2      0x7     0x1d
2508               lh_read                7   0   0   3      0x7     0x1d
2508               lh_read                7   0   1   0      0x7     0x1d
2508               lh_read                7   0   1   1      0x7     0x1d
2508               lh_read                7   0   1   2      0x7     0x1d
2508               lh_read                7   0   1   3      0x7     0x1d
2508               lh_read                7   0   2   0      0x7     0x1d
2508               lh_read                7   0   2   1      0x7     0x1d
2508               lh_read                7   0   2   2      0x7     0x1d
2508               lh_read                7   0   2   3      0x7     0x1d
2508               lh_read                7   0   3   0      0x7     0x1d
2508               lh_read                7   0   3   1      0x7     0x1d
2508               lh_read                7   0   3   2      0x7     0x1d
2508               lh_read                7   0   3   3      0x7     0x1d
2510               lh_read                7   0   0   0      0x7     0x1e
2510               lh_read                7   0   0   1      0x7     0x1e
2510               lh_read                7   0   0   2      0x7     0x1e
2510               lh_read                7   0   0   3      0x7     0x1e
2510               lh_read                7   0   1   0      0x7     0x1e
2510               lh_read                7   0   1   1      0x7     0x1e
2510               lh_read                7   0   1   2      0x7     0x1e
2510               lh_read                7   0   1   3      0x7     0x1e
2510               lh_read                7   0   2   0      0x7     0x1e
2510               lh_read                7   0   2   1      0x7     0x1e
2510               lh_read                7   0   2   2      0x7     0x1e
2510               lh_read                7   0   2   3      0x7     0x1e
2510               lh_read                7   0   3   0      0x7     0x1e
2510               lh_read                7   0   3   1      0x7     0x1e
2510               lh_read                7   0   3   2      0x7     0x1e
2510               lh_read                7   0   3   3      0x7     0x1e
2512               lh_read_p              7   0   0   0      0x7     0x1f
2512               lh_read_p              7   0   0   1      0x7     0x1f
2512               lh_read_p              7   0   0   2      0x7     0x1f
2512               lh_read_p              7   0   0   3      0x7     0x1f
2512               lh_read_p              7   0   1   0      0x7     0x1f
2512               lh_read_p              7   0   1   1      0x7     0x1f
2512               lh_read_p              7   0   1   2      0x7     0x1f
2512               lh_read_p              7   0   1   3      0x7     0x1f
2512               lh_read_p              7   0   2   0      0x7     0x1f
2512               lh_read_p              7   0   2   1      0x7     0x1f
2512               lh_read_p              7   0   2   2      0x7     0x1f
2512               lh_read_p              7   0   2   3      0x7     0x1f
2512               lh_read_p              7   0   3   0      0x7     0x1f
2512               lh_read_p              7   0   3   1      0x7     0x1f
2512               lh_read_p              7   0   3   2      0x7     0x1f
2512               lh_read_p              7   0   3   3      0x7     0x1f
2531               pim_activate           7   0   0   0   0x199d      0x0
2545               pim_write              7   0   0   0   0x199d      0x0
2547               pim_write_p            7   0   0   0   0x199d      0x1
